unit_id,repository_path,accession,sha256,bytes,included_in_package,role,prepared_by
hiha_primary,data/derived/hiha_dc/human_immune_health_atlas_dc.with_recomputed_AIFI_L2_score.h5ad,nan,64b48e211170ac921165e4402300dce0ffdf5f6fae559ec1d6b890da8c9aaa13,1029873866,False,Model-visible HIHA object required by scope-aware aggregation and all model-facing stages,scripts/recompute_aifi_l2_score.py using the raw HIHA object and recorded CellTypist model
hiha_primary,data/raw/human_immune_health_atlas_dc.h5ad,https://allenimmunology.org/public/publication/download/84792154-cdfb-42d0-8e42-39e210e980b4/filesets/568ad40c-516a-4646-9426-bdcd7029c1f5/human_immune_health_atlas_dc.h5ad,6793e2fece11ebb695df2a4fff7c0d550b47512969221f31871bb0ae5bddc927,1029619163,False,Raw HIHA DC source object,Allen Institute Human Immune Health Atlas dendritic-cell subset
hiha_primary,data/models/celltypist/ref_pbmc_clean_celltypist_model_AIFI_L2_2024-04-19.pkl,https://allenimmunology.org/public/publication/download/84792154-cdfb-42d0-8e42-39e210e980b4/filesets/c5300f8b-f5ff-4010-9371-edc33d489143/ref_pbmc_clean_celltypist_model_AIFI_L2_2024-04-19.pkl,1f5d49bb85bf1fdff4936a6b250a4a24362ec5b58472a73d891f77f706e0eb10,289069,False,Model required to recreate the recomputed AIFI Level-2 confidence input,Allen Institute AIFI L2 CellTypist model used by scripts/recompute_aifi_l2_score.py
hiha_matched_reference,data/derived/hiha_dc/human_immune_health_atlas_dc.with_recomputed_AIFI_L2_score.h5ad,nan,64b48e211170ac921165e4402300dce0ffdf5f6fae559ec1d6b890da8c9aaa13,1029873866,False,Canonical processed HIHA object underlying the retained completed runs and metadata joins,scripts/recompute_aifi_l2_score.py from the declared raw HIHA object and CellTypist model
hiha_compatibility_sensitivity,data/derived/hiha_dc/human_immune_health_atlas_dc.with_recomputed_AIFI_L2_score.h5ad,nan,64b48e211170ac921165e4402300dce0ffdf5f6fae559ec1d6b890da8c9aaa13,1029873866,False,Canonical processed HIHA object underlying the retained completed runs and metadata joins,scripts/recompute_aifi_l2_score.py from the declared raw HIHA object and CellTypist model
hiha_matchability_attribution,data/derived/hiha_dc/human_immune_health_atlas_dc.with_recomputed_AIFI_L2_score.h5ad,nan,64b48e211170ac921165e4402300dce0ffdf5f6fae559ec1d6b890da8c9aaa13,1029873866,False,Canonical processed HIHA object underlying the retained completed runs and metadata joins,scripts/recompute_aifi_l2_score.py from the declared raw HIHA object and CellTypist model
hiha_parameter_and_calibration,data/derived/hiha_dc/human_immune_health_atlas_dc.with_recomputed_AIFI_L2_score.h5ad,nan,64b48e211170ac921165e4402300dce0ffdf5f6fae559ec1d6b890da8c9aaa13,1029873866,False,Canonical processed HIHA object underlying the retained completed runs and metadata joins,scripts/recompute_aifi_l2_score.py from the declared raw HIHA object and CellTypist model
hiha_prior_dependence,data/derived/hiha_dc/human_immune_health_atlas_dc.with_recomputed_AIFI_L2_score.h5ad,nan,64b48e211170ac921165e4402300dce0ffdf5f6fae559ec1d6b890da8c9aaa13,1029873866,False,Canonical processed HIHA object underlying the retained completed runs and metadata joins,scripts/recompute_aifi_l2_score.py from the declared raw HIHA object and CellTypist model
pbmc_primary,data/raw/kang_2018.h5ad,GSE96583; Figshare file 34464122,229d767ff229cda5b8ec335ead831ef9eee3908bd763055515ce25874428deff,123669441,False,canonical analyzed PBMC object,retained PBMC pipeline artifact
pbmc_primary,results/submission_verification/PBMC/2026-08-03/pbmc_primary_lineage_reconstruction/regenerated/runs/pbmc_ifnb_b_cells_stim_seed1_taumin0p5_taumax1_alpha4_coreot_full/derived/incomplete_reference/processed_expression.npz,nan,cccf96de5df0fe4d1b8f950597500192c1d16d8d3d4e732ae5edd1393ae8f296,42479887,False,reconstructed processed expression,isolated PBMC lineage reconstruction
pbmc_primary,results/submission_verification/PBMC/2026-08-03/pbmc_primary_lineage_reconstruction/regenerated/runs/pbmc_ifnb_b_cells_stim_seed1_taumin0p5_taumax1_alpha4_coreot_full/derived/incomplete_reference/prior_profiles/default/source_priors.csv,nan,fec193400569fdfadafc04bf52fbcec5ae0ab5c9f28e1b704885f19f41c8b818,229462,False,reconstructed query priors,isolated PBMC lineage reconstruction
pbmc_primary,results/submission_verification/PBMC/2026-08-03/pbmc_primary_lineage_reconstruction/regenerated/runs/pbmc_ifnb_b_cells_stim_seed1_taumin0p5_taumax1_alpha4_coreot_full/derived/incomplete_reference/prior_profiles/default/target_priors.csv,nan,1bd6ff9dc1621b360f236b271ee1308a394e24da26be1a66bb66ebe7ef96f6c0,273639,False,reconstructed reference priors,isolated PBMC lineage reconstruction
pbmc_primary,results/submission_verification/PBMC/2026-08-03/pbmc_primary_lineage_reconstruction/regenerated/runs/pbmc_ifnb_b_cells_stim_seed1_taumin0p5_taumax1_alpha4_coreot_full/embeddings/incomplete_reference/pca30/embedding.npy,nan,66e726e6a7fcf5b4c4ded56025d0708c2ee17d95781179aa9eb92af502047033,1963808,False,reconstructed PCA embedding,isolated PBMC lineage reconstruction
pbmc_primary,results/submission_verification/PBMC/2026-08-03/pbmc_primary_lineage_reconstruction/regenerated/runs/pbmc_ifnb_b_cells_stim_seed1_taumin0p5_taumax1_alpha4_coreot_full/embeddings/incomplete_reference/pca30/embedding_2d.npy,nan,714ff008587bba065b85251f3490e295c41a8e62bde8353d1d846736a86002ef,131040,False,reconstructed two-dimensional PCA view,isolated PBMC lineage reconstruction
pbmc_primary,results/submission_verification/PBMC/2026-08-03/pbmc_primary_lineage_reconstruction/regenerated/runs/pbmc_ifnb_b_cells_stim_seed1_taumin0p5_taumax1_alpha4_coreot_full/candidates/incomplete_reference/pca30_k100/candidate_edges.parquet,nan,e4adbb163c2eed36413cf6015e881d5ee427d5ce8ef9c67f6b98a5c400870d6f,13018910,False,reconstructed candidate graph,isolated PBMC lineage reconstruction
pbmc_primary,results/submission_verification/PBMC/2026-08-03/pbmc_primary_lineage_reconstruction/regenerated/runs/pbmc_ifnb_b_cells_stim_seed1_taumin0p5_taumax1_alpha4_coreot_full/candidates/incomplete_reference/pca30_k100/cost_arrays.npz,nan,fa0c3b4cff33996260d4210022081023c3b7962fa38fd29acf3efb2b003565c1,10616829,False,reconstructed candidate costs,isolated PBMC lineage reconstruction
pbmc_primary,results/submission_verification/PBMC/2026-08-03/pbmc_primary_lineage_reconstruction/regenerated/runs/pbmc_ifnb_b_cells_stim_seed1_taumin0p5_taumax1_alpha4_coreot_full/transport/incomplete_reference/pca30_k100/balanced_ot/cell_transport_scores.parquet,nan,812eaaf205d9b9d039f6fa56c020f1e46bfbbfb50d761439c7ce088aedf5a752,97892,False,reconstructed per-method transport scores,isolated PBMC lineage reconstruction
pbmc_primary,results/submission_verification/PBMC/2026-08-03/pbmc_primary_lineage_reconstruction/regenerated/runs/pbmc_ifnb_b_cells_stim_seed1_taumin0p5_taumax1_alpha4_coreot_full/transport/incomplete_reference/pca30_k100/coreot_full/cell_transport_scores.parquet,nan,e2cf8cca61c4382542253cf839ecb64e6cf62f9afde032ba34d8ce368f0a9a28,132808,False,reconstructed per-method transport scores,isolated PBMC lineage reconstruction
pbmc_primary,results/submission_verification/PBMC/2026-08-03/pbmc_primary_lineage_reconstruction/regenerated/runs/pbmc_ifnb_b_cells_stim_seed1_taumin0p5_taumax1_alpha4_coreot_full/transport/incomplete_reference/pca30_k100/coreot_match_only/cell_transport_scores.parquet,nan,ee0f0d137577c6b907a70321078ba4d58ec8cd851bf37c94733fc2e22a8b808f,143366,False,reconstructed per-method transport scores,isolated PBMC lineage reconstruction
pbmc_primary,results/submission_verification/PBMC/2026-08-03/pbmc_primary_lineage_reconstruction/regenerated/runs/pbmc_ifnb_b_cells_stim_seed1_taumin0p5_taumax1_alpha4_coreot_full/transport/incomplete_reference/pca30_k100/nn/cell_transport_scores.parquet,nan,4f8ae6b48986061d1791944ded903148780e8fb3e8e4454be28436d57f4afa39,54528,False,reconstructed per-method transport scores,isolated PBMC lineage reconstruction
pbmc_primary,results/submission_verification/PBMC/2026-08-03/pbmc_primary_lineage_reconstruction/regenerated/runs/pbmc_ifnb_b_cells_stim_seed1_taumin0p5_taumax1_alpha4_coreot_full/transport/incomplete_reference/pca30_k100/prior_only/cell_transport_scores.parquet,nan,47061365614a13df5cf306642e96436d491f836935dfcdc2d3d84b52510a6f1f,27874,False,reconstructed per-method transport scores,isolated PBMC lineage reconstruction
pbmc_primary,results/submission_verification/PBMC/2026-08-03/pbmc_primary_lineage_reconstruction/regenerated/runs/pbmc_ifnb_b_cells_stim_seed1_taumin0p5_taumax1_alpha4_coreot_full/transport/incomplete_reference/pca30_k100/uniform_uot/cell_transport_scores.parquet,nan,5ca31ea3b6b16e8a148d2b236c0494be32430f6d9bb550dd242b584f9cce6dd7,142193,False,reconstructed per-method transport scores,isolated PBMC lineage reconstruction
pbmc_primary,results/submission_verification/PBMC/2026-08-03/pbmc_primary_lineage_reconstruction/regenerated/runs/pbmc_ifnb_b_cells_stim_seed1_taumin0p5_taumax1_alpha4_coreot_full/derived/full_reference_control/processed_expression.npz,nan,bbccedbffff4d9d71d6b0f50e2abff1718992fdf893d63635f1709878bd54756,44961829,False,reconstructed processed expression,isolated PBMC lineage reconstruction
pbmc_primary,results/submission_verification/PBMC/2026-08-03/pbmc_primary_lineage_reconstruction/regenerated/runs/pbmc_ifnb_b_cells_stim_seed1_taumin0p5_taumax1_alpha4_coreot_full/derived/full_reference_control/prior_profiles/default/source_priors.csv,nan,fec193400569fdfadafc04bf52fbcec5ae0ab5c9f28e1b704885f19f41c8b818,229462,False,reconstructed query priors,isolated PBMC lineage reconstruction
pbmc_primary,results/submission_verification/PBMC/2026-08-03/pbmc_primary_lineage_reconstruction/regenerated/runs/pbmc_ifnb_b_cells_stim_seed1_taumin0p5_taumax1_alpha4_coreot_full/derived/full_reference_control/prior_profiles/default/target_priors.csv,nan,e8a4e66a6f8d182826843da364088bee11a1d3a1343e5045e84a049a9c8b97ae,293568,False,reconstructed reference priors,isolated PBMC lineage reconstruction
pbmc_primary,results/submission_verification/PBMC/2026-08-03/pbmc_primary_lineage_reconstruction/regenerated/runs/pbmc_ifnb_b_cells_stim_seed1_taumin0p5_taumax1_alpha4_coreot_full/embeddings/full_reference_control/pca30/embedding.npy,nan,8aabb8e98d077afb92ead4cf1affca8337b486a27f8186eb386436c451163d09,2086448,False,reconstructed PCA embedding,isolated PBMC lineage reconstruction
pbmc_primary,results/submission_verification/PBMC/2026-08-03/pbmc_primary_lineage_reconstruction/regenerated/runs/pbmc_ifnb_b_cells_stim_seed1_taumin0p5_taumax1_alpha4_coreot_full/embeddings/full_reference_control/pca30/embedding_2d.npy,nan,c916a1a1cdd33ef9059389b9d749493a0286860754994bbbc10f83ac413a8281,139216,False,reconstructed two-dimensional PCA view,isolated PBMC lineage reconstruction
pbmc_primary,results/submission_verification/PBMC/2026-08-03/pbmc_primary_lineage_reconstruction/regenerated/runs/pbmc_ifnb_b_cells_stim_seed1_taumin0p5_taumax1_alpha4_coreot_full/candidates/full_reference_control/pca30_k100/candidate_edges.parquet,nan,27f85a0f3a3ca96b1960dbcb189b13bfe67f6828213479775521bb1a0a9a59a6,13707091,False,reconstructed candidate graph,isolated PBMC lineage reconstruction
pbmc_primary,results/submission_verification/PBMC/2026-08-03/pbmc_primary_lineage_reconstruction/regenerated/runs/pbmc_ifnb_b_cells_stim_seed1_taumin0p5_taumax1_alpha4_coreot_full/candidates/full_reference_control/pca30_k100/cost_arrays.npz,nan,bb4fb1f08949d5781a12684e366d1cc5b5e517e9706422e306a3cde1673e9186,11201915,False,reconstructed candidate costs,isolated PBMC lineage reconstruction
pbmc_primary,results/submission_verification/PBMC/2026-08-03/pbmc_primary_lineage_reconstruction/regenerated/runs/pbmc_ifnb_b_cells_stim_seed1_taumin0p5_taumax1_alpha4_coreot_full/transport/full_reference_control/pca30_k100/balanced_ot/cell_transport_scores.parquet,nan,212304caeda63efa76c02ee17aaaaee22ccbf77df91b14467f3fc299d22a46c6,98424,False,reconstructed per-method transport scores,isolated PBMC lineage reconstruction
pbmc_primary,results/submission_verification/PBMC/2026-08-03/pbmc_primary_lineage_reconstruction/regenerated/runs/pbmc_ifnb_b_cells_stim_seed1_taumin0p5_taumax1_alpha4_coreot_full/transport/full_reference_control/pca30_k100/coreot_full/cell_transport_scores.parquet,nan,f0c968afb42b859000c8c156e3e078f27f9877e2f816bd15bbdeb4f742b1109a,132599,False,reconstructed per-method transport scores,isolated PBMC lineage reconstruction
pbmc_primary,results/submission_verification/PBMC/2026-08-03/pbmc_primary_lineage_reconstruction/regenerated/runs/pbmc_ifnb_b_cells_stim_seed1_taumin0p5_taumax1_alpha4_coreot_full/transport/full_reference_control/pca30_k100/coreot_match_only/cell_transport_scores.parquet,nan,65f6cbbb77868d3d9ced3ac18505abf3fdc29631b350b9f0494da923ff3d72c3,143367,False,reconstructed per-method transport scores,isolated PBMC lineage reconstruction
pbmc_primary,results/submission_verification/PBMC/2026-08-03/pbmc_primary_lineage_reconstruction/regenerated/runs/pbmc_ifnb_b_cells_stim_seed1_taumin0p5_taumax1_alpha4_coreot_full/transport/full_reference_control/pca30_k100/nn/cell_transport_scores.parquet,nan,19b5010027b8f760ad3d0323cb88f05cceebfe171859ff074afd072ec8e657ab,54538,False,reconstructed per-method transport scores,isolated PBMC lineage reconstruction
pbmc_primary,results/submission_verification/PBMC/2026-08-03/pbmc_primary_lineage_reconstruction/regenerated/runs/pbmc_ifnb_b_cells_stim_seed1_taumin0p5_taumax1_alpha4_coreot_full/transport/full_reference_control/pca30_k100/prior_only/cell_transport_scores.parquet,nan,289c47e854ebddaaab1f92701ba3e617ea86e4c9be448ab0fc47ad82a7699a14,27884,False,reconstructed per-method transport scores,isolated PBMC lineage reconstruction
pbmc_primary,results/submission_verification/PBMC/2026-08-03/pbmc_primary_lineage_reconstruction/regenerated/runs/pbmc_ifnb_b_cells_stim_seed1_taumin0p5_taumax1_alpha4_coreot_full/transport/full_reference_control/pca30_k100/uniform_uot/cell_transport_scores.parquet,nan,2d811d3d91312866e60f6f2d5941600f1cbb55e20cc3535dc9ce59ef6988dacd,141690,False,reconstructed per-method transport scores,isolated PBMC lineage reconstruction
pbmc_primary,results/submission_verification/PBMC/2026-08-03/pbmc_primary_lineage_reconstruction/regenerated/runs/pbmc_ifnb_b_cells_stim_seed2_taumin0p5_taumax1_alpha4_coreot_full/derived/incomplete_reference/processed_expression.npz,nan,215ca422b5fe23c107d397e1dedd6bf6541b31b0dc6053a7c3b06b31437aeb67,43984782,False,reconstructed processed expression,isolated PBMC lineage reconstruction
pbmc_primary,results/submission_verification/PBMC/2026-08-03/pbmc_primary_lineage_reconstruction/regenerated/runs/pbmc_ifnb_b_cells_stim_seed2_taumin0p5_taumax1_alpha4_coreot_full/derived/incomplete_reference/prior_profiles/default/source_priors.csv,nan,c693f05912f98400d274b05155e3d28033f7278c28f80d276dacf72c69036958,256432,False,reconstructed query priors,isolated PBMC lineage reconstruction
pbmc_primary,results/submission_verification/PBMC/2026-08-03/pbmc_primary_lineage_reconstruction/regenerated/runs/pbmc_ifnb_b_cells_stim_seed2_taumin0p5_taumax1_alpha4_coreot_full/derived/incomplete_reference/prior_profiles/default/target_priors.csv,nan,7cc47bc5064fdefd151aa7df8764b70a523cadc90b26a42e032c70f4abdb03b6,277427,False,reconstructed reference priors,isolated PBMC lineage reconstruction
pbmc_primary,results/submission_verification/PBMC/2026-08-03/pbmc_primary_lineage_reconstruction/regenerated/runs/pbmc_ifnb_b_cells_stim_seed2_taumin0p5_taumax1_alpha4_coreot_full/embeddings/incomplete_reference/pca30/embedding.npy,nan,c6520477f66f70066f519ef2be4863d20bf540926839f023cac30bc2e862b411,2049488,False,reconstructed PCA embedding,isolated PBMC lineage reconstruction
pbmc_primary,results/submission_verification/PBMC/2026-08-03/pbmc_primary_lineage_reconstruction/regenerated/runs/pbmc_ifnb_b_cells_stim_seed2_taumin0p5_taumax1_alpha4_coreot_full/embeddings/incomplete_reference/pca30/embedding_2d.npy,nan,1cf737a5343ecb591b4e9e7d037505ab48b063fd0faa25944e59a606c3243e40,136752,False,reconstructed two-dimensional PCA view,isolated PBMC lineage reconstruction
pbmc_primary,results/submission_verification/PBMC/2026-08-03/pbmc_primary_lineage_reconstruction/regenerated/runs/pbmc_ifnb_b_cells_stim_seed2_taumin0p5_taumax1_alpha4_coreot_full/candidates/incomplete_reference/pca30_k100/candidate_edges.parquet,nan,ec074c051b830aa2ba24564156d132d2c313d84a3b6eada20047087191a58218,13418189,False,reconstructed candidate graph,isolated PBMC lineage reconstruction
pbmc_primary,results/submission_verification/PBMC/2026-08-03/pbmc_primary_lineage_reconstruction/regenerated/runs/pbmc_ifnb_b_cells_stim_seed2_taumin0p5_taumax1_alpha4_coreot_full/candidates/incomplete_reference/pca30_k100/cost_arrays.npz,nan,58589dda923491e8a9ec67d58eb9544d040975040eeb7cb76ca64661b2c19a3d,10966425,False,reconstructed candidate costs,isolated PBMC lineage reconstruction
pbmc_primary,results/submission_verification/PBMC/2026-08-03/pbmc_primary_lineage_reconstruction/regenerated/runs/pbmc_ifnb_b_cells_stim_seed2_taumin0p5_taumax1_alpha4_coreot_full/transport/incomplete_reference/pca30_k100/balanced_ot/cell_transport_scores.parquet,nan,527d3739f9a32830cc97350184abf9ef7ad78931c28273c6ab61d3c4fc07d45c,110037,False,reconstructed per-method transport scores,isolated PBMC lineage reconstruction
pbmc_primary,results/submission_verification/PBMC/2026-08-03/pbmc_primary_lineage_reconstruction/regenerated/runs/pbmc_ifnb_b_cells_stim_seed2_taumin0p5_taumax1_alpha4_coreot_full/transport/incomplete_reference/pca30_k100/coreot_full/cell_transport_scores.parquet,nan,2ed75c7b7c37c6d6a87a3a8c58c74fb7562c7d2dc24ca87ab8c862e68b122bf6,144803,False,reconstructed per-method transport scores,isolated PBMC lineage reconstruction
pbmc_primary,results/submission_verification/PBMC/2026-08-03/pbmc_primary_lineage_reconstruction/regenerated/runs/pbmc_ifnb_b_cells_stim_seed2_taumin0p5_taumax1_alpha4_coreot_full/transport/incomplete_reference/pca30_k100/coreot_match_only/cell_transport_scores.parquet,nan,8a650324f0342c5929ad901944b248365849ff2a25db52938a3361b2137949f9,162211,False,reconstructed per-method transport scores,isolated PBMC lineage reconstruction
pbmc_primary,results/submission_verification/PBMC/2026-08-03/pbmc_primary_lineage_reconstruction/regenerated/runs/pbmc_ifnb_b_cells_stim_seed2_taumin0p5_taumax1_alpha4_coreot_full/transport/incomplete_reference/pca30_k100/nn/cell_transport_scores.parquet,nan,5bb7bc5d8169fc270faf978d3dd58b2a96a9cefc7165480fb94a770faa71f369,60188,False,reconstructed per-method transport scores,isolated PBMC lineage reconstruction
pbmc_primary,results/submission_verification/PBMC/2026-08-03/pbmc_primary_lineage_reconstruction/regenerated/runs/pbmc_ifnb_b_cells_stim_seed2_taumin0p5_taumax1_alpha4_coreot_full/transport/incomplete_reference/pca30_k100/prior_only/cell_transport_scores.parquet,nan,13e29f2aba6a24eeb098ece3cedc91e506d12f314b8d77350bacc3d87890b2cb,31245,False,reconstructed per-method transport scores,isolated PBMC lineage reconstruction
pbmc_primary,results/submission_verification/PBMC/2026-08-03/pbmc_primary_lineage_reconstruction/regenerated/runs/pbmc_ifnb_b_cells_stim_seed2_taumin0p5_taumax1_alpha4_coreot_full/transport/incomplete_reference/pca30_k100/uniform_uot/cell_transport_scores.parquet,nan,266e7e2ffe40dd409de540d6f373de89b8fd55abd9469b4f83f266d6c00387eb,159934,False,reconstructed per-method transport scores,isolated PBMC lineage reconstruction
pbmc_primary,results/submission_verification/PBMC/2026-08-03/pbmc_primary_lineage_reconstruction/regenerated/runs/pbmc_ifnb_b_cells_stim_seed2_taumin0p5_taumax1_alpha4_coreot_full/derived/full_reference_control/processed_expression.npz,nan,8076fed9c546405beb578fefbb73760053db7ec3c2a499a1313d17b3567a239b,46390515,False,reconstructed processed expression,isolated PBMC lineage reconstruction
pbmc_primary,results/submission_verification/PBMC/2026-08-03/pbmc_primary_lineage_reconstruction/regenerated/runs/pbmc_ifnb_b_cells_stim_seed2_taumin0p5_taumax1_alpha4_coreot_full/derived/full_reference_control/prior_profiles/default/source_priors.csv,nan,c693f05912f98400d274b05155e3d28033f7278c28f80d276dacf72c69036958,256432,False,reconstructed query priors,isolated PBMC lineage reconstruction
pbmc_primary,results/submission_verification/PBMC/2026-08-03/pbmc_primary_lineage_reconstruction/regenerated/runs/pbmc_ifnb_b_cells_stim_seed2_taumin0p5_taumax1_alpha4_coreot_full/derived/full_reference_control/prior_profiles/default/target_priors.csv,nan,fd5f556a1b851cebfe0d51c6636e5a6c461ace1d254035c72974482d1759a766,296849,False,reconstructed reference priors,isolated PBMC lineage reconstruction
pbmc_primary,results/submission_verification/PBMC/2026-08-03/pbmc_primary_lineage_reconstruction/regenerated/runs/pbmc_ifnb_b_cells_stim_seed2_taumin0p5_taumax1_alpha4_coreot_full/embeddings/full_reference_control/pca30/embedding.npy,nan,187cc84b085c46bba724d61cf5b51bd78035ee397afac64ceeaf2149e197085c,2169008,False,reconstructed PCA embedding,isolated PBMC lineage reconstruction
pbmc_primary,results/submission_verification/PBMC/2026-08-03/pbmc_primary_lineage_reconstruction/regenerated/runs/pbmc_ifnb_b_cells_stim_seed2_taumin0p5_taumax1_alpha4_coreot_full/embeddings/full_reference_control/pca30/embedding_2d.npy,nan,cebe84bc81dc47342df453f53b16cf1ccb9d145aaf77e5cf79979e5531a06609,144720,False,reconstructed two-dimensional PCA view,isolated PBMC lineage reconstruction
pbmc_primary,results/submission_verification/PBMC/2026-08-03/pbmc_primary_lineage_reconstruction/regenerated/runs/pbmc_ifnb_b_cells_stim_seed2_taumin0p5_taumax1_alpha4_coreot_full/candidates/full_reference_control/pca30_k100/candidate_edges.parquet,nan,d9b4e862820bb418b0b69c35544bc987a40554074b01048140c4aa1c5804b235,14063095,False,reconstructed candidate graph,isolated PBMC lineage reconstruction
pbmc_primary,results/submission_verification/PBMC/2026-08-03/pbmc_primary_lineage_reconstruction/regenerated/runs/pbmc_ifnb_b_cells_stim_seed2_taumin0p5_taumax1_alpha4_coreot_full/candidates/full_reference_control/pca30_k100/cost_arrays.npz,nan,ab60a57455153593b381145038ddd25207ccad3b0da1e544209d480dc11b1861,11520889,False,reconstructed candidate costs,isolated PBMC lineage reconstruction
pbmc_primary,results/submission_verification/PBMC/2026-08-03/pbmc_primary_lineage_reconstruction/regenerated/runs/pbmc_ifnb_b_cells_stim_seed2_taumin0p5_taumax1_alpha4_coreot_full/transport/full_reference_control/pca30_k100/balanced_ot/cell_transport_scores.parquet,nan,b4efca2d243584f8c0441a181b7c9b8e5f22806d71cba6acd9c0630cad0e3e31,109800,False,reconstructed per-method transport scores,isolated PBMC lineage reconstruction
pbmc_primary,results/submission_verification/PBMC/2026-08-03/pbmc_primary_lineage_reconstruction/regenerated/runs/pbmc_ifnb_b_cells_stim_seed2_taumin0p5_taumax1_alpha4_coreot_full/transport/full_reference_control/pca30_k100/coreot_full/cell_transport_scores.parquet,nan,8058f31e61b404df5545f5dfcfb04581fd77c0c71bf1bec0f1401bf9796a1647,143617,False,reconstructed per-method transport scores,isolated PBMC lineage reconstruction
pbmc_primary,results/submission_verification/PBMC/2026-08-03/pbmc_primary_lineage_reconstruction/regenerated/runs/pbmc_ifnb_b_cells_stim_seed2_taumin0p5_taumax1_alpha4_coreot_full/transport/full_reference_control/pca30_k100/coreot_match_only/cell_transport_scores.parquet,nan,cb4ee7409ca53bf2216590e0178195e1fa19f276d1f0d0eee5d54041a641a0de,162124,False,reconstructed per-method transport scores,isolated PBMC lineage reconstruction
pbmc_primary,results/submission_verification/PBMC/2026-08-03/pbmc_primary_lineage_reconstruction/regenerated/runs/pbmc_ifnb_b_cells_stim_seed2_taumin0p5_taumax1_alpha4_coreot_full/transport/full_reference_control/pca30_k100/nn/cell_transport_scores.parquet,nan,19bae2dcc5786bdd983b79b996fff533d3bc8988fdc2a503a997f81d11ec51fb,60198,False,reconstructed per-method transport scores,isolated PBMC lineage reconstruction
pbmc_primary,results/submission_verification/PBMC/2026-08-03/pbmc_primary_lineage_reconstruction/regenerated/runs/pbmc_ifnb_b_cells_stim_seed2_taumin0p5_taumax1_alpha4_coreot_full/transport/full_reference_control/pca30_k100/prior_only/cell_transport_scores.parquet,nan,a60a5c7ce893fe362fc170b5ea97def2bcd0e31393215c85ef5d9879bb87516e,31255,False,reconstructed per-method transport scores,isolated PBMC lineage reconstruction
pbmc_primary,results/submission_verification/PBMC/2026-08-03/pbmc_primary_lineage_reconstruction/regenerated/runs/pbmc_ifnb_b_cells_stim_seed2_taumin0p5_taumax1_alpha4_coreot_full/transport/full_reference_control/pca30_k100/uniform_uot/cell_transport_scores.parquet,nan,17f6bf9b57467e3caa2400903357b602bc4155fd52053511d517959b54e5f1d5,159841,False,reconstructed per-method transport scores,isolated PBMC lineage reconstruction
pbmc_primary,results/submission_verification/PBMC/2026-08-03/pbmc_primary_lineage_reconstruction/regenerated/runs/pbmc_ifnb_b_cells_stim_seed3_taumin0p5_taumax1_alpha4_coreot_full/derived/incomplete_reference/processed_expression.npz,nan,6dfe52677a8a4ce1371b9bab587982a9f2f5dd874dfb3095a4fc2e4c9349096b,44337559,False,reconstructed processed expression,isolated PBMC lineage reconstruction
pbmc_primary,results/submission_verification/PBMC/2026-08-03/pbmc_primary_lineage_reconstruction/regenerated/runs/pbmc_ifnb_b_cells_stim_seed3_taumin0p5_taumax1_alpha4_coreot_full/derived/incomplete_reference/prior_profiles/default/source_priors.csv,nan,374e903fca0ceb0b4ce06595bbfe4117a5f60f84e0c85e6db44740d0414535b3,271062,False,reconstructed query priors,isolated PBMC lineage reconstruction
pbmc_primary,results/submission_verification/PBMC/2026-08-03/pbmc_primary_lineage_reconstruction/regenerated/runs/pbmc_ifnb_b_cells_stim_seed3_taumin0p5_taumax1_alpha4_coreot_full/derived/incomplete_reference/prior_profiles/default/target_priors.csv,nan,c558d23214cd67fe067ab1738b7feeffee4719b0998305c947e4f0a26f63af33,271928,False,reconstructed reference priors,isolated PBMC lineage reconstruction
pbmc_primary,results/submission_verification/PBMC/2026-08-03/pbmc_primary_lineage_reconstruction/regenerated/runs/pbmc_ifnb_b_cells_stim_seed3_taumin0p5_taumax1_alpha4_coreot_full/embeddings/incomplete_reference/pca30/embedding.npy,nan,bccc74ffcf4aced04031878fb6e7764f5f3b32184c48646f94aeab050690e105,2062208,False,reconstructed PCA embedding,isolated PBMC lineage reconstruction
pbmc_primary,results/submission_verification/PBMC/2026-08-03/pbmc_primary_lineage_reconstruction/regenerated/runs/pbmc_ifnb_b_cells_stim_seed3_taumin0p5_taumax1_alpha4_coreot_full/embeddings/incomplete_reference/pca30/embedding_2d.npy,nan,9b9bcb01f3b5a37de7d0229a903b0a2151f47d44d10f4076cf109163e322f310,137600,False,reconstructed two-dimensional PCA view,isolated PBMC lineage reconstruction
pbmc_primary,results/submission_verification/PBMC/2026-08-03/pbmc_primary_lineage_reconstruction/regenerated/runs/pbmc_ifnb_b_cells_stim_seed3_taumin0p5_taumax1_alpha4_coreot_full/candidates/incomplete_reference/pca30_k100/candidate_edges.parquet,nan,7a3e5c2e5622103ab1193a32cf1939b2567fc981fb3b2ae741556bc9ffca42f8,13306572,False,reconstructed candidate graph,isolated PBMC lineage reconstruction
pbmc_primary,results/submission_verification/PBMC/2026-08-03/pbmc_primary_lineage_reconstruction/regenerated/runs/pbmc_ifnb_b_cells_stim_seed3_taumin0p5_taumax1_alpha4_coreot_full/candidates/incomplete_reference/pca30_k100/cost_arrays.npz,nan,f02ac022979f0ccd42e7ade6f543d2d87a85f4149b18a407d4c3578ca9406574,10873272,False,reconstructed candidate costs,isolated PBMC lineage reconstruction
pbmc_primary,results/submission_verification/PBMC/2026-08-03/pbmc_primary_lineage_reconstruction/regenerated/runs/pbmc_ifnb_b_cells_stim_seed3_taumin0p5_taumax1_alpha4_coreot_full/transport/incomplete_reference/pca30_k100/balanced_ot/cell_transport_scores.parquet,nan,2bdcdd60b63560d872617eaede55ab16a1b0da97f89dfa0e0f48d9eb17dacbba,114182,False,reconstructed per-method transport scores,isolated PBMC lineage reconstruction
pbmc_primary,results/submission_verification/PBMC/2026-08-03/pbmc_primary_lineage_reconstruction/regenerated/runs/pbmc_ifnb_b_cells_stim_seed3_taumin0p5_taumax1_alpha4_coreot_full/transport/incomplete_reference/pca30_k100/coreot_full/cell_transport_scores.parquet,nan,74f302aef4888cf93a89997bccf4d9f9fa0e169b295e30e7f6ba850563bdcdc5,151266,False,reconstructed per-method transport scores,isolated PBMC lineage reconstruction
pbmc_primary,results/submission_verification/PBMC/2026-08-03/pbmc_primary_lineage_reconstruction/regenerated/runs/pbmc_ifnb_b_cells_stim_seed3_taumin0p5_taumax1_alpha4_coreot_full/transport/incomplete_reference/pca30_k100/coreot_match_only/cell_transport_scores.parquet,nan,284f0ef346c90252124cf45980a08da3e83899fd24003e38d46e0c8523cd8f72,168661,False,reconstructed per-method transport scores,isolated PBMC lineage reconstruction
pbmc_primary,results/submission_verification/PBMC/2026-08-03/pbmc_primary_lineage_reconstruction/regenerated/runs/pbmc_ifnb_b_cells_stim_seed3_taumin0p5_taumax1_alpha4_coreot_full/transport/incomplete_reference/pca30_k100/nn/cell_transport_scores.parquet,nan,b40ad3e4d986e726c2406ffb897e7bed1956563ed827ed7ad9a37624ddeacd13,62527,False,reconstructed per-method transport scores,isolated PBMC lineage reconstruction
pbmc_primary,results/submission_verification/PBMC/2026-08-03/pbmc_primary_lineage_reconstruction/regenerated/runs/pbmc_ifnb_b_cells_stim_seed3_taumin0p5_taumax1_alpha4_coreot_full/transport/incomplete_reference/pca30_k100/prior_only/cell_transport_scores.parquet,nan,e9c200a9f2d93b5017c6eb10830687a3cd86f1e297431689a43c884dbb2ebd1b,31844,False,reconstructed per-method transport scores,isolated PBMC lineage reconstruction
pbmc_primary,results/submission_verification/PBMC/2026-08-03/pbmc_primary_lineage_reconstruction/regenerated/runs/pbmc_ifnb_b_cells_stim_seed3_taumin0p5_taumax1_alpha4_coreot_full/transport/incomplete_reference/pca30_k100/uniform_uot/cell_transport_scores.parquet,nan,c5508c9fa51f6b6952f01373a4c2db7a99bb0712b1f887b41382636c4d897c43,166687,False,reconstructed per-method transport scores,isolated PBMC lineage reconstruction
pbmc_primary,results/submission_verification/PBMC/2026-08-03/pbmc_primary_lineage_reconstruction/regenerated/runs/pbmc_ifnb_b_cells_stim_seed3_taumin0p5_taumax1_alpha4_coreot_full/derived/full_reference_control/processed_expression.npz,nan,4510b3c16194f0677105e1c6f33db4ca0ebd393e8640a2ece6129a2b0bf05878,46676952,False,reconstructed processed expression,isolated PBMC lineage reconstruction
pbmc_primary,results/submission_verification/PBMC/2026-08-03/pbmc_primary_lineage_reconstruction/regenerated/runs/pbmc_ifnb_b_cells_stim_seed3_taumin0p5_taumax1_alpha4_coreot_full/derived/full_reference_control/prior_profiles/default/source_priors.csv,nan,374e903fca0ceb0b4ce06595bbfe4117a5f60f84e0c85e6db44740d0414535b3,271062,False,reconstructed query priors,isolated PBMC lineage reconstruction
pbmc_primary,results/submission_verification/PBMC/2026-08-03/pbmc_primary_lineage_reconstruction/regenerated/runs/pbmc_ifnb_b_cells_stim_seed3_taumin0p5_taumax1_alpha4_coreot_full/derived/full_reference_control/prior_profiles/default/target_priors.csv,nan,c630d476d51353169f3ad8b56af66d32bf77d5410d1f8b796b0a4767963e92e7,290609,False,reconstructed reference priors,isolated PBMC lineage reconstruction
pbmc_primary,results/submission_verification/PBMC/2026-08-03/pbmc_primary_lineage_reconstruction/regenerated/runs/pbmc_ifnb_b_cells_stim_seed3_taumin0p5_taumax1_alpha4_coreot_full/embeddings/full_reference_control/pca30/embedding.npy,nan,2f555ac10abe6d1e0a5606e88439ad4f12254f9d3b34025b48f5be000dfa4c2b,2177168,False,reconstructed PCA embedding,isolated PBMC lineage reconstruction
pbmc_primary,results/submission_verification/PBMC/2026-08-03/pbmc_primary_lineage_reconstruction/regenerated/runs/pbmc_ifnb_b_cells_stim_seed3_taumin0p5_taumax1_alpha4_coreot_full/embeddings/full_reference_control/pca30/embedding_2d.npy,nan,f7ebb23f6d60fc7531017b384e7f57c047fb93b275880cd49385a28f85cfff36,145264,False,reconstructed two-dimensional PCA view,isolated PBMC lineage reconstruction
pbmc_primary,results/submission_verification/PBMC/2026-08-03/pbmc_primary_lineage_reconstruction/regenerated/runs/pbmc_ifnb_b_cells_stim_seed3_taumin0p5_taumax1_alpha4_coreot_full/candidates/full_reference_control/pca30_k100/candidate_edges.parquet,nan,0c89fa20c13b65583b6f81f0044b3e93b0f0ce05e94ebbfed20eea9fda77a0df,13897102,False,reconstructed candidate graph,isolated PBMC lineage reconstruction
pbmc_primary,results/submission_verification/PBMC/2026-08-03/pbmc_primary_lineage_reconstruction/regenerated/runs/pbmc_ifnb_b_cells_stim_seed3_taumin0p5_taumax1_alpha4_coreot_full/candidates/full_reference_control/pca30_k100/cost_arrays.npz,nan,9b80654dfac454b781113277e48a535a60b69fc8df61a92bb49ba0e289e5976f,11376737,False,reconstructed candidate costs,isolated PBMC lineage reconstruction
pbmc_primary,results/submission_verification/PBMC/2026-08-03/pbmc_primary_lineage_reconstruction/regenerated/runs/pbmc_ifnb_b_cells_stim_seed3_taumin0p5_taumax1_alpha4_coreot_full/transport/full_reference_control/pca30_k100/balanced_ot/cell_transport_scores.parquet,nan,2928cee60528e973bae621e2fbee1adc6995ff4f46f78c262e9e774296bcd425,114416,False,reconstructed per-method transport scores,isolated PBMC lineage reconstruction
pbmc_primary,results/submission_verification/PBMC/2026-08-03/pbmc_primary_lineage_reconstruction/regenerated/runs/pbmc_ifnb_b_cells_stim_seed3_taumin0p5_taumax1_alpha4_coreot_full/transport/full_reference_control/pca30_k100/coreot_full/cell_transport_scores.parquet,nan,7f1b243525003d48714072f447112dce4bd5b1869fffb48977cac9a1f4d57653,150036,False,reconstructed per-method transport scores,isolated PBMC lineage reconstruction
pbmc_primary,results/submission_verification/PBMC/2026-08-03/pbmc_primary_lineage_reconstruction/regenerated/runs/pbmc_ifnb_b_cells_stim_seed3_taumin0p5_taumax1_alpha4_coreot_full/transport/full_reference_control/pca30_k100/coreot_match_only/cell_transport_scores.parquet,nan,139c1194f114953fe86909e474ffd20005e0c67798e7489447a5951eb954cc5c,168172,False,reconstructed per-method transport scores,isolated PBMC lineage reconstruction
pbmc_primary,results/submission_verification/PBMC/2026-08-03/pbmc_primary_lineage_reconstruction/regenerated/runs/pbmc_ifnb_b_cells_stim_seed3_taumin0p5_taumax1_alpha4_coreot_full/transport/full_reference_control/pca30_k100/nn/cell_transport_scores.parquet,nan,5bba380a5ce59cd39cc293a4b3d35342d2b6724ee4a0dbb1524f8bec6e193f92,62537,False,reconstructed per-method transport scores,isolated PBMC lineage reconstruction
pbmc_primary,results/submission_verification/PBMC/2026-08-03/pbmc_primary_lineage_reconstruction/regenerated/runs/pbmc_ifnb_b_cells_stim_seed3_taumin0p5_taumax1_alpha4_coreot_full/transport/full_reference_control/pca30_k100/prior_only/cell_transport_scores.parquet,nan,5bd0f8b3409f2872d9fccd52cea5d2d4fd02e636ea19548bf820447b718e4272,31854,False,reconstructed per-method transport scores,isolated PBMC lineage reconstruction
pbmc_primary,results/submission_verification/PBMC/2026-08-03/pbmc_primary_lineage_reconstruction/regenerated/runs/pbmc_ifnb_b_cells_stim_seed3_taumin0p5_taumax1_alpha4_coreot_full/transport/full_reference_control/pca30_k100/uniform_uot/cell_transport_scores.parquet,nan,68dae9b90e6159f543512164d7f93533d415494b78218a3579d0a401368289bc,166135,False,reconstructed per-method transport scores,isolated PBMC lineage reconstruction
pbmc_primary,results/submission_verification/PBMC/2026-08-03/pbmc_primary_lineage_reconstruction/regenerated/runs/pbmc_ifnb_b_cells_stim_seed4_taumin0p5_taumax1_alpha4_coreot_full/derived/incomplete_reference/processed_expression.npz,nan,68d9a23be6ccd016b5d4d60c071da33a3ef3982f9ad74e4ca52097013bf7bbfa,42546126,False,reconstructed processed expression,isolated PBMC lineage reconstruction
pbmc_primary,results/submission_verification/PBMC/2026-08-03/pbmc_primary_lineage_reconstruction/regenerated/runs/pbmc_ifnb_b_cells_stim_seed4_taumin0p5_taumax1_alpha4_coreot_full/derived/incomplete_reference/prior_profiles/default/source_priors.csv,nan,7b5161535aa56421736de4f20cd6d3ba35b637177e78cfd0f9322d4e67d157a1,304281,False,reconstructed query priors,isolated PBMC lineage reconstruction
pbmc_primary,results/submission_verification/PBMC/2026-08-03/pbmc_primary_lineage_reconstruction/regenerated/runs/pbmc_ifnb_b_cells_stim_seed4_taumin0p5_taumax1_alpha4_coreot_full/derived/incomplete_reference/prior_profiles/default/target_priors.csv,nan,adcf2138299cec54ba75c3c7313f075f3e9c1fd2a4fd0ade8c5aebf2f965fd56,237751,False,reconstructed reference priors,isolated PBMC lineage reconstruction
pbmc_primary,results/submission_verification/PBMC/2026-08-03/pbmc_primary_lineage_reconstruction/regenerated/runs/pbmc_ifnb_b_cells_stim_seed4_taumin0p5_taumax1_alpha4_coreot_full/embeddings/incomplete_reference/pca30/embedding.npy,nan,67678e69c3df5227fac5f97143df165fd3408bd33c6715cc03bb6bc18a4bab13,1964048,False,reconstructed PCA embedding,isolated PBMC lineage reconstruction
pbmc_primary,results/submission_verification/PBMC/2026-08-03/pbmc_primary_lineage_reconstruction/regenerated/runs/pbmc_ifnb_b_cells_stim_seed4_taumin0p5_taumax1_alpha4_coreot_full/embeddings/incomplete_reference/pca30/embedding_2d.npy,nan,dc77db5d9f19b7ae2267bd6358ef00cccddc7888ca864d06bb80086632f28632,131056,False,reconstructed two-dimensional PCA view,isolated PBMC lineage reconstruction
pbmc_primary,results/submission_verification/PBMC/2026-08-03/pbmc_primary_lineage_reconstruction/regenerated/runs/pbmc_ifnb_b_cells_stim_seed4_taumin0p5_taumax1_alpha4_coreot_full/candidates/incomplete_reference/pca30_k100/candidate_edges.parquet,nan,552a4f7df1d790233a2c2965ed318308d17550af79cd5811e9c45d32f0886fb7,12424387,False,reconstructed candidate graph,isolated PBMC lineage reconstruction
pbmc_primary,results/submission_verification/PBMC/2026-08-03/pbmc_primary_lineage_reconstruction/regenerated/runs/pbmc_ifnb_b_cells_stim_seed4_taumin0p5_taumax1_alpha4_coreot_full/candidates/incomplete_reference/pca30_k100/cost_arrays.npz,nan,a56977aff6863a1726e9ea91541de17fb96fb77d1e93a99ddbe6a0cc59d1ab06,10126800,False,reconstructed candidate costs,isolated PBMC lineage reconstruction
pbmc_primary,results/submission_verification/PBMC/2026-08-03/pbmc_primary_lineage_reconstruction/regenerated/runs/pbmc_ifnb_b_cells_stim_seed4_taumin0p5_taumax1_alpha4_coreot_full/transport/incomplete_reference/pca30_k100/balanced_ot/cell_transport_scores.parquet,nan,ffde3b42973788488b17fa01e0e3f34544128cad4b3b002917757c070093498a,127200,False,reconstructed per-method transport scores,isolated PBMC lineage reconstruction
pbmc_primary,results/submission_verification/PBMC/2026-08-03/pbmc_primary_lineage_reconstruction/regenerated/runs/pbmc_ifnb_b_cells_stim_seed4_taumin0p5_taumax1_alpha4_coreot_full/transport/incomplete_reference/pca30_k100/coreot_full/cell_transport_scores.parquet,nan,b5fa0a5419e41cdf4560bf1f056c985cb4f898ceaffd69fb847a2dc33d1dbe9b,172029,False,reconstructed per-method transport scores,isolated PBMC lineage reconstruction
pbmc_primary,results/submission_verification/PBMC/2026-08-03/pbmc_primary_lineage_reconstruction/regenerated/runs/pbmc_ifnb_b_cells_stim_seed4_taumin0p5_taumax1_alpha4_coreot_full/transport/incomplete_reference/pca30_k100/coreot_match_only/cell_transport_scores.parquet,nan,122251136de968b1e16f234b4cd3547c7243e7fe40dc63dda8eec85f3e169007,186526,False,reconstructed per-method transport scores,isolated PBMC lineage reconstruction
pbmc_primary,results/submission_verification/PBMC/2026-08-03/pbmc_primary_lineage_reconstruction/regenerated/runs/pbmc_ifnb_b_cells_stim_seed4_taumin0p5_taumax1_alpha4_coreot_full/transport/incomplete_reference/pca30_k100/nn/cell_transport_scores.parquet,nan,bc8572a4f2ecca66bfbb1ebbef5d68e6689f92c93d84ed3c97977bef065c2a05,68708,False,reconstructed per-method transport scores,isolated PBMC lineage reconstruction
pbmc_primary,results/submission_verification/PBMC/2026-08-03/pbmc_primary_lineage_reconstruction/regenerated/runs/pbmc_ifnb_b_cells_stim_seed4_taumin0p5_taumax1_alpha4_coreot_full/transport/incomplete_reference/pca30_k100/prior_only/cell_transport_scores.parquet,nan,32e0ad874c11ee1e092801c7965a659162c08db40923b93fcb32251b8099339b,34900,False,reconstructed per-method transport scores,isolated PBMC lineage reconstruction
pbmc_primary,results/submission_verification/PBMC/2026-08-03/pbmc_primary_lineage_reconstruction/regenerated/runs/pbmc_ifnb_b_cells_stim_seed4_taumin0p5_taumax1_alpha4_coreot_full/transport/incomplete_reference/pca30_k100/uniform_uot/cell_transport_scores.parquet,nan,ac68ce764c4361544c0f84b50ee494b3fe767582609f5ca4f98c2a031fed183e,184379,False,reconstructed per-method transport scores,isolated PBMC lineage reconstruction
pbmc_primary,results/submission_verification/PBMC/2026-08-03/pbmc_primary_lineage_reconstruction/regenerated/runs/pbmc_ifnb_b_cells_stim_seed4_taumin0p5_taumax1_alpha4_coreot_full/derived/full_reference_control/processed_expression.npz,nan,e79adf9292dc8bf8991e715d859098a01fe6e62a01ad49949e84d2ce92b0663a,45270628,False,reconstructed processed expression,isolated PBMC lineage reconstruction
pbmc_primary,results/submission_verification/PBMC/2026-08-03/pbmc_primary_lineage_reconstruction/regenerated/runs/pbmc_ifnb_b_cells_stim_seed4_taumin0p5_taumax1_alpha4_coreot_full/derived/full_reference_control/prior_profiles/default/source_priors.csv,nan,7b5161535aa56421736de4f20cd6d3ba35b637177e78cfd0f9322d4e67d157a1,304281,False,reconstructed query priors,isolated PBMC lineage reconstruction
pbmc_primary,results/submission_verification/PBMC/2026-08-03/pbmc_primary_lineage_reconstruction/regenerated/runs/pbmc_ifnb_b_cells_stim_seed4_taumin0p5_taumax1_alpha4_coreot_full/derived/full_reference_control/prior_profiles/default/target_priors.csv,nan,aa15abae65f732443e85f89d52169da71d70178c6b74dfa2a48814abf5befded,259201,False,reconstructed reference priors,isolated PBMC lineage reconstruction
pbmc_primary,results/submission_verification/PBMC/2026-08-03/pbmc_primary_lineage_reconstruction/regenerated/runs/pbmc_ifnb_b_cells_stim_seed4_taumin0p5_taumax1_alpha4_coreot_full/embeddings/full_reference_control/pca30/embedding.npy,nan,b863d6d85812c509ee87bc3c8354a82153b939e961944605f1e2b1344f2d0081,2096048,False,reconstructed PCA embedding,isolated PBMC lineage reconstruction
pbmc_primary,results/submission_verification/PBMC/2026-08-03/pbmc_primary_lineage_reconstruction/regenerated/runs/pbmc_ifnb_b_cells_stim_seed4_taumin0p5_taumax1_alpha4_coreot_full/embeddings/full_reference_control/pca30/embedding_2d.npy,nan,0d4bf9bd2cfd0a620fd2c268f0628b50c737a7ee1f36830999ff9ef193cbd6ca,139856,False,reconstructed two-dimensional PCA view,isolated PBMC lineage reconstruction
pbmc_primary,results/submission_verification/PBMC/2026-08-03/pbmc_primary_lineage_reconstruction/regenerated/runs/pbmc_ifnb_b_cells_stim_seed4_taumin0p5_taumax1_alpha4_coreot_full/candidates/full_reference_control/pca30_k100/candidate_edges.parquet,nan,85afda2e0d4b8192411a647fb892260c6e0d76d5f85685cc28b59a7f77d4b328,13192925,False,reconstructed candidate graph,isolated PBMC lineage reconstruction
pbmc_primary,results/submission_verification/PBMC/2026-08-03/pbmc_primary_lineage_reconstruction/regenerated/runs/pbmc_ifnb_b_cells_stim_seed4_taumin0p5_taumax1_alpha4_coreot_full/candidates/full_reference_control/pca30_k100/cost_arrays.npz,nan,87473271016ae94d7027c1e60094f3dc4fb9f24493034e84a9772a43822c11cb,10782167,False,reconstructed candidate costs,isolated PBMC lineage reconstruction
pbmc_primary,results/submission_verification/PBMC/2026-08-03/pbmc_primary_lineage_reconstruction/regenerated/runs/pbmc_ifnb_b_cells_stim_seed4_taumin0p5_taumax1_alpha4_coreot_full/transport/full_reference_control/pca30_k100/balanced_ot/cell_transport_scores.parquet,nan,d3420f7033c5077e1a4b537132ae891ae0a9043b39a2f9684c2e0cb76d74aae4,126974,False,reconstructed per-method transport scores,isolated PBMC lineage reconstruction
pbmc_primary,results/submission_verification/PBMC/2026-08-03/pbmc_primary_lineage_reconstruction/regenerated/runs/pbmc_ifnb_b_cells_stim_seed4_taumin0p5_taumax1_alpha4_coreot_full/transport/full_reference_control/pca30_k100/coreot_full/cell_transport_scores.parquet,nan,ea54b0096b882d86eb5f56528dee62c752494bff06f4b74dee60c9fd27522c1f,171088,False,reconstructed per-method transport scores,isolated PBMC lineage reconstruction
pbmc_primary,results/submission_verification/PBMC/2026-08-03/pbmc_primary_lineage_reconstruction/regenerated/runs/pbmc_ifnb_b_cells_stim_seed4_taumin0p5_taumax1_alpha4_coreot_full/transport/full_reference_control/pca30_k100/coreot_match_only/cell_transport_scores.parquet,nan,522e79acb78449b2b96282bad466ba12d1510dbea20cd59a183c053b25314ad4,186334,False,reconstructed per-method transport scores,isolated PBMC lineage reconstruction
pbmc_primary,results/submission_verification/PBMC/2026-08-03/pbmc_primary_lineage_reconstruction/regenerated/runs/pbmc_ifnb_b_cells_stim_seed4_taumin0p5_taumax1_alpha4_coreot_full/transport/full_reference_control/pca30_k100/nn/cell_transport_scores.parquet,nan,4a96b2708c9a81d291ba6b8ddcbac032e6928df19b2ef8b903fad24611996820,68718,False,reconstructed per-method transport scores,isolated PBMC lineage reconstruction
pbmc_primary,results/submission_verification/PBMC/2026-08-03/pbmc_primary_lineage_reconstruction/regenerated/runs/pbmc_ifnb_b_cells_stim_seed4_taumin0p5_taumax1_alpha4_coreot_full/transport/full_reference_control/pca30_k100/prior_only/cell_transport_scores.parquet,nan,00f0f5f974dafacfe93fbe26c6d056e56c7c64214eb0002912ae35cd01cec680,34910,False,reconstructed per-method transport scores,isolated PBMC lineage reconstruction
pbmc_primary,results/submission_verification/PBMC/2026-08-03/pbmc_primary_lineage_reconstruction/regenerated/runs/pbmc_ifnb_b_cells_stim_seed4_taumin0p5_taumax1_alpha4_coreot_full/transport/full_reference_control/pca30_k100/uniform_uot/cell_transport_scores.parquet,nan,735bcaef6849ec95e6643871bed248ee397b5727ab60946a47bbcefddec13f0f,184099,False,reconstructed per-method transport scores,isolated PBMC lineage reconstruction
pbmc_primary,results/submission_verification/PBMC/2026-08-03/pbmc_primary_lineage_reconstruction/regenerated/runs/pbmc_ifnb_b_cells_stim_seed5_taumin0p5_taumax1_alpha4_coreot_full/derived/incomplete_reference/processed_expression.npz,nan,e0d383b5a37b21521f3c4be44ea771509b88a133ccce53a3daa3756912dfeef4,43143769,False,reconstructed processed expression,isolated PBMC lineage reconstruction
pbmc_primary,results/submission_verification/PBMC/2026-08-03/pbmc_primary_lineage_reconstruction/regenerated/runs/pbmc_ifnb_b_cells_stim_seed5_taumin0p5_taumax1_alpha4_coreot_full/derived/incomplete_reference/prior_profiles/default/source_priors.csv,nan,ffffad8559ab781d916e9df55c71515a9c0ca45bd07d061235d4a806683b0b40,251158,False,reconstructed query priors,isolated PBMC lineage reconstruction
pbmc_primary,results/submission_verification/PBMC/2026-08-03/pbmc_primary_lineage_reconstruction/regenerated/runs/pbmc_ifnb_b_cells_stim_seed5_taumin0p5_taumax1_alpha4_coreot_full/derived/incomplete_reference/prior_profiles/default/target_priors.csv,nan,c8028d03051a4f103fb79ed2594a27f7cbf8f02ac21109530f05b13bf214bfc7,268634,False,reconstructed reference priors,isolated PBMC lineage reconstruction
pbmc_primary,results/submission_verification/PBMC/2026-08-03/pbmc_primary_lineage_reconstruction/regenerated/runs/pbmc_ifnb_b_cells_stim_seed5_taumin0p5_taumax1_alpha4_coreot_full/embeddings/incomplete_reference/pca30/embedding.npy,nan,984aee0eac03dc54d533fb7d390833feaad1f63ddb3a6b3d598fa513274d73be,1995488,False,reconstructed PCA embedding,isolated PBMC lineage reconstruction
pbmc_primary,results/submission_verification/PBMC/2026-08-03/pbmc_primary_lineage_reconstruction/regenerated/runs/pbmc_ifnb_b_cells_stim_seed5_taumin0p5_taumax1_alpha4_coreot_full/embeddings/incomplete_reference/pca30/embedding_2d.npy,nan,e2ccc02cfa4fb40b091e18d65f546cde373605a5748c1c48be881727164ca772,133152,False,reconstructed two-dimensional PCA view,isolated PBMC lineage reconstruction
pbmc_primary,results/submission_verification/PBMC/2026-08-03/pbmc_primary_lineage_reconstruction/regenerated/runs/pbmc_ifnb_b_cells_stim_seed5_taumin0p5_taumax1_alpha4_coreot_full/candidates/incomplete_reference/pca30_k100/candidate_edges.parquet,nan,f22f600f925b2c68c9615fd2b2ce9409579dce35ef87b3b6bb175d7647fe9bd7,13080563,False,reconstructed candidate graph,isolated PBMC lineage reconstruction
pbmc_primary,results/submission_verification/PBMC/2026-08-03/pbmc_primary_lineage_reconstruction/regenerated/runs/pbmc_ifnb_b_cells_stim_seed5_taumin0p5_taumax1_alpha4_coreot_full/candidates/incomplete_reference/pca30_k100/cost_arrays.npz,nan,e343d8da7e6e4366c742a23d72687086eedcda846aa99b77e71823787bb877e6,10679203,False,reconstructed candidate costs,isolated PBMC lineage reconstruction
pbmc_primary,results/submission_verification/PBMC/2026-08-03/pbmc_primary_lineage_reconstruction/regenerated/runs/pbmc_ifnb_b_cells_stim_seed5_taumin0p5_taumax1_alpha4_coreot_full/transport/incomplete_reference/pca30_k100/balanced_ot/cell_transport_scores.parquet,nan,87eba1147dc119e9d97c56123cf09e33ada46c1bf20f4928d6d51c8957d6d3b4,106340,False,reconstructed per-method transport scores,isolated PBMC lineage reconstruction
pbmc_primary,results/submission_verification/PBMC/2026-08-03/pbmc_primary_lineage_reconstruction/regenerated/runs/pbmc_ifnb_b_cells_stim_seed5_taumin0p5_taumax1_alpha4_coreot_full/transport/incomplete_reference/pca30_k100/coreot_full/cell_transport_scores.parquet,nan,bb6c82ff8f150c5e7d7cb7c6264a429deb703b0ee8d598b3a3d10eecaf9fd9bf,143084,False,reconstructed per-method transport scores,isolated PBMC lineage reconstruction
pbmc_primary,results/submission_verification/PBMC/2026-08-03/pbmc_primary_lineage_reconstruction/regenerated/runs/pbmc_ifnb_b_cells_stim_seed5_taumin0p5_taumax1_alpha4_coreot_full/transport/incomplete_reference/pca30_k100/coreot_match_only/cell_transport_scores.parquet,nan,f536c16d7de52e8f474c244a7f9db377a6de62983d4544776e0e352f0f233f20,156410,False,reconstructed per-method transport scores,isolated PBMC lineage reconstruction
pbmc_primary,results/submission_verification/PBMC/2026-08-03/pbmc_primary_lineage_reconstruction/regenerated/runs/pbmc_ifnb_b_cells_stim_seed5_taumin0p5_taumax1_alpha4_coreot_full/transport/incomplete_reference/pca30_k100/nn/cell_transport_scores.parquet,nan,1e68e6df0b1c785577e979346f7059020fe3304b6a7d805f99485f2c00da40b9,58439,False,reconstructed per-method transport scores,isolated PBMC lineage reconstruction
pbmc_primary,results/submission_verification/PBMC/2026-08-03/pbmc_primary_lineage_reconstruction/regenerated/runs/pbmc_ifnb_b_cells_stim_seed5_taumin0p5_taumax1_alpha4_coreot_full/transport/incomplete_reference/pca30_k100/prior_only/cell_transport_scores.parquet,nan,daf50103127e1564f81e38aa10981702bc24ffcbce24d7edf5685295e8f35fba,29659,False,reconstructed per-method transport scores,isolated PBMC lineage reconstruction
pbmc_primary,results/submission_verification/PBMC/2026-08-03/pbmc_primary_lineage_reconstruction/regenerated/runs/pbmc_ifnb_b_cells_stim_seed5_taumin0p5_taumax1_alpha4_coreot_full/transport/incomplete_reference/pca30_k100/uniform_uot/cell_transport_scores.parquet,nan,9c1d278465cd663f18065492f3d93e04df9ff52fd8bedbeec39690229ccb3624,154607,False,reconstructed per-method transport scores,isolated PBMC lineage reconstruction
pbmc_primary,results/submission_verification/PBMC/2026-08-03/pbmc_primary_lineage_reconstruction/regenerated/runs/pbmc_ifnb_b_cells_stim_seed5_taumin0p5_taumax1_alpha4_coreot_full/derived/full_reference_control/processed_expression.npz,nan,c842db08281880f1cffeaca5b2eaea31da78f3852b90d69fd99b7bd14fad34ac,45711865,False,reconstructed processed expression,isolated PBMC lineage reconstruction
pbmc_primary,results/submission_verification/PBMC/2026-08-03/pbmc_primary_lineage_reconstruction/regenerated/runs/pbmc_ifnb_b_cells_stim_seed5_taumin0p5_taumax1_alpha4_coreot_full/derived/full_reference_control/prior_profiles/default/source_priors.csv,nan,ffffad8559ab781d916e9df55c71515a9c0ca45bd07d061235d4a806683b0b40,251158,False,reconstructed query priors,isolated PBMC lineage reconstruction
pbmc_primary,results/submission_verification/PBMC/2026-08-03/pbmc_primary_lineage_reconstruction/regenerated/runs/pbmc_ifnb_b_cells_stim_seed5_taumin0p5_taumax1_alpha4_coreot_full/derived/full_reference_control/prior_profiles/default/target_priors.csv,nan,9d04bb1b1c0ef732919c34cdaa6c538b7322776349d9a4281cd68e9f23a2c6ae,289304,False,reconstructed reference priors,isolated PBMC lineage reconstruction
pbmc_primary,results/submission_verification/PBMC/2026-08-03/pbmc_primary_lineage_reconstruction/regenerated/runs/pbmc_ifnb_b_cells_stim_seed5_taumin0p5_taumax1_alpha4_coreot_full/embeddings/full_reference_control/pca30/embedding.npy,nan,156633e5c857b6266e37f4d9ad15cc92085ce9aa3dbbc05d8c6a0c5ef2694c60,2122688,False,reconstructed PCA embedding,isolated PBMC lineage reconstruction
pbmc_primary,results/submission_verification/PBMC/2026-08-03/pbmc_primary_lineage_reconstruction/regenerated/runs/pbmc_ifnb_b_cells_stim_seed5_taumin0p5_taumax1_alpha4_coreot_full/embeddings/full_reference_control/pca30/embedding_2d.npy,nan,8850446e528d7f703607bc3d70c7fc7ba3b99541d9521c8cd508a1f9d41761c1,141632,False,reconstructed two-dimensional PCA view,isolated PBMC lineage reconstruction
pbmc_primary,results/submission_verification/PBMC/2026-08-03/pbmc_primary_lineage_reconstruction/regenerated/runs/pbmc_ifnb_b_cells_stim_seed5_taumin0p5_taumax1_alpha4_coreot_full/candidates/full_reference_control/pca30_k100/candidate_edges.parquet,nan,b0d2d5fe8b973058b4a8e1c32d66e914dcb472226764f9e7a3be38353955781f,13767028,False,reconstructed candidate graph,isolated PBMC lineage reconstruction
pbmc_primary,results/submission_verification/PBMC/2026-08-03/pbmc_primary_lineage_reconstruction/regenerated/runs/pbmc_ifnb_b_cells_stim_seed5_taumin0p5_taumax1_alpha4_coreot_full/candidates/full_reference_control/pca30_k100/cost_arrays.npz,nan,88ebf4bc7a99214bbc94b0a6b49be47b68e4dd0c91b2f60cd009ac3c656f28b4,11271360,False,reconstructed candidate costs,isolated PBMC lineage reconstruction
pbmc_primary,results/submission_verification/PBMC/2026-08-03/pbmc_primary_lineage_reconstruction/regenerated/runs/pbmc_ifnb_b_cells_stim_seed5_taumin0p5_taumax1_alpha4_coreot_full/transport/full_reference_control/pca30_k100/balanced_ot/cell_transport_scores.parquet,nan,29b95c4a20b503743219b274459cadc543a4e33b67646cd5f8d09ed5d70fc6c4,107013,False,reconstructed per-method transport scores,isolated PBMC lineage reconstruction
pbmc_primary,results/submission_verification/PBMC/2026-08-03/pbmc_primary_lineage_reconstruction/regenerated/runs/pbmc_ifnb_b_cells_stim_seed5_taumin0p5_taumax1_alpha4_coreot_full/transport/full_reference_control/pca30_k100/coreot_full/cell_transport_scores.parquet,nan,6997fdc577e2fe9f31e55fb18f1eda15c5dc03ded9336456c3c9d2d6df14011f,143669,False,reconstructed per-method transport scores,isolated PBMC lineage reconstruction
pbmc_primary,results/submission_verification/PBMC/2026-08-03/pbmc_primary_lineage_reconstruction/regenerated/runs/pbmc_ifnb_b_cells_stim_seed5_taumin0p5_taumax1_alpha4_coreot_full/transport/full_reference_control/pca30_k100/coreot_match_only/cell_transport_scores.parquet,nan,b5bb002ddd4c14d4a2c22db9731cfaa666887f2ea21d8e85f8384f7ad66b8765,156009,False,reconstructed per-method transport scores,isolated PBMC lineage reconstruction
pbmc_primary,results/submission_verification/PBMC/2026-08-03/pbmc_primary_lineage_reconstruction/regenerated/runs/pbmc_ifnb_b_cells_stim_seed5_taumin0p5_taumax1_alpha4_coreot_full/transport/full_reference_control/pca30_k100/nn/cell_transport_scores.parquet,nan,f1470cde8455eebc7f526146b6ff0889d53e2b073226936cb256ef798af4f6fc,58449,False,reconstructed per-method transport scores,isolated PBMC lineage reconstruction
pbmc_primary,results/submission_verification/PBMC/2026-08-03/pbmc_primary_lineage_reconstruction/regenerated/runs/pbmc_ifnb_b_cells_stim_seed5_taumin0p5_taumax1_alpha4_coreot_full/transport/full_reference_control/pca30_k100/prior_only/cell_transport_scores.parquet,nan,21085a1a018b31928aab340ae1ef3d28155e43e8e7256e683324389f3348eeee,29669,False,reconstructed per-method transport scores,isolated PBMC lineage reconstruction
pbmc_primary,results/submission_verification/PBMC/2026-08-03/pbmc_primary_lineage_reconstruction/regenerated/runs/pbmc_ifnb_b_cells_stim_seed5_taumin0p5_taumax1_alpha4_coreot_full/transport/full_reference_control/pca30_k100/uniform_uot/cell_transport_scores.parquet,nan,45ab3007b170288de581613b0682593b652f407dd149d6344ac70f0d6a8829ff,154250,False,reconstructed per-method transport scores,isolated PBMC lineage reconstruction
pbmc_primary,results/submission_verification/PBMC/2026-08-03/pbmc_primary_lineage_reconstruction/regenerated/runs/pbmc_ifnb_cd8_t_cells_stim_seed1_taumin0p5_taumax1p5_alpha4_coreot_full/derived/incomplete_reference/processed_expression.npz,nan,116deb5e54359636932f6987d70f0497095a07650c2a4528aa0d005c1143c64c,42787576,False,reconstructed processed expression,isolated PBMC lineage reconstruction
pbmc_primary,results/submission_verification/PBMC/2026-08-03/pbmc_primary_lineage_reconstruction/regenerated/runs/pbmc_ifnb_cd8_t_cells_stim_seed1_taumin0p5_taumax1p5_alpha4_coreot_full/derived/incomplete_reference/prior_profiles/default/source_priors.csv,nan,fec193400569fdfadafc04bf52fbcec5ae0ab5c9f28e1b704885f19f41c8b818,229462,False,reconstructed query priors,isolated PBMC lineage reconstruction
pbmc_primary,results/submission_verification/PBMC/2026-08-03/pbmc_primary_lineage_reconstruction/regenerated/runs/pbmc_ifnb_cd8_t_cells_stim_seed1_taumin0p5_taumax1p5_alpha4_coreot_full/derived/incomplete_reference/prior_profiles/default/target_priors.csv,nan,8cb11b3519d6f42a96d73aa4d64e403a52b6667d54d59375fe955f4b64aa18a7,271638,False,reconstructed reference priors,isolated PBMC lineage reconstruction
pbmc_primary,results/submission_verification/PBMC/2026-08-03/pbmc_primary_lineage_reconstruction/regenerated/runs/pbmc_ifnb_cd8_t_cells_stim_seed1_taumin0p5_taumax1p5_alpha4_coreot_full/embeddings/incomplete_reference/pca30/embedding.npy,nan,6f2df8938b78ed27e4eadf510db15336cd2714b9bf621a86ae96f5abacee5cc9,1964048,False,reconstructed PCA embedding,isolated PBMC lineage reconstruction
pbmc_primary,results/submission_verification/PBMC/2026-08-03/pbmc_primary_lineage_reconstruction/regenerated/runs/pbmc_ifnb_cd8_t_cells_stim_seed1_taumin0p5_taumax1p5_alpha4_coreot_full/embeddings/incomplete_reference/pca30/embedding_2d.npy,nan,805fd661e76f9bd9b6e49e182ea70f2525259b5672698bcf4da20380701a4751,131056,False,reconstructed two-dimensional PCA view,isolated PBMC lineage reconstruction
pbmc_primary,results/submission_verification/PBMC/2026-08-03/pbmc_primary_lineage_reconstruction/regenerated/runs/pbmc_ifnb_cd8_t_cells_stim_seed1_taumin0p5_taumax1p5_alpha4_coreot_full/candidates/incomplete_reference/pca30_k100/candidate_edges.parquet,nan,74f23baf6f52f0b95374618461d57d02095722ee6d4ade02a43c0c827e361f3f,12741684,False,reconstructed candidate graph,isolated PBMC lineage reconstruction
pbmc_primary,results/submission_verification/PBMC/2026-08-03/pbmc_primary_lineage_reconstruction/regenerated/runs/pbmc_ifnb_cd8_t_cells_stim_seed1_taumin0p5_taumax1p5_alpha4_coreot_full/candidates/incomplete_reference/pca30_k100/cost_arrays.npz,nan,3f682351176333225111fb13c98def3b3f01f7fb58053119837e65a698a9da24,10370582,False,reconstructed candidate costs,isolated PBMC lineage reconstruction
pbmc_primary,results/submission_verification/PBMC/2026-08-03/pbmc_primary_lineage_reconstruction/regenerated/runs/pbmc_ifnb_cd8_t_cells_stim_seed1_taumin0p5_taumax1p5_alpha4_coreot_full/transport/incomplete_reference/pca30_k100/balanced_ot/cell_transport_scores.parquet,nan,2201ec45876101976203714117eac8f3b154e6178738fb94d53a365bb4a6e7c7,98428,False,reconstructed per-method transport scores,isolated PBMC lineage reconstruction
pbmc_primary,results/submission_verification/PBMC/2026-08-03/pbmc_primary_lineage_reconstruction/regenerated/runs/pbmc_ifnb_cd8_t_cells_stim_seed1_taumin0p5_taumax1p5_alpha4_coreot_full/transport/incomplete_reference/pca30_k100/coreot_full/cell_transport_scores.parquet,nan,28ef40cc7cb6395fae0889b83729c494bc3c80f3bd5b2c557bf86df8dc557f82,129718,False,reconstructed per-method transport scores,isolated PBMC lineage reconstruction
pbmc_primary,results/submission_verification/PBMC/2026-08-03/pbmc_primary_lineage_reconstruction/regenerated/runs/pbmc_ifnb_cd8_t_cells_stim_seed1_taumin0p5_taumax1p5_alpha4_coreot_full/transport/incomplete_reference/pca30_k100/coreot_match_only/cell_transport_scores.parquet,nan,34badd5a70e6eaf028e2ae31e76c859963faad660e3b505042c3f264adf365a5,144971,False,reconstructed per-method transport scores,isolated PBMC lineage reconstruction
pbmc_primary,results/submission_verification/PBMC/2026-08-03/pbmc_primary_lineage_reconstruction/regenerated/runs/pbmc_ifnb_cd8_t_cells_stim_seed1_taumin0p5_taumax1p5_alpha4_coreot_full/transport/incomplete_reference/pca30_k100/nn/cell_transport_scores.parquet,nan,cba357ae0384b20ebd24a58e96abcfc04e2c303484f6ea562c5804ed54820ac2,54872,False,reconstructed per-method transport scores,isolated PBMC lineage reconstruction
pbmc_primary,results/submission_verification/PBMC/2026-08-03/pbmc_primary_lineage_reconstruction/regenerated/runs/pbmc_ifnb_cd8_t_cells_stim_seed1_taumin0p5_taumax1p5_alpha4_coreot_full/transport/incomplete_reference/pca30_k100/prior_only/cell_transport_scores.parquet,nan,aadbc48839593eeef2192e55026d03f40cb74cb1ae8df771be0c1da5a914ace4,28562,False,reconstructed per-method transport scores,isolated PBMC lineage reconstruction
pbmc_primary,results/submission_verification/PBMC/2026-08-03/pbmc_primary_lineage_reconstruction/regenerated/runs/pbmc_ifnb_cd8_t_cells_stim_seed1_taumin0p5_taumax1p5_alpha4_coreot_full/transport/incomplete_reference/pca30_k100/uniform_uot/cell_transport_scores.parquet,nan,3f9c8254b0490900cfee15d65eb516fc2fc8b261abf9ee5ce8e366fe813f9fe2,142736,False,reconstructed per-method transport scores,isolated PBMC lineage reconstruction
pbmc_primary,results/submission_verification/PBMC/2026-08-03/pbmc_primary_lineage_reconstruction/regenerated/runs/pbmc_ifnb_cd8_t_cells_stim_seed1_taumin0p5_taumax1p5_alpha4_coreot_full/derived/full_reference_control/processed_expression.npz,nan,bbccedbffff4d9d71d6b0f50e2abff1718992fdf893d63635f1709878bd54756,44961829,False,reconstructed processed expression,isolated PBMC lineage reconstruction
pbmc_primary,results/submission_verification/PBMC/2026-08-03/pbmc_primary_lineage_reconstruction/regenerated/runs/pbmc_ifnb_cd8_t_cells_stim_seed1_taumin0p5_taumax1p5_alpha4_coreot_full/derived/full_reference_control/prior_profiles/default/source_priors.csv,nan,fec193400569fdfadafc04bf52fbcec5ae0ab5c9f28e1b704885f19f41c8b818,229462,False,reconstructed query priors,isolated PBMC lineage reconstruction
pbmc_primary,results/submission_verification/PBMC/2026-08-03/pbmc_primary_lineage_reconstruction/regenerated/runs/pbmc_ifnb_cd8_t_cells_stim_seed1_taumin0p5_taumax1p5_alpha4_coreot_full/derived/full_reference_control/prior_profiles/default/target_priors.csv,nan,e8a4e66a6f8d182826843da364088bee11a1d3a1343e5045e84a049a9c8b97ae,293568,False,reconstructed reference priors,isolated PBMC lineage reconstruction
pbmc_primary,results/submission_verification/PBMC/2026-08-03/pbmc_primary_lineage_reconstruction/regenerated/runs/pbmc_ifnb_cd8_t_cells_stim_seed1_taumin0p5_taumax1p5_alpha4_coreot_full/embeddings/full_reference_control/pca30/embedding.npy,nan,8aabb8e98d077afb92ead4cf1affca8337b486a27f8186eb386436c451163d09,2086448,False,reconstructed PCA embedding,isolated PBMC lineage reconstruction
pbmc_primary,results/submission_verification/PBMC/2026-08-03/pbmc_primary_lineage_reconstruction/regenerated/runs/pbmc_ifnb_cd8_t_cells_stim_seed1_taumin0p5_taumax1p5_alpha4_coreot_full/embeddings/full_reference_control/pca30/embedding_2d.npy,nan,c916a1a1cdd33ef9059389b9d749493a0286860754994bbbc10f83ac413a8281,139216,False,reconstructed two-dimensional PCA view,isolated PBMC lineage reconstruction
pbmc_primary,results/submission_verification/PBMC/2026-08-03/pbmc_primary_lineage_reconstruction/regenerated/runs/pbmc_ifnb_cd8_t_cells_stim_seed1_taumin0p5_taumax1p5_alpha4_coreot_full/candidates/full_reference_control/pca30_k100/candidate_edges.parquet,nan,27f85a0f3a3ca96b1960dbcb189b13bfe67f6828213479775521bb1a0a9a59a6,13707091,False,reconstructed candidate graph,isolated PBMC lineage reconstruction
pbmc_primary,results/submission_verification/PBMC/2026-08-03/pbmc_primary_lineage_reconstruction/regenerated/runs/pbmc_ifnb_cd8_t_cells_stim_seed1_taumin0p5_taumax1p5_alpha4_coreot_full/candidates/full_reference_control/pca30_k100/cost_arrays.npz,nan,bb4fb1f08949d5781a12684e366d1cc5b5e517e9706422e306a3cde1673e9186,11201915,False,reconstructed candidate costs,isolated PBMC lineage reconstruction
pbmc_primary,results/submission_verification/PBMC/2026-08-03/pbmc_primary_lineage_reconstruction/regenerated/runs/pbmc_ifnb_cd8_t_cells_stim_seed1_taumin0p5_taumax1p5_alpha4_coreot_full/transport/full_reference_control/pca30_k100/balanced_ot/cell_transport_scores.parquet,nan,f64f7e75c0a8c047232c0ab507b1a92d7e7c719a0300c2f6ffdc9d2bf035b51e,98768,False,reconstructed per-method transport scores,isolated PBMC lineage reconstruction
pbmc_primary,results/submission_verification/PBMC/2026-08-03/pbmc_primary_lineage_reconstruction/regenerated/runs/pbmc_ifnb_cd8_t_cells_stim_seed1_taumin0p5_taumax1p5_alpha4_coreot_full/transport/full_reference_control/pca30_k100/coreot_full/cell_transport_scores.parquet,nan,155d819a00738f0ff124276e5f47e0234e445041452a37f4e2f828770dc0ae6d,133802,False,reconstructed per-method transport scores,isolated PBMC lineage reconstruction
pbmc_primary,results/submission_verification/PBMC/2026-08-03/pbmc_primary_lineage_reconstruction/regenerated/runs/pbmc_ifnb_cd8_t_cells_stim_seed1_taumin0p5_taumax1p5_alpha4_coreot_full/transport/full_reference_control/pca30_k100/coreot_match_only/cell_transport_scores.parquet,nan,4e0ccec3696b44ed06415d9bff2203e2ff4d1cb845076f7fb513f80c7c60c442,144631,False,reconstructed per-method transport scores,isolated PBMC lineage reconstruction
pbmc_primary,results/submission_verification/PBMC/2026-08-03/pbmc_primary_lineage_reconstruction/regenerated/runs/pbmc_ifnb_cd8_t_cells_stim_seed1_taumin0p5_taumax1p5_alpha4_coreot_full/transport/full_reference_control/pca30_k100/nn/cell_transport_scores.parquet,nan,9e722ed29e0f8e3c51595c8df27e208814475084e44bfa383344f0bc05951bbe,54882,False,reconstructed per-method transport scores,isolated PBMC lineage reconstruction
pbmc_primary,results/submission_verification/PBMC/2026-08-03/pbmc_primary_lineage_reconstruction/regenerated/runs/pbmc_ifnb_cd8_t_cells_stim_seed1_taumin0p5_taumax1p5_alpha4_coreot_full/transport/full_reference_control/pca30_k100/prior_only/cell_transport_scores.parquet,nan,5df90b24da36dafc8dc707e8bc5b8c3da317e9892d8b13d3619377135f41d821,28572,False,reconstructed per-method transport scores,isolated PBMC lineage reconstruction
pbmc_primary,results/submission_verification/PBMC/2026-08-03/pbmc_primary_lineage_reconstruction/regenerated/runs/pbmc_ifnb_cd8_t_cells_stim_seed1_taumin0p5_taumax1p5_alpha4_coreot_full/transport/full_reference_control/pca30_k100/uniform_uot/cell_transport_scores.parquet,nan,8292f841b4fc9f4dc2700d2bc8572eaea2c6b69a09b7e7eb2ccbea1a50b62b21,142034,False,reconstructed per-method transport scores,isolated PBMC lineage reconstruction
pbmc_primary,results/submission_verification/PBMC/2026-08-03/pbmc_primary_lineage_reconstruction/regenerated/runs/pbmc_ifnb_cd8_t_cells_stim_seed2_taumin0p5_taumax1p5_alpha4_coreot_full/derived/incomplete_reference/processed_expression.npz,nan,8e6281e18af3b9b6db0ba0279d583da902c2fd8aaf9f4d1a13747252c40758b9,44271608,False,reconstructed processed expression,isolated PBMC lineage reconstruction
pbmc_primary,results/submission_verification/PBMC/2026-08-03/pbmc_primary_lineage_reconstruction/regenerated/runs/pbmc_ifnb_cd8_t_cells_stim_seed2_taumin0p5_taumax1p5_alpha4_coreot_full/derived/incomplete_reference/prior_profiles/default/source_priors.csv,nan,c693f05912f98400d274b05155e3d28033f7278c28f80d276dacf72c69036958,256432,False,reconstructed query priors,isolated PBMC lineage reconstruction
pbmc_primary,results/submission_verification/PBMC/2026-08-03/pbmc_primary_lineage_reconstruction/regenerated/runs/pbmc_ifnb_cd8_t_cells_stim_seed2_taumin0p5_taumax1p5_alpha4_coreot_full/derived/incomplete_reference/prior_profiles/default/target_priors.csv,nan,bd94ab68db331068d5d1bf6bd90c3f63bc62d5174f9c8510ff96974166ee0a40,275435,False,reconstructed reference priors,isolated PBMC lineage reconstruction
pbmc_primary,results/submission_verification/PBMC/2026-08-03/pbmc_primary_lineage_reconstruction/regenerated/runs/pbmc_ifnb_cd8_t_cells_stim_seed2_taumin0p5_taumax1p5_alpha4_coreot_full/embeddings/incomplete_reference/pca30/embedding.npy,nan,e0c296ae9dd147e54bfeb6b612053c64c1ad4504091f21c95288cc83475926f8,2049488,False,reconstructed PCA embedding,isolated PBMC lineage reconstruction
pbmc_primary,results/submission_verification/PBMC/2026-08-03/pbmc_primary_lineage_reconstruction/regenerated/runs/pbmc_ifnb_cd8_t_cells_stim_seed2_taumin0p5_taumax1p5_alpha4_coreot_full/embeddings/incomplete_reference/pca30/embedding_2d.npy,nan,fb99085eeade49416d3f5f18d07b60ad474a23ee45c64a5cd22507b27d5f93d1,136752,False,reconstructed two-dimensional PCA view,isolated PBMC lineage reconstruction
pbmc_primary,results/submission_verification/PBMC/2026-08-03/pbmc_primary_lineage_reconstruction/regenerated/runs/pbmc_ifnb_cd8_t_cells_stim_seed2_taumin0p5_taumax1p5_alpha4_coreot_full/candidates/incomplete_reference/pca30_k100/candidate_edges.parquet,nan,4cf7de775349813f8603a7580926c79bbefb59981dfceed816456784faae43a1,13189930,False,reconstructed candidate graph,isolated PBMC lineage reconstruction
pbmc_primary,results/submission_verification/PBMC/2026-08-03/pbmc_primary_lineage_reconstruction/regenerated/runs/pbmc_ifnb_cd8_t_cells_stim_seed2_taumin0p5_taumax1p5_alpha4_coreot_full/candidates/incomplete_reference/pca30_k100/cost_arrays.npz,nan,d5a2d1cad128617feacbb9db20893d2df3f72d3e2f866a52b18aaebd658bb4a2,10762541,False,reconstructed candidate costs,isolated PBMC lineage reconstruction
pbmc_primary,results/submission_verification/PBMC/2026-08-03/pbmc_primary_lineage_reconstruction/regenerated/runs/pbmc_ifnb_cd8_t_cells_stim_seed2_taumin0p5_taumax1p5_alpha4_coreot_full/transport/incomplete_reference/pca30_k100/balanced_ot/cell_transport_scores.parquet,nan,d74fd5be69be553471ad3ccb417b05a3fc8a5dd2c0d5fa19689604330c3c0912,109584,False,reconstructed per-method transport scores,isolated PBMC lineage reconstruction
pbmc_primary,results/submission_verification/PBMC/2026-08-03/pbmc_primary_lineage_reconstruction/regenerated/runs/pbmc_ifnb_cd8_t_cells_stim_seed2_taumin0p5_taumax1p5_alpha4_coreot_full/transport/incomplete_reference/pca30_k100/coreot_full/cell_transport_scores.parquet,nan,5657852f2d3152d5d16cea9d868304f07871d704de626d49a68c371ba373f0f7,140263,False,reconstructed per-method transport scores,isolated PBMC lineage reconstruction
pbmc_primary,results/submission_verification/PBMC/2026-08-03/pbmc_primary_lineage_reconstruction/regenerated/runs/pbmc_ifnb_cd8_t_cells_stim_seed2_taumin0p5_taumax1p5_alpha4_coreot_full/transport/incomplete_reference/pca30_k100/coreot_match_only/cell_transport_scores.parquet,nan,f348731032de16ea130a4f53c053b1d38db969942d0103b9c0ce581c6af85a74,160419,False,reconstructed per-method transport scores,isolated PBMC lineage reconstruction
pbmc_primary,results/submission_verification/PBMC/2026-08-03/pbmc_primary_lineage_reconstruction/regenerated/runs/pbmc_ifnb_cd8_t_cells_stim_seed2_taumin0p5_taumax1p5_alpha4_coreot_full/transport/incomplete_reference/pca30_k100/nn/cell_transport_scores.parquet,nan,cd7d685641dc33ab0157d61cc6dc95b9b4b09b32ead0e2ec65cf2d2b646a6290,59738,False,reconstructed per-method transport scores,isolated PBMC lineage reconstruction
pbmc_primary,results/submission_verification/PBMC/2026-08-03/pbmc_primary_lineage_reconstruction/regenerated/runs/pbmc_ifnb_cd8_t_cells_stim_seed2_taumin0p5_taumax1p5_alpha4_coreot_full/transport/incomplete_reference/pca30_k100/prior_only/cell_transport_scores.parquet,nan,a89d1fa24fd0db15b4d67e9b4ca362f65f1e534af11ea2c9a22cce536ed56563,30343,False,reconstructed per-method transport scores,isolated PBMC lineage reconstruction
pbmc_primary,results/submission_verification/PBMC/2026-08-03/pbmc_primary_lineage_reconstruction/regenerated/runs/pbmc_ifnb_cd8_t_cells_stim_seed2_taumin0p5_taumax1p5_alpha4_coreot_full/transport/incomplete_reference/pca30_k100/uniform_uot/cell_transport_scores.parquet,nan,7d796f86f710b9fa35f74e31f01037561ec71ca3692c140d0e6718620536ea53,158558,False,reconstructed per-method transport scores,isolated PBMC lineage reconstruction
pbmc_primary,results/submission_verification/PBMC/2026-08-03/pbmc_primary_lineage_reconstruction/regenerated/runs/pbmc_ifnb_cd8_t_cells_stim_seed2_taumin0p5_taumax1p5_alpha4_coreot_full/derived/full_reference_control/processed_expression.npz,nan,8076fed9c546405beb578fefbb73760053db7ec3c2a499a1313d17b3567a239b,46390515,False,reconstructed processed expression,isolated PBMC lineage reconstruction
pbmc_primary,results/submission_verification/PBMC/2026-08-03/pbmc_primary_lineage_reconstruction/regenerated/runs/pbmc_ifnb_cd8_t_cells_stim_seed2_taumin0p5_taumax1p5_alpha4_coreot_full/derived/full_reference_control/prior_profiles/default/source_priors.csv,nan,c693f05912f98400d274b05155e3d28033f7278c28f80d276dacf72c69036958,256432,False,reconstructed query priors,isolated PBMC lineage reconstruction
pbmc_primary,results/submission_verification/PBMC/2026-08-03/pbmc_primary_lineage_reconstruction/regenerated/runs/pbmc_ifnb_cd8_t_cells_stim_seed2_taumin0p5_taumax1p5_alpha4_coreot_full/derived/full_reference_control/prior_profiles/default/target_priors.csv,nan,fd5f556a1b851cebfe0d51c6636e5a6c461ace1d254035c72974482d1759a766,296849,False,reconstructed reference priors,isolated PBMC lineage reconstruction
pbmc_primary,results/submission_verification/PBMC/2026-08-03/pbmc_primary_lineage_reconstruction/regenerated/runs/pbmc_ifnb_cd8_t_cells_stim_seed2_taumin0p5_taumax1p5_alpha4_coreot_full/embeddings/full_reference_control/pca30/embedding.npy,nan,187cc84b085c46bba724d61cf5b51bd78035ee397afac64ceeaf2149e197085c,2169008,False,reconstructed PCA embedding,isolated PBMC lineage reconstruction
pbmc_primary,results/submission_verification/PBMC/2026-08-03/pbmc_primary_lineage_reconstruction/regenerated/runs/pbmc_ifnb_cd8_t_cells_stim_seed2_taumin0p5_taumax1p5_alpha4_coreot_full/embeddings/full_reference_control/pca30/embedding_2d.npy,nan,cebe84bc81dc47342df453f53b16cf1ccb9d145aaf77e5cf79979e5531a06609,144720,False,reconstructed two-dimensional PCA view,isolated PBMC lineage reconstruction
pbmc_primary,results/submission_verification/PBMC/2026-08-03/pbmc_primary_lineage_reconstruction/regenerated/runs/pbmc_ifnb_cd8_t_cells_stim_seed2_taumin0p5_taumax1p5_alpha4_coreot_full/candidates/full_reference_control/pca30_k100/candidate_edges.parquet,nan,d9b4e862820bb418b0b69c35544bc987a40554074b01048140c4aa1c5804b235,14063095,False,reconstructed candidate graph,isolated PBMC lineage reconstruction
pbmc_primary,results/submission_verification/PBMC/2026-08-03/pbmc_primary_lineage_reconstruction/regenerated/runs/pbmc_ifnb_cd8_t_cells_stim_seed2_taumin0p5_taumax1p5_alpha4_coreot_full/candidates/full_reference_control/pca30_k100/cost_arrays.npz,nan,ab60a57455153593b381145038ddd25207ccad3b0da1e544209d480dc11b1861,11520889,False,reconstructed candidate costs,isolated PBMC lineage reconstruction
pbmc_primary,results/submission_verification/PBMC/2026-08-03/pbmc_primary_lineage_reconstruction/regenerated/runs/pbmc_ifnb_cd8_t_cells_stim_seed2_taumin0p5_taumax1p5_alpha4_coreot_full/transport/full_reference_control/pca30_k100/balanced_ot/cell_transport_scores.parquet,nan,b345cbe382cabe2314f6a6e62fd23a0774138390d891b4406b5a7c40458aeb8a,109349,False,reconstructed per-method transport scores,isolated PBMC lineage reconstruction
pbmc_primary,results/submission_verification/PBMC/2026-08-03/pbmc_primary_lineage_reconstruction/regenerated/runs/pbmc_ifnb_cd8_t_cells_stim_seed2_taumin0p5_taumax1p5_alpha4_coreot_full/transport/full_reference_control/pca30_k100/coreot_full/cell_transport_scores.parquet,nan,47f184b2d08440143bcf9964c2b33d35203ed237eb0ea244c86250bd4b37ac4f,143053,False,reconstructed per-method transport scores,isolated PBMC lineage reconstruction
pbmc_primary,results/submission_verification/PBMC/2026-08-03/pbmc_primary_lineage_reconstruction/regenerated/runs/pbmc_ifnb_cd8_t_cells_stim_seed2_taumin0p5_taumax1p5_alpha4_coreot_full/transport/full_reference_control/pca30_k100/coreot_match_only/cell_transport_scores.parquet,nan,33844bd6e17d716c8ef213cbecebd27f7798bb582a817c596755503f4bfb5052,161354,False,reconstructed per-method transport scores,isolated PBMC lineage reconstruction
pbmc_primary,results/submission_verification/PBMC/2026-08-03/pbmc_primary_lineage_reconstruction/regenerated/runs/pbmc_ifnb_cd8_t_cells_stim_seed2_taumin0p5_taumax1p5_alpha4_coreot_full/transport/full_reference_control/pca30_k100/nn/cell_transport_scores.parquet,nan,afdc03f683a471788587c76cc0e7edbff00ba1c992c4556b197902c245fa2252,59747,False,reconstructed per-method transport scores,isolated PBMC lineage reconstruction
pbmc_primary,results/submission_verification/PBMC/2026-08-03/pbmc_primary_lineage_reconstruction/regenerated/runs/pbmc_ifnb_cd8_t_cells_stim_seed2_taumin0p5_taumax1p5_alpha4_coreot_full/transport/full_reference_control/pca30_k100/prior_only/cell_transport_scores.parquet,nan,b3a857941e03beb336fce6b6deb46009729a8c03e3143f10ed2b0bfbec91ce99,30353,False,reconstructed per-method transport scores,isolated PBMC lineage reconstruction
pbmc_primary,results/submission_verification/PBMC/2026-08-03/pbmc_primary_lineage_reconstruction/regenerated/runs/pbmc_ifnb_cd8_t_cells_stim_seed2_taumin0p5_taumax1p5_alpha4_coreot_full/transport/full_reference_control/pca30_k100/uniform_uot/cell_transport_scores.parquet,nan,16fd56390504e96c7a983ca1d7fda4faa8ea8a7e8f545375787eb285bf89ab24,159390,False,reconstructed per-method transport scores,isolated PBMC lineage reconstruction
pbmc_primary,results/submission_verification/PBMC/2026-08-03/pbmc_primary_lineage_reconstruction/regenerated/runs/pbmc_ifnb_cd8_t_cells_stim_seed3_taumin0p5_taumax1p5_alpha4_coreot_full/derived/incomplete_reference/processed_expression.npz,nan,c1bf91c16834007051b4bdfcdefb91e685306232b430fe73e391c51381cb1fc8,44497037,False,reconstructed processed expression,isolated PBMC lineage reconstruction
pbmc_primary,results/submission_verification/PBMC/2026-08-03/pbmc_primary_lineage_reconstruction/regenerated/runs/pbmc_ifnb_cd8_t_cells_stim_seed3_taumin0p5_taumax1p5_alpha4_coreot_full/derived/incomplete_reference/prior_profiles/default/source_priors.csv,nan,374e903fca0ceb0b4ce06595bbfe4117a5f60f84e0c85e6db44740d0414535b3,271062,False,reconstructed query priors,isolated PBMC lineage reconstruction
pbmc_primary,results/submission_verification/PBMC/2026-08-03/pbmc_primary_lineage_reconstruction/regenerated/runs/pbmc_ifnb_cd8_t_cells_stim_seed3_taumin0p5_taumax1p5_alpha4_coreot_full/derived/incomplete_reference/prior_profiles/default/target_priors.csv,nan,a1bc55f29d81d839865a3c5d3cf00b822bc24d01499ed1d6da3a9a33e02da1fe,269023,False,reconstructed reference priors,isolated PBMC lineage reconstruction
pbmc_primary,results/submission_verification/PBMC/2026-08-03/pbmc_primary_lineage_reconstruction/regenerated/runs/pbmc_ifnb_cd8_t_cells_stim_seed3_taumin0p5_taumax1p5_alpha4_coreot_full/embeddings/incomplete_reference/pca30/embedding.npy,nan,35cb22cf73596d7e1fc9dde6c3035b7ec0baa694ee757d7e219b410ebda7cee9,2056688,False,reconstructed PCA embedding,isolated PBMC lineage reconstruction
pbmc_primary,results/submission_verification/PBMC/2026-08-03/pbmc_primary_lineage_reconstruction/regenerated/runs/pbmc_ifnb_cd8_t_cells_stim_seed3_taumin0p5_taumax1p5_alpha4_coreot_full/embeddings/incomplete_reference/pca30/embedding_2d.npy,nan,b2d737f623da354b3dfd8b8608ebe4e42bfc4189873e300ca17a568ba006e23b,137232,False,reconstructed two-dimensional PCA view,isolated PBMC lineage reconstruction
pbmc_primary,results/submission_verification/PBMC/2026-08-03/pbmc_primary_lineage_reconstruction/regenerated/runs/pbmc_ifnb_cd8_t_cells_stim_seed3_taumin0p5_taumax1p5_alpha4_coreot_full/candidates/incomplete_reference/pca30_k100/candidate_edges.parquet,nan,b878fda3df279e7dd0e6cf6e554a4f39c299f5a92ab6cd2ef79db5bf94c0ef13,13036698,False,reconstructed candidate graph,isolated PBMC lineage reconstruction
pbmc_primary,results/submission_verification/PBMC/2026-08-03/pbmc_primary_lineage_reconstruction/regenerated/runs/pbmc_ifnb_cd8_t_cells_stim_seed3_taumin0p5_taumax1p5_alpha4_coreot_full/candidates/incomplete_reference/pca30_k100/cost_arrays.npz,nan,be1675684a30d3221c2c302ff66cdaedaa0ba136c0c05da306aed42fe4d83c93,10633657,False,reconstructed candidate costs,isolated PBMC lineage reconstruction
pbmc_primary,results/submission_verification/PBMC/2026-08-03/pbmc_primary_lineage_reconstruction/regenerated/runs/pbmc_ifnb_cd8_t_cells_stim_seed3_taumin0p5_taumax1p5_alpha4_coreot_full/transport/incomplete_reference/pca30_k100/balanced_ot/cell_transport_scores.parquet,nan,d074e18ebb7c83c27b9a457e4a3eee01931e445d5dc9fc0fbae18c26b92350f2,114326,False,reconstructed per-method transport scores,isolated PBMC lineage reconstruction
pbmc_primary,results/submission_verification/PBMC/2026-08-03/pbmc_primary_lineage_reconstruction/regenerated/runs/pbmc_ifnb_cd8_t_cells_stim_seed3_taumin0p5_taumax1p5_alpha4_coreot_full/transport/incomplete_reference/pca30_k100/coreot_full/cell_transport_scores.parquet,nan,1e9ad6fb978dbb2e9e7c47b166be779b28d60e26baa018c99238faf8f6cce377,147294,False,reconstructed per-method transport scores,isolated PBMC lineage reconstruction
pbmc_primary,results/submission_verification/PBMC/2026-08-03/pbmc_primary_lineage_reconstruction/regenerated/runs/pbmc_ifnb_cd8_t_cells_stim_seed3_taumin0p5_taumax1p5_alpha4_coreot_full/transport/incomplete_reference/pca30_k100/coreot_match_only/cell_transport_scores.parquet,nan,8dd941be0a75bbc630e6b69e52a3ea2e48b08e900d94a7abbafaf162db22a475,167251,False,reconstructed per-method transport scores,isolated PBMC lineage reconstruction
pbmc_primary,results/submission_verification/PBMC/2026-08-03/pbmc_primary_lineage_reconstruction/regenerated/runs/pbmc_ifnb_cd8_t_cells_stim_seed3_taumin0p5_taumax1p5_alpha4_coreot_full/transport/incomplete_reference/pca30_k100/nn/cell_transport_scores.parquet,nan,07567a877b67c99346ee2c700c7b79eb6a15de3e798cba86f22d74ead125c8bb,62462,False,reconstructed per-method transport scores,isolated PBMC lineage reconstruction
pbmc_primary,results/submission_verification/PBMC/2026-08-03/pbmc_primary_lineage_reconstruction/regenerated/runs/pbmc_ifnb_cd8_t_cells_stim_seed3_taumin0p5_taumax1p5_alpha4_coreot_full/transport/incomplete_reference/pca30_k100/prior_only/cell_transport_scores.parquet,nan,255e49259ff0972447dc4dda6d9b728bfbbefd1a7c1960df28f0cf4ae506a26d,31714,False,reconstructed per-method transport scores,isolated PBMC lineage reconstruction
pbmc_primary,results/submission_verification/PBMC/2026-08-03/pbmc_primary_lineage_reconstruction/regenerated/runs/pbmc_ifnb_cd8_t_cells_stim_seed3_taumin0p5_taumax1p5_alpha4_coreot_full/transport/incomplete_reference/pca30_k100/uniform_uot/cell_transport_scores.parquet,nan,db9422ef52c2af64df27a86ab23f85a54a0aa7c5ae100da90562634e79a71b99,165156,False,reconstructed per-method transport scores,isolated PBMC lineage reconstruction
pbmc_primary,results/submission_verification/PBMC/2026-08-03/pbmc_primary_lineage_reconstruction/regenerated/runs/pbmc_ifnb_cd8_t_cells_stim_seed3_taumin0p5_taumax1p5_alpha4_coreot_full/derived/full_reference_control/processed_expression.npz,nan,4510b3c16194f0677105e1c6f33db4ca0ebd393e8640a2ece6129a2b0bf05878,46676952,False,reconstructed processed expression,isolated PBMC lineage reconstruction
pbmc_primary,results/submission_verification/PBMC/2026-08-03/pbmc_primary_lineage_reconstruction/regenerated/runs/pbmc_ifnb_cd8_t_cells_stim_seed3_taumin0p5_taumax1p5_alpha4_coreot_full/derived/full_reference_control/prior_profiles/default/source_priors.csv,nan,374e903fca0ceb0b4ce06595bbfe4117a5f60f84e0c85e6db44740d0414535b3,271062,False,reconstructed query priors,isolated PBMC lineage reconstruction
pbmc_primary,results/submission_verification/PBMC/2026-08-03/pbmc_primary_lineage_reconstruction/regenerated/runs/pbmc_ifnb_cd8_t_cells_stim_seed3_taumin0p5_taumax1p5_alpha4_coreot_full/derived/full_reference_control/prior_profiles/default/target_priors.csv,nan,c630d476d51353169f3ad8b56af66d32bf77d5410d1f8b796b0a4767963e92e7,290609,False,reconstructed reference priors,isolated PBMC lineage reconstruction
pbmc_primary,results/submission_verification/PBMC/2026-08-03/pbmc_primary_lineage_reconstruction/regenerated/runs/pbmc_ifnb_cd8_t_cells_stim_seed3_taumin0p5_taumax1p5_alpha4_coreot_full/embeddings/full_reference_control/pca30/embedding.npy,nan,2f555ac10abe6d1e0a5606e88439ad4f12254f9d3b34025b48f5be000dfa4c2b,2177168,False,reconstructed PCA embedding,isolated PBMC lineage reconstruction
pbmc_primary,results/submission_verification/PBMC/2026-08-03/pbmc_primary_lineage_reconstruction/regenerated/runs/pbmc_ifnb_cd8_t_cells_stim_seed3_taumin0p5_taumax1p5_alpha4_coreot_full/embeddings/full_reference_control/pca30/embedding_2d.npy,nan,f7ebb23f6d60fc7531017b384e7f57c047fb93b275880cd49385a28f85cfff36,145264,False,reconstructed two-dimensional PCA view,isolated PBMC lineage reconstruction
pbmc_primary,results/submission_verification/PBMC/2026-08-03/pbmc_primary_lineage_reconstruction/regenerated/runs/pbmc_ifnb_cd8_t_cells_stim_seed3_taumin0p5_taumax1p5_alpha4_coreot_full/candidates/full_reference_control/pca30_k100/candidate_edges.parquet,nan,0c89fa20c13b65583b6f81f0044b3e93b0f0ce05e94ebbfed20eea9fda77a0df,13897102,False,reconstructed candidate graph,isolated PBMC lineage reconstruction
pbmc_primary,results/submission_verification/PBMC/2026-08-03/pbmc_primary_lineage_reconstruction/regenerated/runs/pbmc_ifnb_cd8_t_cells_stim_seed3_taumin0p5_taumax1p5_alpha4_coreot_full/candidates/full_reference_control/pca30_k100/cost_arrays.npz,nan,9b80654dfac454b781113277e48a535a60b69fc8df61a92bb49ba0e289e5976f,11376737,False,reconstructed candidate costs,isolated PBMC lineage reconstruction
pbmc_primary,results/submission_verification/PBMC/2026-08-03/pbmc_primary_lineage_reconstruction/regenerated/runs/pbmc_ifnb_cd8_t_cells_stim_seed3_taumin0p5_taumax1p5_alpha4_coreot_full/transport/full_reference_control/pca30_k100/balanced_ot/cell_transport_scores.parquet,nan,21d6807192712b27466c69b9e7790d0989e1f6eb1630d665c80ce683325529da,114351,False,reconstructed per-method transport scores,isolated PBMC lineage reconstruction
pbmc_primary,results/submission_verification/PBMC/2026-08-03/pbmc_primary_lineage_reconstruction/regenerated/runs/pbmc_ifnb_cd8_t_cells_stim_seed3_taumin0p5_taumax1p5_alpha4_coreot_full/transport/full_reference_control/pca30_k100/coreot_full/cell_transport_scores.parquet,nan,9085e9f26c86a88399b604346702910116e36b23bbf04ef5fc469a17bbcdfc7e,150376,False,reconstructed per-method transport scores,isolated PBMC lineage reconstruction
pbmc_primary,results/submission_verification/PBMC/2026-08-03/pbmc_primary_lineage_reconstruction/regenerated/runs/pbmc_ifnb_cd8_t_cells_stim_seed3_taumin0p5_taumax1p5_alpha4_coreot_full/transport/full_reference_control/pca30_k100/coreot_match_only/cell_transport_scores.parquet,nan,7b2154f659630ee963cb0be97e20cbdabd183c0ae14d92fcca48a5ddd986188a,168428,False,reconstructed per-method transport scores,isolated PBMC lineage reconstruction
pbmc_primary,results/submission_verification/PBMC/2026-08-03/pbmc_primary_lineage_reconstruction/regenerated/runs/pbmc_ifnb_cd8_t_cells_stim_seed3_taumin0p5_taumax1p5_alpha4_coreot_full/transport/full_reference_control/pca30_k100/nn/cell_transport_scores.parquet,nan,0c2af07725e937c3b3e9f62c1fb09e669a051c0c70ddddb2f124495cdae69841,62472,False,reconstructed per-method transport scores,isolated PBMC lineage reconstruction
pbmc_primary,results/submission_verification/PBMC/2026-08-03/pbmc_primary_lineage_reconstruction/regenerated/runs/pbmc_ifnb_cd8_t_cells_stim_seed3_taumin0p5_taumax1p5_alpha4_coreot_full/transport/full_reference_control/pca30_k100/prior_only/cell_transport_scores.parquet,nan,d2ce060433d278e3d1d75809447652b0b27c3af76d1604a1888d1a965422112d,31724,False,reconstructed per-method transport scores,isolated PBMC lineage reconstruction
pbmc_primary,results/submission_verification/PBMC/2026-08-03/pbmc_primary_lineage_reconstruction/regenerated/runs/pbmc_ifnb_cd8_t_cells_stim_seed3_taumin0p5_taumax1p5_alpha4_coreot_full/transport/full_reference_control/pca30_k100/uniform_uot/cell_transport_scores.parquet,nan,4406abcb51e3dfaba531a3af501d2bdcfdc2477cbdfd92518b1ab8369dc37eb7,166070,False,reconstructed per-method transport scores,isolated PBMC lineage reconstruction
pbmc_primary,results/submission_verification/PBMC/2026-08-03/pbmc_primary_lineage_reconstruction/regenerated/runs/pbmc_ifnb_cd8_t_cells_stim_seed4_taumin0p5_taumax1p5_alpha4_coreot_full/derived/incomplete_reference/processed_expression.npz,nan,e96533d28747e7b49f75580a225dcee4c9765f67cf317ef0af7e8badf00949b7,44131783,False,reconstructed processed expression,isolated PBMC lineage reconstruction
pbmc_primary,results/submission_verification/PBMC/2026-08-03/pbmc_primary_lineage_reconstruction/regenerated/runs/pbmc_ifnb_cd8_t_cells_stim_seed4_taumin0p5_taumax1p5_alpha4_coreot_full/derived/incomplete_reference/prior_profiles/default/source_priors.csv,nan,7b5161535aa56421736de4f20cd6d3ba35b637177e78cfd0f9322d4e67d157a1,304281,False,reconstructed query priors,isolated PBMC lineage reconstruction
pbmc_primary,results/submission_verification/PBMC/2026-08-03/pbmc_primary_lineage_reconstruction/regenerated/runs/pbmc_ifnb_cd8_t_cells_stim_seed4_taumin0p5_taumax1p5_alpha4_coreot_full/derived/incomplete_reference/prior_profiles/default/target_priors.csv,nan,e90212d69e7fd9d0a76b9a9a7315761cf04300c8041dc709ba7763ccb27cd5c2,247978,False,reconstructed reference priors,isolated PBMC lineage reconstruction
pbmc_primary,results/submission_verification/PBMC/2026-08-03/pbmc_primary_lineage_reconstruction/regenerated/runs/pbmc_ifnb_cd8_t_cells_stim_seed4_taumin0p5_taumax1p5_alpha4_coreot_full/embeddings/incomplete_reference/pca30/embedding.npy,nan,6daeba0c7c454fa254827db6b19efec2d73c2550f6bc8cf02b384b3c277238e4,2033408,False,reconstructed PCA embedding,isolated PBMC lineage reconstruction
pbmc_primary,results/submission_verification/PBMC/2026-08-03/pbmc_primary_lineage_reconstruction/regenerated/runs/pbmc_ifnb_cd8_t_cells_stim_seed4_taumin0p5_taumax1p5_alpha4_coreot_full/embeddings/incomplete_reference/pca30/embedding_2d.npy,nan,f40e622d17dc8758aaa7bde5558cb35d068512d920740540b1164f3ea00ef80f,135680,False,reconstructed two-dimensional PCA view,isolated PBMC lineage reconstruction
pbmc_primary,results/submission_verification/PBMC/2026-08-03/pbmc_primary_lineage_reconstruction/regenerated/runs/pbmc_ifnb_cd8_t_cells_stim_seed4_taumin0p5_taumax1p5_alpha4_coreot_full/candidates/incomplete_reference/pca30_k100/candidate_edges.parquet,nan,f23b2211722ffc109f0f7bf41bf9d945bee62b8212af7e4f214b825ec098af4b,12836509,False,reconstructed candidate graph,isolated PBMC lineage reconstruction
pbmc_primary,results/submission_verification/PBMC/2026-08-03/pbmc_primary_lineage_reconstruction/regenerated/runs/pbmc_ifnb_cd8_t_cells_stim_seed4_taumin0p5_taumax1p5_alpha4_coreot_full/candidates/incomplete_reference/pca30_k100/cost_arrays.npz,nan,7eea625a2e8915fa87fac4ea610255bf620e6f9e681e541fcc7ce6bdc89b3428,10479775,False,reconstructed candidate costs,isolated PBMC lineage reconstruction
pbmc_primary,results/submission_verification/PBMC/2026-08-03/pbmc_primary_lineage_reconstruction/regenerated/runs/pbmc_ifnb_cd8_t_cells_stim_seed4_taumin0p5_taumax1p5_alpha4_coreot_full/transport/incomplete_reference/pca30_k100/balanced_ot/cell_transport_scores.parquet,nan,2d4d30c6a4ef95516f99e6343f6d08077420034ed621e17536a16efcb7f8e9a5,127821,False,reconstructed per-method transport scores,isolated PBMC lineage reconstruction
pbmc_primary,results/submission_verification/PBMC/2026-08-03/pbmc_primary_lineage_reconstruction/regenerated/runs/pbmc_ifnb_cd8_t_cells_stim_seed4_taumin0p5_taumax1p5_alpha4_coreot_full/transport/incomplete_reference/pca30_k100/coreot_full/cell_transport_scores.parquet,nan,e15bdcac47d15683fb0855c99ca247622f28fa99916a17112332277c6314ee6f,170631,False,reconstructed per-method transport scores,isolated PBMC lineage reconstruction
pbmc_primary,results/submission_verification/PBMC/2026-08-03/pbmc_primary_lineage_reconstruction/regenerated/runs/pbmc_ifnb_cd8_t_cells_stim_seed4_taumin0p5_taumax1p5_alpha4_coreot_full/transport/incomplete_reference/pca30_k100/coreot_match_only/cell_transport_scores.parquet,nan,43f909f1be35e84e444d9f301633f927f6a84013320fca2b421dd2874c1c6220,186131,False,reconstructed per-method transport scores,isolated PBMC lineage reconstruction
pbmc_primary,results/submission_verification/PBMC/2026-08-03/pbmc_primary_lineage_reconstruction/regenerated/runs/pbmc_ifnb_cd8_t_cells_stim_seed4_taumin0p5_taumax1p5_alpha4_coreot_full/transport/incomplete_reference/pca30_k100/nn/cell_transport_scores.parquet,nan,687b84683d43951d5b3f87650779aeda3829027396e1bc153ad9793e4a3d5daf,69167,False,reconstructed per-method transport scores,isolated PBMC lineage reconstruction
pbmc_primary,results/submission_verification/PBMC/2026-08-03/pbmc_primary_lineage_reconstruction/regenerated/runs/pbmc_ifnb_cd8_t_cells_stim_seed4_taumin0p5_taumax1p5_alpha4_coreot_full/transport/incomplete_reference/pca30_k100/prior_only/cell_transport_scores.parquet,nan,4f0bb015c9094a316514441aa14392de93e6ca28ca028a36e7b351daba901f9d,35818,False,reconstructed per-method transport scores,isolated PBMC lineage reconstruction
pbmc_primary,results/submission_verification/PBMC/2026-08-03/pbmc_primary_lineage_reconstruction/regenerated/runs/pbmc_ifnb_cd8_t_cells_stim_seed4_taumin0p5_taumax1p5_alpha4_coreot_full/transport/incomplete_reference/pca30_k100/uniform_uot/cell_transport_scores.parquet,nan,6971ea8e23c58133aed7b2bf81558d736b718f87ce76e2069e3a0dee40c926bf,183211,False,reconstructed per-method transport scores,isolated PBMC lineage reconstruction
pbmc_primary,results/submission_verification/PBMC/2026-08-03/pbmc_primary_lineage_reconstruction/regenerated/runs/pbmc_ifnb_cd8_t_cells_stim_seed4_taumin0p5_taumax1p5_alpha4_coreot_full/derived/full_reference_control/processed_expression.npz,nan,e79adf9292dc8bf8991e715d859098a01fe6e62a01ad49949e84d2ce92b0663a,45270628,False,reconstructed processed expression,isolated PBMC lineage reconstruction
pbmc_primary,results/submission_verification/PBMC/2026-08-03/pbmc_primary_lineage_reconstruction/regenerated/runs/pbmc_ifnb_cd8_t_cells_stim_seed4_taumin0p5_taumax1p5_alpha4_coreot_full/derived/full_reference_control/prior_profiles/default/source_priors.csv,nan,7b5161535aa56421736de4f20cd6d3ba35b637177e78cfd0f9322d4e67d157a1,304281,False,reconstructed query priors,isolated PBMC lineage reconstruction
pbmc_primary,results/submission_verification/PBMC/2026-08-03/pbmc_primary_lineage_reconstruction/regenerated/runs/pbmc_ifnb_cd8_t_cells_stim_seed4_taumin0p5_taumax1p5_alpha4_coreot_full/derived/full_reference_control/prior_profiles/default/target_priors.csv,nan,aa15abae65f732443e85f89d52169da71d70178c6b74dfa2a48814abf5befded,259201,False,reconstructed reference priors,isolated PBMC lineage reconstruction
pbmc_primary,results/submission_verification/PBMC/2026-08-03/pbmc_primary_lineage_reconstruction/regenerated/runs/pbmc_ifnb_cd8_t_cells_stim_seed4_taumin0p5_taumax1p5_alpha4_coreot_full/embeddings/full_reference_control/pca30/embedding.npy,nan,b863d6d85812c509ee87bc3c8354a82153b939e961944605f1e2b1344f2d0081,2096048,False,reconstructed PCA embedding,isolated PBMC lineage reconstruction
pbmc_primary,results/submission_verification/PBMC/2026-08-03/pbmc_primary_lineage_reconstruction/regenerated/runs/pbmc_ifnb_cd8_t_cells_stim_seed4_taumin0p5_taumax1p5_alpha4_coreot_full/embeddings/full_reference_control/pca30/embedding_2d.npy,nan,0d4bf9bd2cfd0a620fd2c268f0628b50c737a7ee1f36830999ff9ef193cbd6ca,139856,False,reconstructed two-dimensional PCA view,isolated PBMC lineage reconstruction
pbmc_primary,results/submission_verification/PBMC/2026-08-03/pbmc_primary_lineage_reconstruction/regenerated/runs/pbmc_ifnb_cd8_t_cells_stim_seed4_taumin0p5_taumax1p5_alpha4_coreot_full/candidates/full_reference_control/pca30_k100/candidate_edges.parquet,nan,85afda2e0d4b8192411a647fb892260c6e0d76d5f85685cc28b59a7f77d4b328,13192925,False,reconstructed candidate graph,isolated PBMC lineage reconstruction
pbmc_primary,results/submission_verification/PBMC/2026-08-03/pbmc_primary_lineage_reconstruction/regenerated/runs/pbmc_ifnb_cd8_t_cells_stim_seed4_taumin0p5_taumax1p5_alpha4_coreot_full/candidates/full_reference_control/pca30_k100/cost_arrays.npz,nan,87473271016ae94d7027c1e60094f3dc4fb9f24493034e84a9772a43822c11cb,10782167,False,reconstructed candidate costs,isolated PBMC lineage reconstruction
pbmc_primary,results/submission_verification/PBMC/2026-08-03/pbmc_primary_lineage_reconstruction/regenerated/runs/pbmc_ifnb_cd8_t_cells_stim_seed4_taumin0p5_taumax1p5_alpha4_coreot_full/transport/full_reference_control/pca30_k100/balanced_ot/cell_transport_scores.parquet,nan,f20c35b1dfcc3782b84c81e5063fc2a0eeae267f4f891e4318362f2b7f6d1f6e,127433,False,reconstructed per-method transport scores,isolated PBMC lineage reconstruction
pbmc_primary,results/submission_verification/PBMC/2026-08-03/pbmc_primary_lineage_reconstruction/regenerated/runs/pbmc_ifnb_cd8_t_cells_stim_seed4_taumin0p5_taumax1p5_alpha4_coreot_full/transport/full_reference_control/pca30_k100/coreot_full/cell_transport_scores.parquet,nan,70f82ff3e51d726feeb6410911131f797eca78a804c467b1e8d7d067a99f8b6d,172591,False,reconstructed per-method transport scores,isolated PBMC lineage reconstruction
pbmc_primary,results/submission_verification/PBMC/2026-08-03/pbmc_primary_lineage_reconstruction/regenerated/runs/pbmc_ifnb_cd8_t_cells_stim_seed4_taumin0p5_taumax1p5_alpha4_coreot_full/transport/full_reference_control/pca30_k100/coreot_match_only/cell_transport_scores.parquet,nan,7aa6016da1b2cc44454f3f993735ef933eb2933ebbaba0cfba4e8b6154770ab1,187610,False,reconstructed per-method transport scores,isolated PBMC lineage reconstruction
pbmc_primary,results/submission_verification/PBMC/2026-08-03/pbmc_primary_lineage_reconstruction/regenerated/runs/pbmc_ifnb_cd8_t_cells_stim_seed4_taumin0p5_taumax1p5_alpha4_coreot_full/transport/full_reference_control/pca30_k100/nn/cell_transport_scores.parquet,nan,0cfcd5c2ad9b61e9a6546f87c0a88e370d1765f8e5119f0f8c7b8ced60251c44,69177,False,reconstructed per-method transport scores,isolated PBMC lineage reconstruction
pbmc_primary,results/submission_verification/PBMC/2026-08-03/pbmc_primary_lineage_reconstruction/regenerated/runs/pbmc_ifnb_cd8_t_cells_stim_seed4_taumin0p5_taumax1p5_alpha4_coreot_full/transport/full_reference_control/pca30_k100/prior_only/cell_transport_scores.parquet,nan,5d2dfd7d2403c4a29ca37ed1e6a9aa5333053be696e1243f699e419b044bdc82,35828,False,reconstructed per-method transport scores,isolated PBMC lineage reconstruction
pbmc_primary,results/submission_verification/PBMC/2026-08-03/pbmc_primary_lineage_reconstruction/regenerated/runs/pbmc_ifnb_cd8_t_cells_stim_seed4_taumin0p5_taumax1p5_alpha4_coreot_full/transport/full_reference_control/pca30_k100/uniform_uot/cell_transport_scores.parquet,nan,f6f544bfd3e6d2f87df534a1d5f2e22341ada00207adb09d91e54c4a3baaa80c,184558,False,reconstructed per-method transport scores,isolated PBMC lineage reconstruction
pbmc_primary,results/submission_verification/PBMC/2026-08-03/pbmc_primary_lineage_reconstruction/regenerated/runs/pbmc_ifnb_cd8_t_cells_stim_seed5_taumin0p5_taumax1p5_alpha4_coreot_full/derived/incomplete_reference/processed_expression.npz,nan,9847136510a15be6f71afba46bd1a52859188edbe2a6296a3e3a1cb598521e46,43597269,False,reconstructed processed expression,isolated PBMC lineage reconstruction
pbmc_primary,results/submission_verification/PBMC/2026-08-03/pbmc_primary_lineage_reconstruction/regenerated/runs/pbmc_ifnb_cd8_t_cells_stim_seed5_taumin0p5_taumax1p5_alpha4_coreot_full/derived/incomplete_reference/prior_profiles/default/source_priors.csv,nan,ffffad8559ab781d916e9df55c71515a9c0ca45bd07d061235d4a806683b0b40,251158,False,reconstructed query priors,isolated PBMC lineage reconstruction
pbmc_primary,results/submission_verification/PBMC/2026-08-03/pbmc_primary_lineage_reconstruction/regenerated/runs/pbmc_ifnb_cd8_t_cells_stim_seed5_taumin0p5_taumax1p5_alpha4_coreot_full/derived/incomplete_reference/prior_profiles/default/target_priors.csv,nan,c9780f4be74b7cb81336d3b8ecc20887a4b44ad6fa51d070d19eac98c522656d,267718,False,reconstructed reference priors,isolated PBMC lineage reconstruction
pbmc_primary,results/submission_verification/PBMC/2026-08-03/pbmc_primary_lineage_reconstruction/regenerated/runs/pbmc_ifnb_cd8_t_cells_stim_seed5_taumin0p5_taumax1p5_alpha4_coreot_full/embeddings/incomplete_reference/pca30/embedding.npy,nan,e6b8c004016919e3551e125fea2d4fafa2a71691c96a15c88968c45d4cc3d823,2002208,False,reconstructed PCA embedding,isolated PBMC lineage reconstruction
pbmc_primary,results/submission_verification/PBMC/2026-08-03/pbmc_primary_lineage_reconstruction/regenerated/runs/pbmc_ifnb_cd8_t_cells_stim_seed5_taumin0p5_taumax1p5_alpha4_coreot_full/embeddings/incomplete_reference/pca30/embedding_2d.npy,nan,2fea04137603aa4d34da132529f222cbb867c192ff6b310f2718766c03b38c6b,133600,False,reconstructed two-dimensional PCA view,isolated PBMC lineage reconstruction
pbmc_primary,results/submission_verification/PBMC/2026-08-03/pbmc_primary_lineage_reconstruction/regenerated/runs/pbmc_ifnb_cd8_t_cells_stim_seed5_taumin0p5_taumax1p5_alpha4_coreot_full/candidates/incomplete_reference/pca30_k100/candidate_edges.parquet,nan,d2c90b98370e3d8065f848018597bd8d1d0962203b38cf1920e8de7d627cc6ad,12857889,False,reconstructed candidate graph,isolated PBMC lineage reconstruction
pbmc_primary,results/submission_verification/PBMC/2026-08-03/pbmc_primary_lineage_reconstruction/regenerated/runs/pbmc_ifnb_cd8_t_cells_stim_seed5_taumin0p5_taumax1p5_alpha4_coreot_full/candidates/incomplete_reference/pca30_k100/cost_arrays.npz,nan,9e5cd4d7f917eb0e9610237326d7c0d89ca7b910fbf21d32f55238ba2eb6875d,10481047,False,reconstructed candidate costs,isolated PBMC lineage reconstruction
pbmc_primary,results/submission_verification/PBMC/2026-08-03/pbmc_primary_lineage_reconstruction/regenerated/runs/pbmc_ifnb_cd8_t_cells_stim_seed5_taumin0p5_taumax1p5_alpha4_coreot_full/transport/incomplete_reference/pca30_k100/balanced_ot/cell_transport_scores.parquet,nan,232ee5c3e85c8e532f9660560f0af2d4f0b47b20172fa49ecdff764e48e89c58,105806,False,reconstructed per-method transport scores,isolated PBMC lineage reconstruction
pbmc_primary,results/submission_verification/PBMC/2026-08-03/pbmc_primary_lineage_reconstruction/regenerated/runs/pbmc_ifnb_cd8_t_cells_stim_seed5_taumin0p5_taumax1p5_alpha4_coreot_full/transport/incomplete_reference/pca30_k100/coreot_full/cell_transport_scores.parquet,nan,4e5e78dbf38739cb16b6617fe4d77dac4c7f87c0f5d4a64ca4cad3ee3657e138,141311,False,reconstructed per-method transport scores,isolated PBMC lineage reconstruction
pbmc_primary,results/submission_verification/PBMC/2026-08-03/pbmc_primary_lineage_reconstruction/regenerated/runs/pbmc_ifnb_cd8_t_cells_stim_seed5_taumin0p5_taumax1p5_alpha4_coreot_full/transport/incomplete_reference/pca30_k100/coreot_match_only/cell_transport_scores.parquet,nan,c9175f9fbae76c7f5f4f688a274fe06f40689704b80e4eedff6ae5f1132f22a6,155823,False,reconstructed per-method transport scores,isolated PBMC lineage reconstruction
pbmc_primary,results/submission_verification/PBMC/2026-08-03/pbmc_primary_lineage_reconstruction/regenerated/runs/pbmc_ifnb_cd8_t_cells_stim_seed5_taumin0p5_taumax1p5_alpha4_coreot_full/transport/incomplete_reference/pca30_k100/nn/cell_transport_scores.parquet,nan,f57a4173008e388a399f9e63132123e132192872885443b889061c29cb4489b8,58052,False,reconstructed per-method transport scores,isolated PBMC lineage reconstruction
pbmc_primary,results/submission_verification/PBMC/2026-08-03/pbmc_primary_lineage_reconstruction/regenerated/runs/pbmc_ifnb_cd8_t_cells_stim_seed5_taumin0p5_taumax1p5_alpha4_coreot_full/transport/incomplete_reference/pca30_k100/prior_only/cell_transport_scores.parquet,nan,24c24e5d4ab197772566734f74af4220d817f7e62491f70f9dc1d63ae000cee1,28887,False,reconstructed per-method transport scores,isolated PBMC lineage reconstruction
pbmc_primary,results/submission_verification/PBMC/2026-08-03/pbmc_primary_lineage_reconstruction/regenerated/runs/pbmc_ifnb_cd8_t_cells_stim_seed5_taumin0p5_taumax1p5_alpha4_coreot_full/transport/incomplete_reference/pca30_k100/uniform_uot/cell_transport_scores.parquet,nan,75ee8cdd51ca45e3a77c4175c5ffe9d5da57bc96641b0b7be3f15928d70df8ab,154536,False,reconstructed per-method transport scores,isolated PBMC lineage reconstruction
pbmc_primary,results/submission_verification/PBMC/2026-08-03/pbmc_primary_lineage_reconstruction/regenerated/runs/pbmc_ifnb_cd8_t_cells_stim_seed5_taumin0p5_taumax1p5_alpha4_coreot_full/derived/full_reference_control/processed_expression.npz,nan,c842db08281880f1cffeaca5b2eaea31da78f3852b90d69fd99b7bd14fad34ac,45711865,False,reconstructed processed expression,isolated PBMC lineage reconstruction
pbmc_primary,results/submission_verification/PBMC/2026-08-03/pbmc_primary_lineage_reconstruction/regenerated/runs/pbmc_ifnb_cd8_t_cells_stim_seed5_taumin0p5_taumax1p5_alpha4_coreot_full/derived/full_reference_control/prior_profiles/default/source_priors.csv,nan,ffffad8559ab781d916e9df55c71515a9c0ca45bd07d061235d4a806683b0b40,251158,False,reconstructed query priors,isolated PBMC lineage reconstruction
pbmc_primary,results/submission_verification/PBMC/2026-08-03/pbmc_primary_lineage_reconstruction/regenerated/runs/pbmc_ifnb_cd8_t_cells_stim_seed5_taumin0p5_taumax1p5_alpha4_coreot_full/derived/full_reference_control/prior_profiles/default/target_priors.csv,nan,9d04bb1b1c0ef732919c34cdaa6c538b7322776349d9a4281cd68e9f23a2c6ae,289304,False,reconstructed reference priors,isolated PBMC lineage reconstruction
pbmc_primary,results/submission_verification/PBMC/2026-08-03/pbmc_primary_lineage_reconstruction/regenerated/runs/pbmc_ifnb_cd8_t_cells_stim_seed5_taumin0p5_taumax1p5_alpha4_coreot_full/embeddings/full_reference_control/pca30/embedding.npy,nan,156633e5c857b6266e37f4d9ad15cc92085ce9aa3dbbc05d8c6a0c5ef2694c60,2122688,False,reconstructed PCA embedding,isolated PBMC lineage reconstruction
pbmc_primary,results/submission_verification/PBMC/2026-08-03/pbmc_primary_lineage_reconstruction/regenerated/runs/pbmc_ifnb_cd8_t_cells_stim_seed5_taumin0p5_taumax1p5_alpha4_coreot_full/embeddings/full_reference_control/pca30/embedding_2d.npy,nan,8850446e528d7f703607bc3d70c7fc7ba3b99541d9521c8cd508a1f9d41761c1,141632,False,reconstructed two-dimensional PCA view,isolated PBMC lineage reconstruction
pbmc_primary,results/submission_verification/PBMC/2026-08-03/pbmc_primary_lineage_reconstruction/regenerated/runs/pbmc_ifnb_cd8_t_cells_stim_seed5_taumin0p5_taumax1p5_alpha4_coreot_full/candidates/full_reference_control/pca30_k100/candidate_edges.parquet,nan,b0d2d5fe8b973058b4a8e1c32d66e914dcb472226764f9e7a3be38353955781f,13767028,False,reconstructed candidate graph,isolated PBMC lineage reconstruction
pbmc_primary,results/submission_verification/PBMC/2026-08-03/pbmc_primary_lineage_reconstruction/regenerated/runs/pbmc_ifnb_cd8_t_cells_stim_seed5_taumin0p5_taumax1p5_alpha4_coreot_full/candidates/full_reference_control/pca30_k100/cost_arrays.npz,nan,88ebf4bc7a99214bbc94b0a6b49be47b68e4dd0c91b2f60cd009ac3c656f28b4,11271360,False,reconstructed candidate costs,isolated PBMC lineage reconstruction
pbmc_primary,results/submission_verification/PBMC/2026-08-03/pbmc_primary_lineage_reconstruction/regenerated/runs/pbmc_ifnb_cd8_t_cells_stim_seed5_taumin0p5_taumax1p5_alpha4_coreot_full/transport/full_reference_control/pca30_k100/balanced_ot/cell_transport_scores.parquet,nan,0764ac8b83e6219ddcd0665dfee1969539ce2cf64d6d77869f3e77b7ba0fdfe7,106627,False,reconstructed per-method transport scores,isolated PBMC lineage reconstruction
pbmc_primary,results/submission_verification/PBMC/2026-08-03/pbmc_primary_lineage_reconstruction/regenerated/runs/pbmc_ifnb_cd8_t_cells_stim_seed5_taumin0p5_taumax1p5_alpha4_coreot_full/transport/full_reference_control/pca30_k100/coreot_full/cell_transport_scores.parquet,nan,117f883e74479de2ddd1b11a4217c295f7b27789477863f0c66700100ddb4118,143356,False,reconstructed per-method transport scores,isolated PBMC lineage reconstruction
pbmc_primary,results/submission_verification/PBMC/2026-08-03/pbmc_primary_lineage_reconstruction/regenerated/runs/pbmc_ifnb_cd8_t_cells_stim_seed5_taumin0p5_taumax1p5_alpha4_coreot_full/transport/full_reference_control/pca30_k100/coreot_match_only/cell_transport_scores.parquet,nan,0f3b8958faf5849da2b53dc50d427868f945e27d883e73ab1e872e3fd5065f94,156851,False,reconstructed per-method transport scores,isolated PBMC lineage reconstruction
pbmc_primary,results/submission_verification/PBMC/2026-08-03/pbmc_primary_lineage_reconstruction/regenerated/runs/pbmc_ifnb_cd8_t_cells_stim_seed5_taumin0p5_taumax1p5_alpha4_coreot_full/transport/full_reference_control/pca30_k100/nn/cell_transport_scores.parquet,nan,5dcc9326c9de78521236498c21d9a9fa9131e0dcdc53d1d1d76fa40146d2eef5,58063,False,reconstructed per-method transport scores,isolated PBMC lineage reconstruction
pbmc_primary,results/submission_verification/PBMC/2026-08-03/pbmc_primary_lineage_reconstruction/regenerated/runs/pbmc_ifnb_cd8_t_cells_stim_seed5_taumin0p5_taumax1p5_alpha4_coreot_full/transport/full_reference_control/pca30_k100/prior_only/cell_transport_scores.parquet,nan,5c0cf41fc9bae646e3e2950ca146724088dc04aa28e85fa6b8b5370b485cb388,28897,False,reconstructed per-method transport scores,isolated PBMC lineage reconstruction
pbmc_primary,results/submission_verification/PBMC/2026-08-03/pbmc_primary_lineage_reconstruction/regenerated/runs/pbmc_ifnb_cd8_t_cells_stim_seed5_taumin0p5_taumax1p5_alpha4_coreot_full/transport/full_reference_control/pca30_k100/uniform_uot/cell_transport_scores.parquet,nan,d61068d66d9b56e4ed7bdd1ee6bbcf27209451133294f36fe4c39a3b005d46e8,153864,False,reconstructed per-method transport scores,isolated PBMC lineage reconstruction
pbmc_primary,results/submission_verification/PBMC/2026-08-03/pbmc_primary_lineage_reconstruction/regenerated/runs/pbmc_ifnb_dendritic_cells_stim_seed1_taumin0p75_taumax1_alpha3_coreot_full/derived/incomplete_reference/processed_expression.npz,nan,807faeaaf659e3739f07c8192f3772116519f8bf932146bcf1dff2dfe6b428ed,43364106,False,reconstructed processed expression,isolated PBMC lineage reconstruction
pbmc_primary,results/submission_verification/PBMC/2026-08-03/pbmc_primary_lineage_reconstruction/regenerated/runs/pbmc_ifnb_dendritic_cells_stim_seed1_taumin0p75_taumax1_alpha3_coreot_full/derived/incomplete_reference/prior_profiles/default/source_priors.csv,nan,fec193400569fdfadafc04bf52fbcec5ae0ab5c9f28e1b704885f19f41c8b818,229462,False,reconstructed query priors,isolated PBMC lineage reconstruction
pbmc_primary,results/submission_verification/PBMC/2026-08-03/pbmc_primary_lineage_reconstruction/regenerated/runs/pbmc_ifnb_dendritic_cells_stim_seed1_taumin0p75_taumax1_alpha3_coreot_full/derived/incomplete_reference/prior_profiles/default/target_priors.csv,nan,a2d2547ce533d3d61a9b6c2f00a0be2cbc48f5b8e22ee1cbdfcbae8c1a65d551,284208,False,reconstructed reference priors,isolated PBMC lineage reconstruction
pbmc_primary,results/submission_verification/PBMC/2026-08-03/pbmc_primary_lineage_reconstruction/regenerated/runs/pbmc_ifnb_dendritic_cells_stim_seed1_taumin0p75_taumax1_alpha3_coreot_full/embeddings/incomplete_reference/pca30/embedding.npy,nan,fd8663de67d56c86ce750ce471f4082b8b6ae915ca3a69e7f2b8bedd1d25ee9b,2039648,False,reconstructed PCA embedding,isolated PBMC lineage reconstruction
pbmc_primary,results/submission_verification/PBMC/2026-08-03/pbmc_primary_lineage_reconstruction/regenerated/runs/pbmc_ifnb_dendritic_cells_stim_seed1_taumin0p75_taumax1_alpha3_coreot_full/embeddings/incomplete_reference/pca30/embedding_2d.npy,nan,9ae823d1247c266e64bc41b0812527cbaad9a751d5f59ba714942fdcc84f150a,136096,False,reconstructed two-dimensional PCA view,isolated PBMC lineage reconstruction
pbmc_primary,results/submission_verification/PBMC/2026-08-03/pbmc_primary_lineage_reconstruction/regenerated/runs/pbmc_ifnb_dendritic_cells_stim_seed1_taumin0p75_taumax1_alpha3_coreot_full/candidates/incomplete_reference/pca30_k100/candidate_edges.parquet,nan,58c29d90caded527914bbd676bf3258fbb3fcbd70432702f4b3b31758fcb7bbe,13432084,False,reconstructed candidate graph,isolated PBMC lineage reconstruction
pbmc_primary,results/submission_verification/PBMC/2026-08-03/pbmc_primary_lineage_reconstruction/regenerated/runs/pbmc_ifnb_dendritic_cells_stim_seed1_taumin0p75_taumax1_alpha3_coreot_full/candidates/incomplete_reference/pca30_k100/cost_arrays.npz,nan,6f0210ddc492ed43f89595e8947840a92d48bb666af5a54749fc81db086cd54a,10964052,False,reconstructed candidate costs,isolated PBMC lineage reconstruction
pbmc_primary,results/submission_verification/PBMC/2026-08-03/pbmc_primary_lineage_reconstruction/regenerated/runs/pbmc_ifnb_dendritic_cells_stim_seed1_taumin0p75_taumax1_alpha3_coreot_full/transport/incomplete_reference/pca30_k100/balanced_ot/cell_transport_scores.parquet,nan,580e48b08f295a21c0bf19c5c6581bad9d7f96db3d9c44ba34be929bea84166f,98860,False,reconstructed per-method transport scores,isolated PBMC lineage reconstruction
pbmc_primary,results/submission_verification/PBMC/2026-08-03/pbmc_primary_lineage_reconstruction/regenerated/runs/pbmc_ifnb_dendritic_cells_stim_seed1_taumin0p75_taumax1_alpha3_coreot_full/transport/incomplete_reference/pca30_k100/coreot_full/cell_transport_scores.parquet,nan,3d00699c9bc6af9263e88a9d8f5a073a1128795d8dec067ba5d88c32cacd4ad8,137240,False,reconstructed per-method transport scores,isolated PBMC lineage reconstruction
pbmc_primary,results/submission_verification/PBMC/2026-08-03/pbmc_primary_lineage_reconstruction/regenerated/runs/pbmc_ifnb_dendritic_cells_stim_seed1_taumin0p75_taumax1_alpha3_coreot_full/transport/incomplete_reference/pca30_k100/coreot_match_only/cell_transport_scores.parquet,nan,750e274878d8e91c22c539a41bde304feec26a6f0ce3b6fc2ba25bf374d3607f,142884,False,reconstructed per-method transport scores,isolated PBMC lineage reconstruction
pbmc_primary,results/submission_verification/PBMC/2026-08-03/pbmc_primary_lineage_reconstruction/regenerated/runs/pbmc_ifnb_dendritic_cells_stim_seed1_taumin0p75_taumax1_alpha3_coreot_full/transport/incomplete_reference/pca30_k100/nn/cell_transport_scores.parquet,nan,a35236a49a0198c2c4b8cea929420fc878a3b2d5a20242c19494541a7db24bf3,54450,False,reconstructed per-method transport scores,isolated PBMC lineage reconstruction
pbmc_primary,results/submission_verification/PBMC/2026-08-03/pbmc_primary_lineage_reconstruction/regenerated/runs/pbmc_ifnb_dendritic_cells_stim_seed1_taumin0p75_taumax1_alpha3_coreot_full/transport/incomplete_reference/pca30_k100/prior_only/cell_transport_scores.parquet,nan,33c1d85528d488aa70c24fe0db241da84d989fef18ac363c2aa4662b2375d1a6,27720,False,reconstructed per-method transport scores,isolated PBMC lineage reconstruction
pbmc_primary,results/submission_verification/PBMC/2026-08-03/pbmc_primary_lineage_reconstruction/regenerated/runs/pbmc_ifnb_dendritic_cells_stim_seed1_taumin0p75_taumax1_alpha3_coreot_full/transport/incomplete_reference/pca30_k100/uniform_uot/cell_transport_scores.parquet,nan,1fa4b46a7cad3af42e28bd3321b1eaada3527f11de1562d6afda046190e93ba4,141180,False,reconstructed per-method transport scores,isolated PBMC lineage reconstruction
pbmc_primary,results/submission_verification/PBMC/2026-08-03/pbmc_primary_lineage_reconstruction/regenerated/runs/pbmc_ifnb_dendritic_cells_stim_seed1_taumin0p75_taumax1_alpha3_coreot_full/derived/full_reference_control/processed_expression.npz,nan,bbccedbffff4d9d71d6b0f50e2abff1718992fdf893d63635f1709878bd54756,44961829,False,reconstructed processed expression,isolated PBMC lineage reconstruction
pbmc_primary,results/submission_verification/PBMC/2026-08-03/pbmc_primary_lineage_reconstruction/regenerated/runs/pbmc_ifnb_dendritic_cells_stim_seed1_taumin0p75_taumax1_alpha3_coreot_full/derived/full_reference_control/prior_profiles/default/source_priors.csv,nan,fec193400569fdfadafc04bf52fbcec5ae0ab5c9f28e1b704885f19f41c8b818,229462,False,reconstructed query priors,isolated PBMC lineage reconstruction
pbmc_primary,results/submission_verification/PBMC/2026-08-03/pbmc_primary_lineage_reconstruction/regenerated/runs/pbmc_ifnb_dendritic_cells_stim_seed1_taumin0p75_taumax1_alpha3_coreot_full/derived/full_reference_control/prior_profiles/default/target_priors.csv,nan,e8a4e66a6f8d182826843da364088bee11a1d3a1343e5045e84a049a9c8b97ae,293568,False,reconstructed reference priors,isolated PBMC lineage reconstruction
pbmc_primary,results/submission_verification/PBMC/2026-08-03/pbmc_primary_lineage_reconstruction/regenerated/runs/pbmc_ifnb_dendritic_cells_stim_seed1_taumin0p75_taumax1_alpha3_coreot_full/embeddings/full_reference_control/pca30/embedding.npy,nan,8aabb8e98d077afb92ead4cf1affca8337b486a27f8186eb386436c451163d09,2086448,False,reconstructed PCA embedding,isolated PBMC lineage reconstruction
pbmc_primary,results/submission_verification/PBMC/2026-08-03/pbmc_primary_lineage_reconstruction/regenerated/runs/pbmc_ifnb_dendritic_cells_stim_seed1_taumin0p75_taumax1_alpha3_coreot_full/embeddings/full_reference_control/pca30/embedding_2d.npy,nan,c916a1a1cdd33ef9059389b9d749493a0286860754994bbbc10f83ac413a8281,139216,False,reconstructed two-dimensional PCA view,isolated PBMC lineage reconstruction
pbmc_primary,results/submission_verification/PBMC/2026-08-03/pbmc_primary_lineage_reconstruction/regenerated/runs/pbmc_ifnb_dendritic_cells_stim_seed1_taumin0p75_taumax1_alpha3_coreot_full/candidates/full_reference_control/pca30_k100/candidate_edges.parquet,nan,27f85a0f3a3ca96b1960dbcb189b13bfe67f6828213479775521bb1a0a9a59a6,13707091,False,reconstructed candidate graph,isolated PBMC lineage reconstruction
pbmc_primary,results/submission_verification/PBMC/2026-08-03/pbmc_primary_lineage_reconstruction/regenerated/runs/pbmc_ifnb_dendritic_cells_stim_seed1_taumin0p75_taumax1_alpha3_coreot_full/candidates/full_reference_control/pca30_k100/cost_arrays.npz,nan,bb4fb1f08949d5781a12684e366d1cc5b5e517e9706422e306a3cde1673e9186,11201915,False,reconstructed candidate costs,isolated PBMC lineage reconstruction
pbmc_primary,results/submission_verification/PBMC/2026-08-03/pbmc_primary_lineage_reconstruction/regenerated/runs/pbmc_ifnb_dendritic_cells_stim_seed1_taumin0p75_taumax1_alpha3_coreot_full/transport/full_reference_control/pca30_k100/balanced_ot/cell_transport_scores.parquet,nan,8a076b5268de2311137295cc18ec0a5fa1b0fadfe05d8fa3b1b88e5c852c92a4,98347,False,reconstructed per-method transport scores,isolated PBMC lineage reconstruction
pbmc_primary,results/submission_verification/PBMC/2026-08-03/pbmc_primary_lineage_reconstruction/regenerated/runs/pbmc_ifnb_dendritic_cells_stim_seed1_taumin0p75_taumax1_alpha3_coreot_full/transport/full_reference_control/pca30_k100/coreot_full/cell_transport_scores.parquet,nan,1361734f83d402f8a1a07e4262821a92517f774cbb93b6a5ac569889af5fed9b,137538,False,reconstructed per-method transport scores,isolated PBMC lineage reconstruction
pbmc_primary,results/submission_verification/PBMC/2026-08-03/pbmc_primary_lineage_reconstruction/regenerated/runs/pbmc_ifnb_dendritic_cells_stim_seed1_taumin0p75_taumax1_alpha3_coreot_full/transport/full_reference_control/pca30_k100/coreot_match_only/cell_transport_scores.parquet,nan,fd65e5011d63c1f9bfe4c03ea65a079994eb3ac7e7ddcb3a6fead28bce001501,143212,False,reconstructed per-method transport scores,isolated PBMC lineage reconstruction
pbmc_primary,results/submission_verification/PBMC/2026-08-03/pbmc_primary_lineage_reconstruction/regenerated/runs/pbmc_ifnb_dendritic_cells_stim_seed1_taumin0p75_taumax1_alpha3_coreot_full/transport/full_reference_control/pca30_k100/nn/cell_transport_scores.parquet,nan,92474139697cb1d0f8adce900b59a8b591a5289fc2267735a94fcf250cce91b3,54461,False,reconstructed per-method transport scores,isolated PBMC lineage reconstruction
pbmc_primary,results/submission_verification/PBMC/2026-08-03/pbmc_primary_lineage_reconstruction/regenerated/runs/pbmc_ifnb_dendritic_cells_stim_seed1_taumin0p75_taumax1_alpha3_coreot_full/transport/full_reference_control/pca30_k100/prior_only/cell_transport_scores.parquet,nan,3db08efcbb3f519c66f1790356b3d2699adf68b0866ec8dac5fd19e10e32f2a2,27730,False,reconstructed per-method transport scores,isolated PBMC lineage reconstruction
pbmc_primary,results/submission_verification/PBMC/2026-08-03/pbmc_primary_lineage_reconstruction/regenerated/runs/pbmc_ifnb_dendritic_cells_stim_seed1_taumin0p75_taumax1_alpha3_coreot_full/transport/full_reference_control/pca30_k100/uniform_uot/cell_transport_scores.parquet,nan,0699ab8aec1edf43e364943acae0b3600447b38b55fce9ef53f3eae317fb154d,141613,False,reconstructed per-method transport scores,isolated PBMC lineage reconstruction
pbmc_primary,results/submission_verification/PBMC/2026-08-03/pbmc_primary_lineage_reconstruction/regenerated/runs/pbmc_ifnb_dendritic_cells_stim_seed2_taumin0p75_taumax1_alpha3_coreot_full/derived/incomplete_reference/processed_expression.npz,nan,4354fb18bc79a3d50f73780642d63d2467aff0d7e313b4493d4fd093f13ee90f,44845271,False,reconstructed processed expression,isolated PBMC lineage reconstruction
pbmc_primary,results/submission_verification/PBMC/2026-08-03/pbmc_primary_lineage_reconstruction/regenerated/runs/pbmc_ifnb_dendritic_cells_stim_seed2_taumin0p75_taumax1_alpha3_coreot_full/derived/incomplete_reference/prior_profiles/default/source_priors.csv,nan,c693f05912f98400d274b05155e3d28033f7278c28f80d276dacf72c69036958,256432,False,reconstructed query priors,isolated PBMC lineage reconstruction
pbmc_primary,results/submission_verification/PBMC/2026-08-03/pbmc_primary_lineage_reconstruction/regenerated/runs/pbmc_ifnb_dendritic_cells_stim_seed2_taumin0p75_taumax1_alpha3_coreot_full/derived/incomplete_reference/prior_profiles/default/target_priors.csv,nan,49ffc88392c20c578fb51712e74d312e8b5de1560d49f3467667c53ad6f109b4,287921,False,reconstructed reference priors,isolated PBMC lineage reconstruction
pbmc_primary,results/submission_verification/PBMC/2026-08-03/pbmc_primary_lineage_reconstruction/regenerated/runs/pbmc_ifnb_dendritic_cells_stim_seed2_taumin0p75_taumax1_alpha3_coreot_full/embeddings/incomplete_reference/pca30/embedding.npy,nan,13f565c7a33d4d08d2e2d72a28304a977244cbcbf1e83e497b228b8290a6b3bf,2124368,False,reconstructed PCA embedding,isolated PBMC lineage reconstruction
pbmc_primary,results/submission_verification/PBMC/2026-08-03/pbmc_primary_lineage_reconstruction/regenerated/runs/pbmc_ifnb_dendritic_cells_stim_seed2_taumin0p75_taumax1_alpha3_coreot_full/embeddings/incomplete_reference/pca30/embedding_2d.npy,nan,efcea1727b55b43a98a83019d0f624b43c88f95f1ed7de1ab90aea7c13a1710a,141744,False,reconstructed two-dimensional PCA view,isolated PBMC lineage reconstruction
pbmc_primary,results/submission_verification/PBMC/2026-08-03/pbmc_primary_lineage_reconstruction/regenerated/runs/pbmc_ifnb_dendritic_cells_stim_seed2_taumin0p75_taumax1_alpha3_coreot_full/candidates/incomplete_reference/pca30_k100/candidate_edges.parquet,nan,0772097159d42c828ec6542d40dd3a0d96436e60c55575d6a5d1eb187680e482,13805397,False,reconstructed candidate graph,isolated PBMC lineage reconstruction
pbmc_primary,results/submission_verification/PBMC/2026-08-03/pbmc_primary_lineage_reconstruction/regenerated/runs/pbmc_ifnb_dendritic_cells_stim_seed2_taumin0p75_taumax1_alpha3_coreot_full/candidates/incomplete_reference/pca30_k100/cost_arrays.npz,nan,00a627efedb91edcdd796db153df107d682aff87e3ea2a5913c025bc391a8700,11290272,False,reconstructed candidate costs,isolated PBMC lineage reconstruction
pbmc_primary,results/submission_verification/PBMC/2026-08-03/pbmc_primary_lineage_reconstruction/regenerated/runs/pbmc_ifnb_dendritic_cells_stim_seed2_taumin0p75_taumax1_alpha3_coreot_full/transport/incomplete_reference/pca30_k100/balanced_ot/cell_transport_scores.parquet,nan,50424ef4cd1598b17d2e9f64ec3f3352cf65dca9db2e22d12294a2381d6a6d48,109640,False,reconstructed per-method transport scores,isolated PBMC lineage reconstruction
pbmc_primary,results/submission_verification/PBMC/2026-08-03/pbmc_primary_lineage_reconstruction/regenerated/runs/pbmc_ifnb_dendritic_cells_stim_seed2_taumin0p75_taumax1_alpha3_coreot_full/transport/incomplete_reference/pca30_k100/coreot_full/cell_transport_scores.parquet,nan,e5fce380b54fb7aed58ace98f2d3c653ba14e6881112f77e1b66fd8b2c81d54b,149687,False,reconstructed per-method transport scores,isolated PBMC lineage reconstruction
pbmc_primary,results/submission_verification/PBMC/2026-08-03/pbmc_primary_lineage_reconstruction/regenerated/runs/pbmc_ifnb_dendritic_cells_stim_seed2_taumin0p75_taumax1_alpha3_coreot_full/transport/incomplete_reference/pca30_k100/coreot_match_only/cell_transport_scores.parquet,nan,4d5569ec09a0d204b98e772ce90fca8fb5673f0f6c6748cc1a1d3b6703e900e4,161048,False,reconstructed per-method transport scores,isolated PBMC lineage reconstruction
pbmc_primary,results/submission_verification/PBMC/2026-08-03/pbmc_primary_lineage_reconstruction/regenerated/runs/pbmc_ifnb_dendritic_cells_stim_seed2_taumin0p75_taumax1_alpha3_coreot_full/transport/incomplete_reference/pca30_k100/nn/cell_transport_scores.parquet,nan,ba4fbc4a6bb7e9290db7d05b90e07d762b0a1ccb37a1270221ed058de0bf3141,59793,False,reconstructed per-method transport scores,isolated PBMC lineage reconstruction
pbmc_primary,results/submission_verification/PBMC/2026-08-03/pbmc_primary_lineage_reconstruction/regenerated/runs/pbmc_ifnb_dendritic_cells_stim_seed2_taumin0p75_taumax1_alpha3_coreot_full/transport/incomplete_reference/pca30_k100/prior_only/cell_transport_scores.parquet,nan,b251f8543fab76dbc7418f1007f7b1cde7c260f090da9c831a206f363c7bcec2,30455,False,reconstructed per-method transport scores,isolated PBMC lineage reconstruction
pbmc_primary,results/submission_verification/PBMC/2026-08-03/pbmc_primary_lineage_reconstruction/regenerated/runs/pbmc_ifnb_dendritic_cells_stim_seed2_taumin0p75_taumax1_alpha3_coreot_full/transport/incomplete_reference/pca30_k100/uniform_uot/cell_transport_scores.parquet,nan,d5de86ddba010e48e93b7d0906463a945d482ce1581d65819fa45df52df2b02f,159117,False,reconstructed per-method transport scores,isolated PBMC lineage reconstruction
pbmc_primary,results/submission_verification/PBMC/2026-08-03/pbmc_primary_lineage_reconstruction/regenerated/runs/pbmc_ifnb_dendritic_cells_stim_seed2_taumin0p75_taumax1_alpha3_coreot_full/derived/full_reference_control/processed_expression.npz,nan,8076fed9c546405beb578fefbb73760053db7ec3c2a499a1313d17b3567a239b,46390515,False,reconstructed processed expression,isolated PBMC lineage reconstruction
pbmc_primary,results/submission_verification/PBMC/2026-08-03/pbmc_primary_lineage_reconstruction/regenerated/runs/pbmc_ifnb_dendritic_cells_stim_seed2_taumin0p75_taumax1_alpha3_coreot_full/derived/full_reference_control/prior_profiles/default/source_priors.csv,nan,c693f05912f98400d274b05155e3d28033f7278c28f80d276dacf72c69036958,256432,False,reconstructed query priors,isolated PBMC lineage reconstruction
pbmc_primary,results/submission_verification/PBMC/2026-08-03/pbmc_primary_lineage_reconstruction/regenerated/runs/pbmc_ifnb_dendritic_cells_stim_seed2_taumin0p75_taumax1_alpha3_coreot_full/derived/full_reference_control/prior_profiles/default/target_priors.csv,nan,fd5f556a1b851cebfe0d51c6636e5a6c461ace1d254035c72974482d1759a766,296849,False,reconstructed reference priors,isolated PBMC lineage reconstruction
pbmc_primary,results/submission_verification/PBMC/2026-08-03/pbmc_primary_lineage_reconstruction/regenerated/runs/pbmc_ifnb_dendritic_cells_stim_seed2_taumin0p75_taumax1_alpha3_coreot_full/embeddings/full_reference_control/pca30/embedding.npy,nan,187cc84b085c46bba724d61cf5b51bd78035ee397afac64ceeaf2149e197085c,2169008,False,reconstructed PCA embedding,isolated PBMC lineage reconstruction
pbmc_primary,results/submission_verification/PBMC/2026-08-03/pbmc_primary_lineage_reconstruction/regenerated/runs/pbmc_ifnb_dendritic_cells_stim_seed2_taumin0p75_taumax1_alpha3_coreot_full/embeddings/full_reference_control/pca30/embedding_2d.npy,nan,cebe84bc81dc47342df453f53b16cf1ccb9d145aaf77e5cf79979e5531a06609,144720,False,reconstructed two-dimensional PCA view,isolated PBMC lineage reconstruction
pbmc_primary,results/submission_verification/PBMC/2026-08-03/pbmc_primary_lineage_reconstruction/regenerated/runs/pbmc_ifnb_dendritic_cells_stim_seed2_taumin0p75_taumax1_alpha3_coreot_full/candidates/full_reference_control/pca30_k100/candidate_edges.parquet,nan,d9b4e862820bb418b0b69c35544bc987a40554074b01048140c4aa1c5804b235,14063095,False,reconstructed candidate graph,isolated PBMC lineage reconstruction
pbmc_primary,results/submission_verification/PBMC/2026-08-03/pbmc_primary_lineage_reconstruction/regenerated/runs/pbmc_ifnb_dendritic_cells_stim_seed2_taumin0p75_taumax1_alpha3_coreot_full/candidates/full_reference_control/pca30_k100/cost_arrays.npz,nan,ab60a57455153593b381145038ddd25207ccad3b0da1e544209d480dc11b1861,11520889,False,reconstructed candidate costs,isolated PBMC lineage reconstruction
pbmc_primary,results/submission_verification/PBMC/2026-08-03/pbmc_primary_lineage_reconstruction/regenerated/runs/pbmc_ifnb_dendritic_cells_stim_seed2_taumin0p75_taumax1_alpha3_coreot_full/transport/full_reference_control/pca30_k100/balanced_ot/cell_transport_scores.parquet,nan,861631f30e2e754b2a0da87643ef12b6a1f030b3f5dc1183bfa54156ff015393,109405,False,reconstructed per-method transport scores,isolated PBMC lineage reconstruction
pbmc_primary,results/submission_verification/PBMC/2026-08-03/pbmc_primary_lineage_reconstruction/regenerated/runs/pbmc_ifnb_dendritic_cells_stim_seed2_taumin0p75_taumax1_alpha3_coreot_full/transport/full_reference_control/pca30_k100/coreot_full/cell_transport_scores.parquet,nan,3c59de413b99f2ecc57a520321fbe2cd856fe62dce1fbc45d3a3c52252a6faef,149779,False,reconstructed per-method transport scores,isolated PBMC lineage reconstruction
pbmc_primary,results/submission_verification/PBMC/2026-08-03/pbmc_primary_lineage_reconstruction/regenerated/runs/pbmc_ifnb_dendritic_cells_stim_seed2_taumin0p75_taumax1_alpha3_coreot_full/transport/full_reference_control/pca30_k100/coreot_match_only/cell_transport_scores.parquet,nan,f71e0f2f0e78bce6306ae9d414393213f1f783fec79867aff8a84d5c65b34197,161300,False,reconstructed per-method transport scores,isolated PBMC lineage reconstruction
pbmc_primary,results/submission_verification/PBMC/2026-08-03/pbmc_primary_lineage_reconstruction/regenerated/runs/pbmc_ifnb_dendritic_cells_stim_seed2_taumin0p75_taumax1_alpha3_coreot_full/transport/full_reference_control/pca30_k100/nn/cell_transport_scores.parquet,nan,9c021b4cd37f8fd9ea69abe2ff49238dbba36ae8aa9ba5cc8dd9ae95ee74036f,59803,False,reconstructed per-method transport scores,isolated PBMC lineage reconstruction
pbmc_primary,results/submission_verification/PBMC/2026-08-03/pbmc_primary_lineage_reconstruction/regenerated/runs/pbmc_ifnb_dendritic_cells_stim_seed2_taumin0p75_taumax1_alpha3_coreot_full/transport/full_reference_control/pca30_k100/prior_only/cell_transport_scores.parquet,nan,3efb0f797b8b2cef8aeb0dc1209d3fd4014fb60935b6f8cc9d9fa61a99715f90,30465,False,reconstructed per-method transport scores,isolated PBMC lineage reconstruction
pbmc_primary,results/submission_verification/PBMC/2026-08-03/pbmc_primary_lineage_reconstruction/regenerated/runs/pbmc_ifnb_dendritic_cells_stim_seed2_taumin0p75_taumax1_alpha3_coreot_full/transport/full_reference_control/pca30_k100/uniform_uot/cell_transport_scores.parquet,nan,b4bdf34450013c70bd9d28d584a9afb0a98127c55e3546ece194320003753698,159446,False,reconstructed per-method transport scores,isolated PBMC lineage reconstruction
pbmc_primary,results/submission_verification/PBMC/2026-08-03/pbmc_primary_lineage_reconstruction/regenerated/runs/pbmc_ifnb_dendritic_cells_stim_seed3_taumin0p75_taumax1_alpha3_coreot_full/derived/incomplete_reference/processed_expression.npz,nan,611d8e9c3afcc4605d959c2862d238893455f91617be816b61c4e8da1dd45cb0,45291642,False,reconstructed processed expression,isolated PBMC lineage reconstruction
pbmc_primary,results/submission_verification/PBMC/2026-08-03/pbmc_primary_lineage_reconstruction/regenerated/runs/pbmc_ifnb_dendritic_cells_stim_seed3_taumin0p75_taumax1_alpha3_coreot_full/derived/incomplete_reference/prior_profiles/default/source_priors.csv,nan,374e903fca0ceb0b4ce06595bbfe4117a5f60f84e0c85e6db44740d0414535b3,271062,False,reconstructed query priors,isolated PBMC lineage reconstruction
pbmc_primary,results/submission_verification/PBMC/2026-08-03/pbmc_primary_lineage_reconstruction/regenerated/runs/pbmc_ifnb_dendritic_cells_stim_seed3_taumin0p75_taumax1_alpha3_coreot_full/derived/incomplete_reference/prior_profiles/default/target_priors.csv,nan,fec70fc36d5e5659a8d61848219d929c639986eb868b0344135b28f48ad47199,282641,False,reconstructed reference priors,isolated PBMC lineage reconstruction
pbmc_primary,results/submission_verification/PBMC/2026-08-03/pbmc_primary_lineage_reconstruction/regenerated/runs/pbmc_ifnb_dendritic_cells_stim_seed3_taumin0p75_taumax1_alpha3_coreot_full/embeddings/incomplete_reference/pca30/embedding.npy,nan,d25b6169b098776a56f18d51b93f4af3f4cffdc2b79bbc01cfc41e53de7cfc12,2137328,False,reconstructed PCA embedding,isolated PBMC lineage reconstruction
pbmc_primary,results/submission_verification/PBMC/2026-08-03/pbmc_primary_lineage_reconstruction/regenerated/runs/pbmc_ifnb_dendritic_cells_stim_seed3_taumin0p75_taumax1_alpha3_coreot_full/embeddings/incomplete_reference/pca30/embedding_2d.npy,nan,868d44218c860761e7b249b6e625c5af361dd02210e10283cfb5e7fa4787468c,142608,False,reconstructed two-dimensional PCA view,isolated PBMC lineage reconstruction
pbmc_primary,results/submission_verification/PBMC/2026-08-03/pbmc_primary_lineage_reconstruction/regenerated/runs/pbmc_ifnb_dendritic_cells_stim_seed3_taumin0p75_taumax1_alpha3_coreot_full/candidates/incomplete_reference/pca30_k100/candidate_edges.parquet,nan,6932f911d62f64cc9c2fe12877d2a8dd16e9ee1edb7130bdd257df7d59f0d3a9,13690490,False,reconstructed candidate graph,isolated PBMC lineage reconstruction
pbmc_primary,results/submission_verification/PBMC/2026-08-03/pbmc_primary_lineage_reconstruction/regenerated/runs/pbmc_ifnb_dendritic_cells_stim_seed3_taumin0p75_taumax1_alpha3_coreot_full/candidates/incomplete_reference/pca30_k100/cost_arrays.npz,nan,9286397cd62ade69d575aed0a8aa5ad18247a1084dfc7d5609bdc4826133c7bf,11195143,False,reconstructed candidate costs,isolated PBMC lineage reconstruction
pbmc_primary,results/submission_verification/PBMC/2026-08-03/pbmc_primary_lineage_reconstruction/regenerated/runs/pbmc_ifnb_dendritic_cells_stim_seed3_taumin0p75_taumax1_alpha3_coreot_full/transport/incomplete_reference/pca30_k100/balanced_ot/cell_transport_scores.parquet,nan,43def958428d885ba034c2d1b213fb9e56dbd82b464e3904c9189b3861877175,114791,False,reconstructed per-method transport scores,isolated PBMC lineage reconstruction
pbmc_primary,results/submission_verification/PBMC/2026-08-03/pbmc_primary_lineage_reconstruction/regenerated/runs/pbmc_ifnb_dendritic_cells_stim_seed3_taumin0p75_taumax1_alpha3_coreot_full/transport/incomplete_reference/pca30_k100/coreot_full/cell_transport_scores.parquet,nan,64e7144138f2981c9b76984565c7927fc9c8d07e2b4d62163594265e11c809d5,157199,False,reconstructed per-method transport scores,isolated PBMC lineage reconstruction
pbmc_primary,results/submission_verification/PBMC/2026-08-03/pbmc_primary_lineage_reconstruction/regenerated/runs/pbmc_ifnb_dendritic_cells_stim_seed3_taumin0p75_taumax1_alpha3_coreot_full/transport/incomplete_reference/pca30_k100/coreot_match_only/cell_transport_scores.parquet,nan,ce64e31f8b67adbab05013f3fae88b219d995c018a8220a4d4ac3be0c69969d5,168091,False,reconstructed per-method transport scores,isolated PBMC lineage reconstruction
pbmc_primary,results/submission_verification/PBMC/2026-08-03/pbmc_primary_lineage_reconstruction/regenerated/runs/pbmc_ifnb_dendritic_cells_stim_seed3_taumin0p75_taumax1_alpha3_coreot_full/transport/incomplete_reference/pca30_k100/nn/cell_transport_scores.parquet,nan,3fb01cb14630c2b7a8f13fb64c4991578e7e9936794c99859618252db1ee1dd2,62519,False,reconstructed per-method transport scores,isolated PBMC lineage reconstruction
pbmc_primary,results/submission_verification/PBMC/2026-08-03/pbmc_primary_lineage_reconstruction/regenerated/runs/pbmc_ifnb_dendritic_cells_stim_seed3_taumin0p75_taumax1_alpha3_coreot_full/transport/incomplete_reference/pca30_k100/prior_only/cell_transport_scores.parquet,nan,b0bcb5a256e3fabcfa757fcddcd0cbf2bd72f1c76b80e299348ff1bd35b4fe05,31828,False,reconstructed per-method transport scores,isolated PBMC lineage reconstruction
pbmc_primary,results/submission_verification/PBMC/2026-08-03/pbmc_primary_lineage_reconstruction/regenerated/runs/pbmc_ifnb_dendritic_cells_stim_seed3_taumin0p75_taumax1_alpha3_coreot_full/transport/incomplete_reference/pca30_k100/uniform_uot/cell_transport_scores.parquet,nan,0f6317ba2190772bebdd20aafe0e4eb7e99366a5504974a7c7a95f4eeeed83e8,166119,False,reconstructed per-method transport scores,isolated PBMC lineage reconstruction
pbmc_primary,results/submission_verification/PBMC/2026-08-03/pbmc_primary_lineage_reconstruction/regenerated/runs/pbmc_ifnb_dendritic_cells_stim_seed3_taumin0p75_taumax1_alpha3_coreot_full/derived/full_reference_control/processed_expression.npz,nan,4510b3c16194f0677105e1c6f33db4ca0ebd393e8640a2ece6129a2b0bf05878,46676952,False,reconstructed processed expression,isolated PBMC lineage reconstruction
pbmc_primary,results/submission_verification/PBMC/2026-08-03/pbmc_primary_lineage_reconstruction/regenerated/runs/pbmc_ifnb_dendritic_cells_stim_seed3_taumin0p75_taumax1_alpha3_coreot_full/derived/full_reference_control/prior_profiles/default/source_priors.csv,nan,374e903fca0ceb0b4ce06595bbfe4117a5f60f84e0c85e6db44740d0414535b3,271062,False,reconstructed query priors,isolated PBMC lineage reconstruction
pbmc_primary,results/submission_verification/PBMC/2026-08-03/pbmc_primary_lineage_reconstruction/regenerated/runs/pbmc_ifnb_dendritic_cells_stim_seed3_taumin0p75_taumax1_alpha3_coreot_full/derived/full_reference_control/prior_profiles/default/target_priors.csv,nan,c630d476d51353169f3ad8b56af66d32bf77d5410d1f8b796b0a4767963e92e7,290609,False,reconstructed reference priors,isolated PBMC lineage reconstruction
pbmc_primary,results/submission_verification/PBMC/2026-08-03/pbmc_primary_lineage_reconstruction/regenerated/runs/pbmc_ifnb_dendritic_cells_stim_seed3_taumin0p75_taumax1_alpha3_coreot_full/embeddings/full_reference_control/pca30/embedding.npy,nan,2f555ac10abe6d1e0a5606e88439ad4f12254f9d3b34025b48f5be000dfa4c2b,2177168,False,reconstructed PCA embedding,isolated PBMC lineage reconstruction
pbmc_primary,results/submission_verification/PBMC/2026-08-03/pbmc_primary_lineage_reconstruction/regenerated/runs/pbmc_ifnb_dendritic_cells_stim_seed3_taumin0p75_taumax1_alpha3_coreot_full/embeddings/full_reference_control/pca30/embedding_2d.npy,nan,f7ebb23f6d60fc7531017b384e7f57c047fb93b275880cd49385a28f85cfff36,145264,False,reconstructed two-dimensional PCA view,isolated PBMC lineage reconstruction
pbmc_primary,results/submission_verification/PBMC/2026-08-03/pbmc_primary_lineage_reconstruction/regenerated/runs/pbmc_ifnb_dendritic_cells_stim_seed3_taumin0p75_taumax1_alpha3_coreot_full/candidates/full_reference_control/pca30_k100/candidate_edges.parquet,nan,0c89fa20c13b65583b6f81f0044b3e93b0f0ce05e94ebbfed20eea9fda77a0df,13897102,False,reconstructed candidate graph,isolated PBMC lineage reconstruction
pbmc_primary,results/submission_verification/PBMC/2026-08-03/pbmc_primary_lineage_reconstruction/regenerated/runs/pbmc_ifnb_dendritic_cells_stim_seed3_taumin0p75_taumax1_alpha3_coreot_full/candidates/full_reference_control/pca30_k100/cost_arrays.npz,nan,9b80654dfac454b781113277e48a535a60b69fc8df61a92bb49ba0e289e5976f,11376737,False,reconstructed candidate costs,isolated PBMC lineage reconstruction
pbmc_primary,results/submission_verification/PBMC/2026-08-03/pbmc_primary_lineage_reconstruction/regenerated/runs/pbmc_ifnb_dendritic_cells_stim_seed3_taumin0p75_taumax1_alpha3_coreot_full/transport/full_reference_control/pca30_k100/balanced_ot/cell_transport_scores.parquet,nan,12355c093226572bc9a68584291542882f466367bf3024d5c5a41859f2047abd,114408,False,reconstructed per-method transport scores,isolated PBMC lineage reconstruction
pbmc_primary,results/submission_verification/PBMC/2026-08-03/pbmc_primary_lineage_reconstruction/regenerated/runs/pbmc_ifnb_dendritic_cells_stim_seed3_taumin0p75_taumax1_alpha3_coreot_full/transport/full_reference_control/pca30_k100/coreot_full/cell_transport_scores.parquet,nan,2494068073b21109ba3328aca38af930a17feef6800aa11c8933774c81da0404,156919,False,reconstructed per-method transport scores,isolated PBMC lineage reconstruction
pbmc_primary,results/submission_verification/PBMC/2026-08-03/pbmc_primary_lineage_reconstruction/regenerated/runs/pbmc_ifnb_dendritic_cells_stim_seed3_taumin0p75_taumax1_alpha3_coreot_full/transport/full_reference_control/pca30_k100/coreot_match_only/cell_transport_scores.parquet,nan,d58dea96773dc81dd8cd3a11a765dfdf5d1533ac999d9c327706e48798c4c19b,168156,False,reconstructed per-method transport scores,isolated PBMC lineage reconstruction
pbmc_primary,results/submission_verification/PBMC/2026-08-03/pbmc_primary_lineage_reconstruction/regenerated/runs/pbmc_ifnb_dendritic_cells_stim_seed3_taumin0p75_taumax1_alpha3_coreot_full/transport/full_reference_control/pca30_k100/nn/cell_transport_scores.parquet,nan,cac13c65837a6c00b47d05d7bc05c30a24936c8bec38dd6be5de2797a4cc4e2a,62529,False,reconstructed per-method transport scores,isolated PBMC lineage reconstruction
pbmc_primary,results/submission_verification/PBMC/2026-08-03/pbmc_primary_lineage_reconstruction/regenerated/runs/pbmc_ifnb_dendritic_cells_stim_seed3_taumin0p75_taumax1_alpha3_coreot_full/transport/full_reference_control/pca30_k100/prior_only/cell_transport_scores.parquet,nan,1cd0ba578871bf43d446410f31c434151c1e7230695c17104697a2039a90159e,31838,False,reconstructed per-method transport scores,isolated PBMC lineage reconstruction
pbmc_primary,results/submission_verification/PBMC/2026-08-03/pbmc_primary_lineage_reconstruction/regenerated/runs/pbmc_ifnb_dendritic_cells_stim_seed3_taumin0p75_taumax1_alpha3_coreot_full/transport/full_reference_control/pca30_k100/uniform_uot/cell_transport_scores.parquet,nan,d808b5818a478428391f3a7c97296ebabe1667fc91864a88d7ce9311e68aa541,166127,False,reconstructed per-method transport scores,isolated PBMC lineage reconstruction
pbmc_primary,results/submission_verification/PBMC/2026-08-03/pbmc_primary_lineage_reconstruction/regenerated/runs/pbmc_ifnb_dendritic_cells_stim_seed4_taumin0p75_taumax1_alpha3_coreot_full/derived/incomplete_reference/processed_expression.npz,nan,9b38db9b3c3687512b465398e40c968b4158c53d9b6271739dd5260938912043,43501415,False,reconstructed processed expression,isolated PBMC lineage reconstruction
pbmc_primary,results/submission_verification/PBMC/2026-08-03/pbmc_primary_lineage_reconstruction/regenerated/runs/pbmc_ifnb_dendritic_cells_stim_seed4_taumin0p75_taumax1_alpha3_coreot_full/derived/incomplete_reference/prior_profiles/default/source_priors.csv,nan,7b5161535aa56421736de4f20cd6d3ba35b637177e78cfd0f9322d4e67d157a1,304281,False,reconstructed query priors,isolated PBMC lineage reconstruction
pbmc_primary,results/submission_verification/PBMC/2026-08-03/pbmc_primary_lineage_reconstruction/regenerated/runs/pbmc_ifnb_dendritic_cells_stim_seed4_taumin0p75_taumax1_alpha3_coreot_full/derived/incomplete_reference/prior_profiles/default/target_priors.csv,nan,4dffdbf288466a9a78471e8d130a2bcea97f8b7f1ba1af2312148ab67e5984ce,248881,False,reconstructed reference priors,isolated PBMC lineage reconstruction
pbmc_primary,results/submission_verification/PBMC/2026-08-03/pbmc_primary_lineage_reconstruction/regenerated/runs/pbmc_ifnb_dendritic_cells_stim_seed4_taumin0p75_taumax1_alpha3_coreot_full/embeddings/incomplete_reference/pca30/embedding.npy,nan,e47c7f0103b8a8e7507438168890ca48334af9e1805d1b5cf69bb9237801a271,2044448,False,reconstructed PCA embedding,isolated PBMC lineage reconstruction
pbmc_primary,results/submission_verification/PBMC/2026-08-03/pbmc_primary_lineage_reconstruction/regenerated/runs/pbmc_ifnb_dendritic_cells_stim_seed4_taumin0p75_taumax1_alpha3_coreot_full/embeddings/incomplete_reference/pca30/embedding_2d.npy,nan,9596cfa15f98b770c46ef7aafe4cd77ae1d17e2b4a3e34a42f75e487dc6729bc,136416,False,reconstructed two-dimensional PCA view,isolated PBMC lineage reconstruction
pbmc_primary,results/submission_verification/PBMC/2026-08-03/pbmc_primary_lineage_reconstruction/regenerated/runs/pbmc_ifnb_dendritic_cells_stim_seed4_taumin0p75_taumax1_alpha3_coreot_full/candidates/incomplete_reference/pca30_k100/candidate_edges.parquet,nan,6093b47c522067a6b0a24568e29ca9de39f9ce427e49ec02d39ec68b5613b5c4,12845420,False,reconstructed candidate graph,isolated PBMC lineage reconstruction
pbmc_primary,results/submission_verification/PBMC/2026-08-03/pbmc_primary_lineage_reconstruction/regenerated/runs/pbmc_ifnb_dendritic_cells_stim_seed4_taumin0p75_taumax1_alpha3_coreot_full/candidates/incomplete_reference/pca30_k100/cost_arrays.npz,nan,2b8e68f5390b68ee26d17369fb30a00e9539577650c90901d3766aaa887342df,10477317,False,reconstructed candidate costs,isolated PBMC lineage reconstruction
pbmc_primary,results/submission_verification/PBMC/2026-08-03/pbmc_primary_lineage_reconstruction/regenerated/runs/pbmc_ifnb_dendritic_cells_stim_seed4_taumin0p75_taumax1_alpha3_coreot_full/transport/incomplete_reference/pca30_k100/balanced_ot/cell_transport_scores.parquet,nan,cdef6d98e5ba264bcfc39d5caf6402c66df372c2ebe5f987e1819f9641427839,126932,False,reconstructed per-method transport scores,isolated PBMC lineage reconstruction
pbmc_primary,results/submission_verification/PBMC/2026-08-03/pbmc_primary_lineage_reconstruction/regenerated/runs/pbmc_ifnb_dendritic_cells_stim_seed4_taumin0p75_taumax1_alpha3_coreot_full/transport/incomplete_reference/pca30_k100/coreot_full/cell_transport_scores.parquet,nan,fbbbdd9c438375850dbb77525dc989a4f475207c974abbe9e86ad5eaed86ab41,176710,False,reconstructed per-method transport scores,isolated PBMC lineage reconstruction
pbmc_primary,results/submission_verification/PBMC/2026-08-03/pbmc_primary_lineage_reconstruction/regenerated/runs/pbmc_ifnb_dendritic_cells_stim_seed4_taumin0p75_taumax1_alpha3_coreot_full/transport/incomplete_reference/pca30_k100/coreot_match_only/cell_transport_scores.parquet,nan,571baf065119fd3650d2030ef0900dc129a1157b7653fdfecd324461192510ed,185593,False,reconstructed per-method transport scores,isolated PBMC lineage reconstruction
pbmc_primary,results/submission_verification/PBMC/2026-08-03/pbmc_primary_lineage_reconstruction/regenerated/runs/pbmc_ifnb_dendritic_cells_stim_seed4_taumin0p75_taumax1_alpha3_coreot_full/transport/incomplete_reference/pca30_k100/nn/cell_transport_scores.parquet,nan,f929187ad3634bf0f2079207288660e20a681fac8ec40991d642821a884bb175,68724,False,reconstructed per-method transport scores,isolated PBMC lineage reconstruction
pbmc_primary,results/submission_verification/PBMC/2026-08-03/pbmc_primary_lineage_reconstruction/regenerated/runs/pbmc_ifnb_dendritic_cells_stim_seed4_taumin0p75_taumax1_alpha3_coreot_full/transport/incomplete_reference/pca30_k100/prior_only/cell_transport_scores.parquet,nan,ebe7f08b2262ed2ffea8059600d4dc9dad54c932228d71896a980f0f684de56b,34932,False,reconstructed per-method transport scores,isolated PBMC lineage reconstruction
pbmc_primary,results/submission_verification/PBMC/2026-08-03/pbmc_primary_lineage_reconstruction/regenerated/runs/pbmc_ifnb_dendritic_cells_stim_seed4_taumin0p75_taumax1_alpha3_coreot_full/transport/incomplete_reference/pca30_k100/uniform_uot/cell_transport_scores.parquet,nan,309f9e3735ddafc1b619706bcdbf2f1361d979fadb2aecb744aa3a72fe6a8308,183426,False,reconstructed per-method transport scores,isolated PBMC lineage reconstruction
pbmc_primary,results/submission_verification/PBMC/2026-08-03/pbmc_primary_lineage_reconstruction/regenerated/runs/pbmc_ifnb_dendritic_cells_stim_seed4_taumin0p75_taumax1_alpha3_coreot_full/derived/full_reference_control/processed_expression.npz,nan,e79adf9292dc8bf8991e715d859098a01fe6e62a01ad49949e84d2ce92b0663a,45270628,False,reconstructed processed expression,isolated PBMC lineage reconstruction
pbmc_primary,results/submission_verification/PBMC/2026-08-03/pbmc_primary_lineage_reconstruction/regenerated/runs/pbmc_ifnb_dendritic_cells_stim_seed4_taumin0p75_taumax1_alpha3_coreot_full/derived/full_reference_control/prior_profiles/default/source_priors.csv,nan,7b5161535aa56421736de4f20cd6d3ba35b637177e78cfd0f9322d4e67d157a1,304281,False,reconstructed query priors,isolated PBMC lineage reconstruction
pbmc_primary,results/submission_verification/PBMC/2026-08-03/pbmc_primary_lineage_reconstruction/regenerated/runs/pbmc_ifnb_dendritic_cells_stim_seed4_taumin0p75_taumax1_alpha3_coreot_full/derived/full_reference_control/prior_profiles/default/target_priors.csv,nan,aa15abae65f732443e85f89d52169da71d70178c6b74dfa2a48814abf5befded,259201,False,reconstructed reference priors,isolated PBMC lineage reconstruction
pbmc_primary,results/submission_verification/PBMC/2026-08-03/pbmc_primary_lineage_reconstruction/regenerated/runs/pbmc_ifnb_dendritic_cells_stim_seed4_taumin0p75_taumax1_alpha3_coreot_full/embeddings/full_reference_control/pca30/embedding.npy,nan,b863d6d85812c509ee87bc3c8354a82153b939e961944605f1e2b1344f2d0081,2096048,False,reconstructed PCA embedding,isolated PBMC lineage reconstruction
pbmc_primary,results/submission_verification/PBMC/2026-08-03/pbmc_primary_lineage_reconstruction/regenerated/runs/pbmc_ifnb_dendritic_cells_stim_seed4_taumin0p75_taumax1_alpha3_coreot_full/embeddings/full_reference_control/pca30/embedding_2d.npy,nan,0d4bf9bd2cfd0a620fd2c268f0628b50c737a7ee1f36830999ff9ef193cbd6ca,139856,False,reconstructed two-dimensional PCA view,isolated PBMC lineage reconstruction
pbmc_primary,results/submission_verification/PBMC/2026-08-03/pbmc_primary_lineage_reconstruction/regenerated/runs/pbmc_ifnb_dendritic_cells_stim_seed4_taumin0p75_taumax1_alpha3_coreot_full/candidates/full_reference_control/pca30_k100/candidate_edges.parquet,nan,85afda2e0d4b8192411a647fb892260c6e0d76d5f85685cc28b59a7f77d4b328,13192925,False,reconstructed candidate graph,isolated PBMC lineage reconstruction
pbmc_primary,results/submission_verification/PBMC/2026-08-03/pbmc_primary_lineage_reconstruction/regenerated/runs/pbmc_ifnb_dendritic_cells_stim_seed4_taumin0p75_taumax1_alpha3_coreot_full/candidates/full_reference_control/pca30_k100/cost_arrays.npz,nan,87473271016ae94d7027c1e60094f3dc4fb9f24493034e84a9772a43822c11cb,10782167,False,reconstructed candidate costs,isolated PBMC lineage reconstruction
pbmc_primary,results/submission_verification/PBMC/2026-08-03/pbmc_primary_lineage_reconstruction/regenerated/runs/pbmc_ifnb_dendritic_cells_stim_seed4_taumin0p75_taumax1_alpha3_coreot_full/transport/full_reference_control/pca30_k100/balanced_ot/cell_transport_scores.parquet,nan,f4acfd54f99a177a2d079e5efb0d2b939d3406fd3e1c0bbca2502d50607f067b,126990,False,reconstructed per-method transport scores,isolated PBMC lineage reconstruction
pbmc_primary,results/submission_verification/PBMC/2026-08-03/pbmc_primary_lineage_reconstruction/regenerated/runs/pbmc_ifnb_dendritic_cells_stim_seed4_taumin0p75_taumax1_alpha3_coreot_full/transport/full_reference_control/pca30_k100/coreot_full/cell_transport_scores.parquet,nan,6cf9494ea5b48e19c24ef9f5af8dcdd895fb477c215765274c251d2196cfab19,176443,False,reconstructed per-method transport scores,isolated PBMC lineage reconstruction
pbmc_primary,results/submission_verification/PBMC/2026-08-03/pbmc_primary_lineage_reconstruction/regenerated/runs/pbmc_ifnb_dendritic_cells_stim_seed4_taumin0p75_taumax1_alpha3_coreot_full/transport/full_reference_control/pca30_k100/coreot_match_only/cell_transport_scores.parquet,nan,d7111a612cc2c7b1fccffa04733ff73f4e34f7ef2d14b81b210974305b1ce7ac,186386,False,reconstructed per-method transport scores,isolated PBMC lineage reconstruction
pbmc_primary,results/submission_verification/PBMC/2026-08-03/pbmc_primary_lineage_reconstruction/regenerated/runs/pbmc_ifnb_dendritic_cells_stim_seed4_taumin0p75_taumax1_alpha3_coreot_full/transport/full_reference_control/pca30_k100/nn/cell_transport_scores.parquet,nan,b558158839a82aa6a59e2cfec22c958add3bd4d4f7ba90b0749a6d6fd5f0c458,68734,False,reconstructed per-method transport scores,isolated PBMC lineage reconstruction
pbmc_primary,results/submission_verification/PBMC/2026-08-03/pbmc_primary_lineage_reconstruction/regenerated/runs/pbmc_ifnb_dendritic_cells_stim_seed4_taumin0p75_taumax1_alpha3_coreot_full/transport/full_reference_control/pca30_k100/prior_only/cell_transport_scores.parquet,nan,5dcad6f760d41b23f06fb752336d5dcc3a0a47da15604ee781660f64e3ac77d6,34942,False,reconstructed per-method transport scores,isolated PBMC lineage reconstruction
pbmc_primary,results/submission_verification/PBMC/2026-08-03/pbmc_primary_lineage_reconstruction/regenerated/runs/pbmc_ifnb_dendritic_cells_stim_seed4_taumin0p75_taumax1_alpha3_coreot_full/transport/full_reference_control/pca30_k100/uniform_uot/cell_transport_scores.parquet,nan,f69830a9b39991a87cdfb129bf194623e0938acc96e32bed8480ed4830199640,184115,False,reconstructed per-method transport scores,isolated PBMC lineage reconstruction
pbmc_primary,results/submission_verification/PBMC/2026-08-03/pbmc_primary_lineage_reconstruction/regenerated/runs/pbmc_ifnb_dendritic_cells_stim_seed5_taumin0p75_taumax1_alpha3_coreot_full/derived/incomplete_reference/processed_expression.npz,nan,6e63135bca051eb1dd4e2e42b23cbc5082c7429a1de2fe065500e6f6f2802711,43911974,False,reconstructed processed expression,isolated PBMC lineage reconstruction
pbmc_primary,results/submission_verification/PBMC/2026-08-03/pbmc_primary_lineage_reconstruction/regenerated/runs/pbmc_ifnb_dendritic_cells_stim_seed5_taumin0p75_taumax1_alpha3_coreot_full/derived/incomplete_reference/prior_profiles/default/source_priors.csv,nan,ffffad8559ab781d916e9df55c71515a9c0ca45bd07d061235d4a806683b0b40,251158,False,reconstructed query priors,isolated PBMC lineage reconstruction
pbmc_primary,results/submission_verification/PBMC/2026-08-03/pbmc_primary_lineage_reconstruction/regenerated/runs/pbmc_ifnb_dendritic_cells_stim_seed5_taumin0p75_taumax1_alpha3_coreot_full/derived/incomplete_reference/prior_profiles/default/target_priors.csv,nan,34347db3fa5e332c2a9beed74c00c0a9226e126bcf7df65594f19c32e31f8df7,278792,False,reconstructed reference priors,isolated PBMC lineage reconstruction
pbmc_primary,results/submission_verification/PBMC/2026-08-03/pbmc_primary_lineage_reconstruction/regenerated/runs/pbmc_ifnb_dendritic_cells_stim_seed5_taumin0p75_taumax1_alpha3_coreot_full/embeddings/incomplete_reference/pca30/embedding.npy,nan,e5d61712221e404f9d8649266c8634722fa5a9bb545c966fa337949afc946875,2070128,False,reconstructed PCA embedding,isolated PBMC lineage reconstruction
pbmc_primary,results/submission_verification/PBMC/2026-08-03/pbmc_primary_lineage_reconstruction/regenerated/runs/pbmc_ifnb_dendritic_cells_stim_seed5_taumin0p75_taumax1_alpha3_coreot_full/embeddings/incomplete_reference/pca30/embedding_2d.npy,nan,4311232dfa1b0a95ed75037ecd8d8dec783a8c40846b84d69fb08015f1febc84,138128,False,reconstructed two-dimensional PCA view,isolated PBMC lineage reconstruction
pbmc_primary,results/submission_verification/PBMC/2026-08-03/pbmc_primary_lineage_reconstruction/regenerated/runs/pbmc_ifnb_dendritic_cells_stim_seed5_taumin0p75_taumax1_alpha3_coreot_full/candidates/incomplete_reference/pca30_k100/candidate_edges.parquet,nan,968ed6a0844770d7088dd51ef60b1c70f011d98f00e28e158482c8c9c8dd7465,13427429,False,reconstructed candidate graph,isolated PBMC lineage reconstruction
pbmc_primary,results/submission_verification/PBMC/2026-08-03/pbmc_primary_lineage_reconstruction/regenerated/runs/pbmc_ifnb_dendritic_cells_stim_seed5_taumin0p75_taumax1_alpha3_coreot_full/candidates/incomplete_reference/pca30_k100/cost_arrays.npz,nan,5012e952fc131d21324df79adc4ebe8cd156b0d78cf498a339dc7ebce9e255d3,10967993,False,reconstructed candidate costs,isolated PBMC lineage reconstruction
pbmc_primary,results/submission_verification/PBMC/2026-08-03/pbmc_primary_lineage_reconstruction/regenerated/runs/pbmc_ifnb_dendritic_cells_stim_seed5_taumin0p75_taumax1_alpha3_coreot_full/transport/incomplete_reference/pca30_k100/balanced_ot/cell_transport_scores.parquet,nan,5cb460b1e83b0c00dbd4f81f64984a4310ae195d77c6680ee00a4b87052fd24e,107048,False,reconstructed per-method transport scores,isolated PBMC lineage reconstruction
pbmc_primary,results/submission_verification/PBMC/2026-08-03/pbmc_primary_lineage_reconstruction/regenerated/runs/pbmc_ifnb_dendritic_cells_stim_seed5_taumin0p75_taumax1_alpha3_coreot_full/transport/incomplete_reference/pca30_k100/coreot_full/cell_transport_scores.parquet,nan,c073520de702696e1d70097a71a9d3edf5d09661a9f3bf24c6a38f7b24534928,148273,False,reconstructed per-method transport scores,isolated PBMC lineage reconstruction
pbmc_primary,results/submission_verification/PBMC/2026-08-03/pbmc_primary_lineage_reconstruction/regenerated/runs/pbmc_ifnb_dendritic_cells_stim_seed5_taumin0p75_taumax1_alpha3_coreot_full/transport/incomplete_reference/pca30_k100/coreot_match_only/cell_transport_scores.parquet,nan,81f052dd20eb4ab6e3868b830d25a3cefda641ad2d6d8b9b805f5d3c246a9576,155699,False,reconstructed per-method transport scores,isolated PBMC lineage reconstruction
pbmc_primary,results/submission_verification/PBMC/2026-08-03/pbmc_primary_lineage_reconstruction/regenerated/runs/pbmc_ifnb_dendritic_cells_stim_seed5_taumin0p75_taumax1_alpha3_coreot_full/transport/incomplete_reference/pca30_k100/nn/cell_transport_scores.parquet,nan,5ea1e9d36018da292bbb78002d0526da5b104fb00427fba0e50fd12bee317b73,58483,False,reconstructed per-method transport scores,isolated PBMC lineage reconstruction
pbmc_primary,results/submission_verification/PBMC/2026-08-03/pbmc_primary_lineage_reconstruction/regenerated/runs/pbmc_ifnb_dendritic_cells_stim_seed5_taumin0p75_taumax1_alpha3_coreot_full/transport/incomplete_reference/pca30_k100/prior_only/cell_transport_scores.parquet,nan,b0d548491bb0c60beac17970d7e982ff8d80c60e6b1a4b71977ba7a0fab6974e,29749,False,reconstructed per-method transport scores,isolated PBMC lineage reconstruction
pbmc_primary,results/submission_verification/PBMC/2026-08-03/pbmc_primary_lineage_reconstruction/regenerated/runs/pbmc_ifnb_dendritic_cells_stim_seed5_taumin0p75_taumax1_alpha3_coreot_full/transport/incomplete_reference/pca30_k100/uniform_uot/cell_transport_scores.parquet,nan,815f4a8c8f4f81b6ae01a27fa7f29a3e38eb5635f8837d855b964b2b68a449bd,153818,False,reconstructed per-method transport scores,isolated PBMC lineage reconstruction
pbmc_primary,results/submission_verification/PBMC/2026-08-03/pbmc_primary_lineage_reconstruction/regenerated/runs/pbmc_ifnb_dendritic_cells_stim_seed5_taumin0p75_taumax1_alpha3_coreot_full/derived/full_reference_control/processed_expression.npz,nan,c842db08281880f1cffeaca5b2eaea31da78f3852b90d69fd99b7bd14fad34ac,45711865,False,reconstructed processed expression,isolated PBMC lineage reconstruction
pbmc_primary,results/submission_verification/PBMC/2026-08-03/pbmc_primary_lineage_reconstruction/regenerated/runs/pbmc_ifnb_dendritic_cells_stim_seed5_taumin0p75_taumax1_alpha3_coreot_full/derived/full_reference_control/prior_profiles/default/source_priors.csv,nan,ffffad8559ab781d916e9df55c71515a9c0ca45bd07d061235d4a806683b0b40,251158,False,reconstructed query priors,isolated PBMC lineage reconstruction
pbmc_primary,results/submission_verification/PBMC/2026-08-03/pbmc_primary_lineage_reconstruction/regenerated/runs/pbmc_ifnb_dendritic_cells_stim_seed5_taumin0p75_taumax1_alpha3_coreot_full/derived/full_reference_control/prior_profiles/default/target_priors.csv,nan,9d04bb1b1c0ef732919c34cdaa6c538b7322776349d9a4281cd68e9f23a2c6ae,289304,False,reconstructed reference priors,isolated PBMC lineage reconstruction
pbmc_primary,results/submission_verification/PBMC/2026-08-03/pbmc_primary_lineage_reconstruction/regenerated/runs/pbmc_ifnb_dendritic_cells_stim_seed5_taumin0p75_taumax1_alpha3_coreot_full/embeddings/full_reference_control/pca30/embedding.npy,nan,156633e5c857b6266e37f4d9ad15cc92085ce9aa3dbbc05d8c6a0c5ef2694c60,2122688,False,reconstructed PCA embedding,isolated PBMC lineage reconstruction
pbmc_primary,results/submission_verification/PBMC/2026-08-03/pbmc_primary_lineage_reconstruction/regenerated/runs/pbmc_ifnb_dendritic_cells_stim_seed5_taumin0p75_taumax1_alpha3_coreot_full/embeddings/full_reference_control/pca30/embedding_2d.npy,nan,8850446e528d7f703607bc3d70c7fc7ba3b99541d9521c8cd508a1f9d41761c1,141632,False,reconstructed two-dimensional PCA view,isolated PBMC lineage reconstruction
pbmc_primary,results/submission_verification/PBMC/2026-08-03/pbmc_primary_lineage_reconstruction/regenerated/runs/pbmc_ifnb_dendritic_cells_stim_seed5_taumin0p75_taumax1_alpha3_coreot_full/candidates/full_reference_control/pca30_k100/candidate_edges.parquet,nan,b0d2d5fe8b973058b4a8e1c32d66e914dcb472226764f9e7a3be38353955781f,13767028,False,reconstructed candidate graph,isolated PBMC lineage reconstruction
pbmc_primary,results/submission_verification/PBMC/2026-08-03/pbmc_primary_lineage_reconstruction/regenerated/runs/pbmc_ifnb_dendritic_cells_stim_seed5_taumin0p75_taumax1_alpha3_coreot_full/candidates/full_reference_control/pca30_k100/cost_arrays.npz,nan,88ebf4bc7a99214bbc94b0a6b49be47b68e4dd0c91b2f60cd009ac3c656f28b4,11271360,False,reconstructed candidate costs,isolated PBMC lineage reconstruction
pbmc_primary,results/submission_verification/PBMC/2026-08-03/pbmc_primary_lineage_reconstruction/regenerated/runs/pbmc_ifnb_dendritic_cells_stim_seed5_taumin0p75_taumax1_alpha3_coreot_full/transport/full_reference_control/pca30_k100/balanced_ot/cell_transport_scores.parquet,nan,5b96ad5cb581341fdf244aec00b89c43c20c0675b740219029c9f7c017d0e423,107058,False,reconstructed per-method transport scores,isolated PBMC lineage reconstruction
pbmc_primary,results/submission_verification/PBMC/2026-08-03/pbmc_primary_lineage_reconstruction/regenerated/runs/pbmc_ifnb_dendritic_cells_stim_seed5_taumin0p75_taumax1_alpha3_coreot_full/transport/full_reference_control/pca30_k100/coreot_full/cell_transport_scores.parquet,nan,b9511281dd0af83c05d4720ea830cd491ca502c4574a81eecf11d29709eab827,149110,False,reconstructed per-method transport scores,isolated PBMC lineage reconstruction
pbmc_primary,results/submission_verification/PBMC/2026-08-03/pbmc_primary_lineage_reconstruction/regenerated/runs/pbmc_ifnb_dendritic_cells_stim_seed5_taumin0p75_taumax1_alpha3_coreot_full/transport/full_reference_control/pca30_k100/coreot_match_only/cell_transport_scores.parquet,nan,64cdb26e9da3b6dc2c02f3389ec3e83cb0925e6962cc825c686970ec2eaaa196,156136,False,reconstructed per-method transport scores,isolated PBMC lineage reconstruction
pbmc_primary,results/submission_verification/PBMC/2026-08-03/pbmc_primary_lineage_reconstruction/regenerated/runs/pbmc_ifnb_dendritic_cells_stim_seed5_taumin0p75_taumax1_alpha3_coreot_full/transport/full_reference_control/pca30_k100/nn/cell_transport_scores.parquet,nan,e960fe4cfc23b4113e811ff4289fce97e7f7d4f9147b80da2779332a35915d2c,58494,False,reconstructed per-method transport scores,isolated PBMC lineage reconstruction
pbmc_primary,results/submission_verification/PBMC/2026-08-03/pbmc_primary_lineage_reconstruction/regenerated/runs/pbmc_ifnb_dendritic_cells_stim_seed5_taumin0p75_taumax1_alpha3_coreot_full/transport/full_reference_control/pca30_k100/prior_only/cell_transport_scores.parquet,nan,d22b3f34f06a11d1c4495c54d0fa4284d42ee15af1c506937da26cba59223245,29759,False,reconstructed per-method transport scores,isolated PBMC lineage reconstruction
pbmc_primary,results/submission_verification/PBMC/2026-08-03/pbmc_primary_lineage_reconstruction/regenerated/runs/pbmc_ifnb_dendritic_cells_stim_seed5_taumin0p75_taumax1_alpha3_coreot_full/transport/full_reference_control/pca30_k100/uniform_uot/cell_transport_scores.parquet,nan,0093122f782f7644b0e2c143a858a52cea834f3c03293c318043074caae6a7b0,154295,False,reconstructed per-method transport scores,isolated PBMC lineage reconstruction
pbmc_primary,results/submission_verification/PBMC/2026-08-03/pbmc_primary_lineage_reconstruction/regenerated/runs/pbmc_ifnb_nk_cells_stim_seed1_taumin0p5_taumax1_alpha2_coreot_full/derived/incomplete_reference/processed_expression.npz,nan,83238b53b914d87712fd4cecfc608af562dc99f96f7e40bb1c963426079f9ce2,42793573,False,reconstructed processed expression,isolated PBMC lineage reconstruction
pbmc_primary,results/submission_verification/PBMC/2026-08-03/pbmc_primary_lineage_reconstruction/regenerated/runs/pbmc_ifnb_nk_cells_stim_seed1_taumin0p5_taumax1_alpha2_coreot_full/derived/incomplete_reference/prior_profiles/default/source_priors.csv,nan,fec193400569fdfadafc04bf52fbcec5ae0ab5c9f28e1b704885f19f41c8b818,229462,False,reconstructed query priors,isolated PBMC lineage reconstruction
pbmc_primary,results/submission_verification/PBMC/2026-08-03/pbmc_primary_lineage_reconstruction/regenerated/runs/pbmc_ifnb_nk_cells_stim_seed1_taumin0p5_taumax1_alpha2_coreot_full/derived/incomplete_reference/prior_profiles/default/target_priors.csv,nan,45cbcded0f7de11db8bb4c2b386b229743f4d651b8a17b3dda4c1fe637b65698,273478,False,reconstructed reference priors,isolated PBMC lineage reconstruction
pbmc_primary,results/submission_verification/PBMC/2026-08-03/pbmc_primary_lineage_reconstruction/regenerated/runs/pbmc_ifnb_nk_cells_stim_seed1_taumin0p5_taumax1_alpha2_coreot_full/embeddings/incomplete_reference/pca30/embedding.npy,nan,abe29588b4a0befe2922a27da77478bf5d55f90435e90faf6ef5ab1091405ac8,1968848,False,reconstructed PCA embedding,isolated PBMC lineage reconstruction
pbmc_primary,results/submission_verification/PBMC/2026-08-03/pbmc_primary_lineage_reconstruction/regenerated/runs/pbmc_ifnb_nk_cells_stim_seed1_taumin0p5_taumax1_alpha2_coreot_full/embeddings/incomplete_reference/pca30/embedding_2d.npy,nan,3e45b291d1b12f354bec7f8ba4bfe7f48b7c92dd7819c823094b8297b0db3068,131376,False,reconstructed two-dimensional PCA view,isolated PBMC lineage reconstruction
pbmc_primary,results/submission_verification/PBMC/2026-08-03/pbmc_primary_lineage_reconstruction/regenerated/runs/pbmc_ifnb_nk_cells_stim_seed1_taumin0p5_taumax1_alpha2_coreot_full/candidates/incomplete_reference/pca30_k100/candidate_edges.parquet,nan,37af1291371a61774d3ccbd9bc2e8c0140b1a60cfb1ecc15f90f33db02553680,12875620,False,reconstructed candidate graph,isolated PBMC lineage reconstruction
pbmc_primary,results/submission_verification/PBMC/2026-08-03/pbmc_primary_lineage_reconstruction/regenerated/runs/pbmc_ifnb_nk_cells_stim_seed1_taumin0p5_taumax1_alpha2_coreot_full/candidates/incomplete_reference/pca30_k100/cost_arrays.npz,nan,0900934fb0d31afe63aab0de2079a49457487793deb19c04d9d9f48cf4dcbf22,10482772,False,reconstructed candidate costs,isolated PBMC lineage reconstruction
pbmc_primary,results/submission_verification/PBMC/2026-08-03/pbmc_primary_lineage_reconstruction/regenerated/runs/pbmc_ifnb_nk_cells_stim_seed1_taumin0p5_taumax1_alpha2_coreot_full/transport/incomplete_reference/pca30_k100/balanced_ot/cell_transport_scores.parquet,nan,8dd22526485839dec4961f35738a70a7931198f0f74e017b07a0508cdd662269,98899,False,reconstructed per-method transport scores,isolated PBMC lineage reconstruction
pbmc_primary,results/submission_verification/PBMC/2026-08-03/pbmc_primary_lineage_reconstruction/regenerated/runs/pbmc_ifnb_nk_cells_stim_seed1_taumin0p5_taumax1_alpha2_coreot_full/transport/incomplete_reference/pca30_k100/coreot_full/cell_transport_scores.parquet,nan,1241dbe271aea5661344cf7e3d805aa8d7c67396607a24293b453c5d0bae767e,140042,False,reconstructed per-method transport scores,isolated PBMC lineage reconstruction
pbmc_primary,results/submission_verification/PBMC/2026-08-03/pbmc_primary_lineage_reconstruction/regenerated/runs/pbmc_ifnb_nk_cells_stim_seed1_taumin0p5_taumax1_alpha2_coreot_full/transport/incomplete_reference/pca30_k100/coreot_match_only/cell_transport_scores.parquet,nan,f4b30b3c6d0dfaba902329de637fc0f21f38b3a2212c47db0631c1f62e0d7114,144562,False,reconstructed per-method transport scores,isolated PBMC lineage reconstruction
pbmc_primary,results/submission_verification/PBMC/2026-08-03/pbmc_primary_lineage_reconstruction/regenerated/runs/pbmc_ifnb_nk_cells_stim_seed1_taumin0p5_taumax1_alpha2_coreot_full/transport/incomplete_reference/pca30_k100/nn/cell_transport_scores.parquet,nan,234a9efd6cc95f1c0e55dd7a5f8202cfcf5b41724ae606add31e9db153468cf7,54488,False,reconstructed per-method transport scores,isolated PBMC lineage reconstruction
pbmc_primary,results/submission_verification/PBMC/2026-08-03/pbmc_primary_lineage_reconstruction/regenerated/runs/pbmc_ifnb_nk_cells_stim_seed1_taumin0p5_taumax1_alpha2_coreot_full/transport/incomplete_reference/pca30_k100/prior_only/cell_transport_scores.parquet,nan,4c13c0f5592766e337e9d57e23ee4646f1ae2127814ebd56f7da59c5002b2be2,27794,False,reconstructed per-method transport scores,isolated PBMC lineage reconstruction
pbmc_primary,results/submission_verification/PBMC/2026-08-03/pbmc_primary_lineage_reconstruction/regenerated/runs/pbmc_ifnb_nk_cells_stim_seed1_taumin0p5_taumax1_alpha2_coreot_full/transport/incomplete_reference/pca30_k100/uniform_uot/cell_transport_scores.parquet,nan,e47c4bbdeaf40e3e9475311616c238d35213732f8a9a98bd8e16f303acca6dd4,143147,False,reconstructed per-method transport scores,isolated PBMC lineage reconstruction
pbmc_primary,results/submission_verification/PBMC/2026-08-03/pbmc_primary_lineage_reconstruction/regenerated/runs/pbmc_ifnb_nk_cells_stim_seed1_taumin0p5_taumax1_alpha2_coreot_full/derived/full_reference_control/processed_expression.npz,nan,bbccedbffff4d9d71d6b0f50e2abff1718992fdf893d63635f1709878bd54756,44961829,False,reconstructed processed expression,isolated PBMC lineage reconstruction
pbmc_primary,results/submission_verification/PBMC/2026-08-03/pbmc_primary_lineage_reconstruction/regenerated/runs/pbmc_ifnb_nk_cells_stim_seed1_taumin0p5_taumax1_alpha2_coreot_full/derived/full_reference_control/prior_profiles/default/source_priors.csv,nan,fec193400569fdfadafc04bf52fbcec5ae0ab5c9f28e1b704885f19f41c8b818,229462,False,reconstructed query priors,isolated PBMC lineage reconstruction
pbmc_primary,results/submission_verification/PBMC/2026-08-03/pbmc_primary_lineage_reconstruction/regenerated/runs/pbmc_ifnb_nk_cells_stim_seed1_taumin0p5_taumax1_alpha2_coreot_full/derived/full_reference_control/prior_profiles/default/target_priors.csv,nan,e8a4e66a6f8d182826843da364088bee11a1d3a1343e5045e84a049a9c8b97ae,293568,False,reconstructed reference priors,isolated PBMC lineage reconstruction
pbmc_primary,results/submission_verification/PBMC/2026-08-03/pbmc_primary_lineage_reconstruction/regenerated/runs/pbmc_ifnb_nk_cells_stim_seed1_taumin0p5_taumax1_alpha2_coreot_full/embeddings/full_reference_control/pca30/embedding.npy,nan,8aabb8e98d077afb92ead4cf1affca8337b486a27f8186eb386436c451163d09,2086448,False,reconstructed PCA embedding,isolated PBMC lineage reconstruction
pbmc_primary,results/submission_verification/PBMC/2026-08-03/pbmc_primary_lineage_reconstruction/regenerated/runs/pbmc_ifnb_nk_cells_stim_seed1_taumin0p5_taumax1_alpha2_coreot_full/embeddings/full_reference_control/pca30/embedding_2d.npy,nan,c916a1a1cdd33ef9059389b9d749493a0286860754994bbbc10f83ac413a8281,139216,False,reconstructed two-dimensional PCA view,isolated PBMC lineage reconstruction
pbmc_primary,results/submission_verification/PBMC/2026-08-03/pbmc_primary_lineage_reconstruction/regenerated/runs/pbmc_ifnb_nk_cells_stim_seed1_taumin0p5_taumax1_alpha2_coreot_full/candidates/full_reference_control/pca30_k100/candidate_edges.parquet,nan,27f85a0f3a3ca96b1960dbcb189b13bfe67f6828213479775521bb1a0a9a59a6,13707091,False,reconstructed candidate graph,isolated PBMC lineage reconstruction
pbmc_primary,results/submission_verification/PBMC/2026-08-03/pbmc_primary_lineage_reconstruction/regenerated/runs/pbmc_ifnb_nk_cells_stim_seed1_taumin0p5_taumax1_alpha2_coreot_full/candidates/full_reference_control/pca30_k100/cost_arrays.npz,nan,bb4fb1f08949d5781a12684e366d1cc5b5e517e9706422e306a3cde1673e9186,11201915,False,reconstructed candidate costs,isolated PBMC lineage reconstruction
pbmc_primary,results/submission_verification/PBMC/2026-08-03/pbmc_primary_lineage_reconstruction/regenerated/runs/pbmc_ifnb_nk_cells_stim_seed1_taumin0p5_taumax1_alpha2_coreot_full/transport/full_reference_control/pca30_k100/balanced_ot/cell_transport_scores.parquet,nan,1bf51a623a1c842a0b1b3c00e6545e821d9fba9efef6811197936ae5600905c3,98384,False,reconstructed per-method transport scores,isolated PBMC lineage reconstruction
pbmc_primary,results/submission_verification/PBMC/2026-08-03/pbmc_primary_lineage_reconstruction/regenerated/runs/pbmc_ifnb_nk_cells_stim_seed1_taumin0p5_taumax1_alpha2_coreot_full/transport/full_reference_control/pca30_k100/coreot_full/cell_transport_scores.parquet,nan,f98e1df0bd7aa4728681d43c0778df153195a0692e6ce41844a8b2bf8055aead,138439,False,reconstructed per-method transport scores,isolated PBMC lineage reconstruction
pbmc_primary,results/submission_verification/PBMC/2026-08-03/pbmc_primary_lineage_reconstruction/regenerated/runs/pbmc_ifnb_nk_cells_stim_seed1_taumin0p5_taumax1_alpha2_coreot_full/transport/full_reference_control/pca30_k100/coreot_match_only/cell_transport_scores.parquet,nan,e9bce2dd531e9a509d9f0f439acc74d45b8cfe2da649cdc3d87b652c6767f450,143302,False,reconstructed per-method transport scores,isolated PBMC lineage reconstruction
pbmc_primary,results/submission_verification/PBMC/2026-08-03/pbmc_primary_lineage_reconstruction/regenerated/runs/pbmc_ifnb_nk_cells_stim_seed1_taumin0p5_taumax1_alpha2_coreot_full/transport/full_reference_control/pca30_k100/nn/cell_transport_scores.parquet,nan,f640274baecdd953928456de54177208efd710ffb73e99bfd565021aede5ba7a,54498,False,reconstructed per-method transport scores,isolated PBMC lineage reconstruction
pbmc_primary,results/submission_verification/PBMC/2026-08-03/pbmc_primary_lineage_reconstruction/regenerated/runs/pbmc_ifnb_nk_cells_stim_seed1_taumin0p5_taumax1_alpha2_coreot_full/transport/full_reference_control/pca30_k100/prior_only/cell_transport_scores.parquet,nan,43c86f6c2eb61adce28a59915f826b6d582f26babccdf331da11fcd3879074c8,27804,False,reconstructed per-method transport scores,isolated PBMC lineage reconstruction
pbmc_primary,results/submission_verification/PBMC/2026-08-03/pbmc_primary_lineage_reconstruction/regenerated/runs/pbmc_ifnb_nk_cells_stim_seed1_taumin0p5_taumax1_alpha2_coreot_full/transport/full_reference_control/pca30_k100/uniform_uot/cell_transport_scores.parquet,nan,676e78647ea4c930fc2f2f2ba054f0c284b246119c7aa50b7222731a82f8b7e1,141650,False,reconstructed per-method transport scores,isolated PBMC lineage reconstruction
pbmc_primary,results/submission_verification/PBMC/2026-08-03/pbmc_primary_lineage_reconstruction/regenerated/runs/pbmc_ifnb_nk_cells_stim_seed2_taumin0p5_taumax1_alpha2_coreot_full/derived/incomplete_reference/processed_expression.npz,nan,7633a5f00c544f677b47b49db0128ddf3a9fab212b69626615bad7e153130d43,44090695,False,reconstructed processed expression,isolated PBMC lineage reconstruction
pbmc_primary,results/submission_verification/PBMC/2026-08-03/pbmc_primary_lineage_reconstruction/regenerated/runs/pbmc_ifnb_nk_cells_stim_seed2_taumin0p5_taumax1_alpha2_coreot_full/derived/incomplete_reference/prior_profiles/default/source_priors.csv,nan,c693f05912f98400d274b05155e3d28033f7278c28f80d276dacf72c69036958,256432,False,reconstructed query priors,isolated PBMC lineage reconstruction
pbmc_primary,results/submission_verification/PBMC/2026-08-03/pbmc_primary_lineage_reconstruction/regenerated/runs/pbmc_ifnb_nk_cells_stim_seed2_taumin0p5_taumax1_alpha2_coreot_full/derived/incomplete_reference/prior_profiles/default/target_priors.csv,nan,41d2781f08eeeaa3843d72741b67143575e9b6e5ebaccc18122b547ebc6d86fc,275488,False,reconstructed reference priors,isolated PBMC lineage reconstruction
pbmc_primary,results/submission_verification/PBMC/2026-08-03/pbmc_primary_lineage_reconstruction/regenerated/runs/pbmc_ifnb_nk_cells_stim_seed2_taumin0p5_taumax1_alpha2_coreot_full/embeddings/incomplete_reference/pca30/embedding.npy,nan,0afb1de31cea9d35f0ae691d991ff828ed06a169398ef28b871b83f48709cd82,2043968,False,reconstructed PCA embedding,isolated PBMC lineage reconstruction
pbmc_primary,results/submission_verification/PBMC/2026-08-03/pbmc_primary_lineage_reconstruction/regenerated/runs/pbmc_ifnb_nk_cells_stim_seed2_taumin0p5_taumax1_alpha2_coreot_full/embeddings/incomplete_reference/pca30/embedding_2d.npy,nan,2cffc1b9395a1b825dbe3c5892b516210e450db24534a807014bea1bc865091e,136384,False,reconstructed two-dimensional PCA view,isolated PBMC lineage reconstruction
pbmc_primary,results/submission_verification/PBMC/2026-08-03/pbmc_primary_lineage_reconstruction/regenerated/runs/pbmc_ifnb_nk_cells_stim_seed2_taumin0p5_taumax1_alpha2_coreot_full/candidates/incomplete_reference/pca30_k100/candidate_edges.parquet,nan,2b2e2b3a6aad5aec3096af4ef2c89f26e53df1715539051670a794acccdbe1bb,13311862,False,reconstructed candidate graph,isolated PBMC lineage reconstruction
pbmc_primary,results/submission_verification/PBMC/2026-08-03/pbmc_primary_lineage_reconstruction/regenerated/runs/pbmc_ifnb_nk_cells_stim_seed2_taumin0p5_taumax1_alpha2_coreot_full/candidates/incomplete_reference/pca30_k100/cost_arrays.npz,nan,65c3232507884c26443c955f22909c5fe4b9c1dfc67a3e398ab72c6f625872ca,10868820,False,reconstructed candidate costs,isolated PBMC lineage reconstruction
pbmc_primary,results/submission_verification/PBMC/2026-08-03/pbmc_primary_lineage_reconstruction/regenerated/runs/pbmc_ifnb_nk_cells_stim_seed2_taumin0p5_taumax1_alpha2_coreot_full/transport/incomplete_reference/pca30_k100/balanced_ot/cell_transport_scores.parquet,nan,20fbb7fea606b32d6a1a39bc42669fdd53802fe16fdfc63899e8b419401df6a3,109615,False,reconstructed per-method transport scores,isolated PBMC lineage reconstruction
pbmc_primary,results/submission_verification/PBMC/2026-08-03/pbmc_primary_lineage_reconstruction/regenerated/runs/pbmc_ifnb_nk_cells_stim_seed2_taumin0p5_taumax1_alpha2_coreot_full/transport/incomplete_reference/pca30_k100/coreot_full/cell_transport_scores.parquet,nan,86d88eefe8fc9fe44903afe1b5e54622ac1e12fde101b7dbe017127254e25c7e,153142,False,reconstructed per-method transport scores,isolated PBMC lineage reconstruction
pbmc_primary,results/submission_verification/PBMC/2026-08-03/pbmc_primary_lineage_reconstruction/regenerated/runs/pbmc_ifnb_nk_cells_stim_seed2_taumin0p5_taumax1_alpha2_coreot_full/transport/incomplete_reference/pca30_k100/coreot_match_only/cell_transport_scores.parquet,nan,7962176aa68003d6312b5fbeccf33b24adaf26086c8b7b689d2c2de56d7fb135,161092,False,reconstructed per-method transport scores,isolated PBMC lineage reconstruction
pbmc_primary,results/submission_verification/PBMC/2026-08-03/pbmc_primary_lineage_reconstruction/regenerated/runs/pbmc_ifnb_nk_cells_stim_seed2_taumin0p5_taumax1_alpha2_coreot_full/transport/incomplete_reference/pca30_k100/nn/cell_transport_scores.parquet,nan,ba14e0ad6fabd522487307be7173db1d63aabcb4afc6c47cd30eaa0a1f4d119b,59769,False,reconstructed per-method transport scores,isolated PBMC lineage reconstruction
pbmc_primary,results/submission_verification/PBMC/2026-08-03/pbmc_primary_lineage_reconstruction/regenerated/runs/pbmc_ifnb_nk_cells_stim_seed2_taumin0p5_taumax1_alpha2_coreot_full/transport/incomplete_reference/pca30_k100/prior_only/cell_transport_scores.parquet,nan,60de137ce7d471b4f8347182ed060bd069a083587de99bd96b20dac48a91be47,30407,False,reconstructed per-method transport scores,isolated PBMC lineage reconstruction
pbmc_primary,results/submission_verification/PBMC/2026-08-03/pbmc_primary_lineage_reconstruction/regenerated/runs/pbmc_ifnb_nk_cells_stim_seed2_taumin0p5_taumax1_alpha2_coreot_full/transport/incomplete_reference/pca30_k100/uniform_uot/cell_transport_scores.parquet,nan,3c679ff51bf55f2936290d96414bafad56d1296e92ec7824f48ee390718fb157,159251,False,reconstructed per-method transport scores,isolated PBMC lineage reconstruction
pbmc_primary,results/submission_verification/PBMC/2026-08-03/pbmc_primary_lineage_reconstruction/regenerated/runs/pbmc_ifnb_nk_cells_stim_seed2_taumin0p5_taumax1_alpha2_coreot_full/derived/full_reference_control/processed_expression.npz,nan,8076fed9c546405beb578fefbb73760053db7ec3c2a499a1313d17b3567a239b,46390515,False,reconstructed processed expression,isolated PBMC lineage reconstruction
pbmc_primary,results/submission_verification/PBMC/2026-08-03/pbmc_primary_lineage_reconstruction/regenerated/runs/pbmc_ifnb_nk_cells_stim_seed2_taumin0p5_taumax1_alpha2_coreot_full/derived/full_reference_control/prior_profiles/default/source_priors.csv,nan,c693f05912f98400d274b05155e3d28033f7278c28f80d276dacf72c69036958,256432,False,reconstructed query priors,isolated PBMC lineage reconstruction
pbmc_primary,results/submission_verification/PBMC/2026-08-03/pbmc_primary_lineage_reconstruction/regenerated/runs/pbmc_ifnb_nk_cells_stim_seed2_taumin0p5_taumax1_alpha2_coreot_full/derived/full_reference_control/prior_profiles/default/target_priors.csv,nan,fd5f556a1b851cebfe0d51c6636e5a6c461ace1d254035c72974482d1759a766,296849,False,reconstructed reference priors,isolated PBMC lineage reconstruction
pbmc_primary,results/submission_verification/PBMC/2026-08-03/pbmc_primary_lineage_reconstruction/regenerated/runs/pbmc_ifnb_nk_cells_stim_seed2_taumin0p5_taumax1_alpha2_coreot_full/embeddings/full_reference_control/pca30/embedding.npy,nan,187cc84b085c46bba724d61cf5b51bd78035ee397afac64ceeaf2149e197085c,2169008,False,reconstructed PCA embedding,isolated PBMC lineage reconstruction
pbmc_primary,results/submission_verification/PBMC/2026-08-03/pbmc_primary_lineage_reconstruction/regenerated/runs/pbmc_ifnb_nk_cells_stim_seed2_taumin0p5_taumax1_alpha2_coreot_full/embeddings/full_reference_control/pca30/embedding_2d.npy,nan,cebe84bc81dc47342df453f53b16cf1ccb9d145aaf77e5cf79979e5531a06609,144720,False,reconstructed two-dimensional PCA view,isolated PBMC lineage reconstruction
pbmc_primary,results/submission_verification/PBMC/2026-08-03/pbmc_primary_lineage_reconstruction/regenerated/runs/pbmc_ifnb_nk_cells_stim_seed2_taumin0p5_taumax1_alpha2_coreot_full/candidates/full_reference_control/pca30_k100/candidate_edges.parquet,nan,d9b4e862820bb418b0b69c35544bc987a40554074b01048140c4aa1c5804b235,14063095,False,reconstructed candidate graph,isolated PBMC lineage reconstruction
pbmc_primary,results/submission_verification/PBMC/2026-08-03/pbmc_primary_lineage_reconstruction/regenerated/runs/pbmc_ifnb_nk_cells_stim_seed2_taumin0p5_taumax1_alpha2_coreot_full/candidates/full_reference_control/pca30_k100/cost_arrays.npz,nan,ab60a57455153593b381145038ddd25207ccad3b0da1e544209d480dc11b1861,11520889,False,reconstructed candidate costs,isolated PBMC lineage reconstruction
pbmc_primary,results/submission_verification/PBMC/2026-08-03/pbmc_primary_lineage_reconstruction/regenerated/runs/pbmc_ifnb_nk_cells_stim_seed2_taumin0p5_taumax1_alpha2_coreot_full/transport/full_reference_control/pca30_k100/balanced_ot/cell_transport_scores.parquet,nan,7724d0cb5bd5a4b9d38e668b55b1a233c2f877294f2bf60a996f8c35688fa269,109381,False,reconstructed per-method transport scores,isolated PBMC lineage reconstruction
pbmc_primary,results/submission_verification/PBMC/2026-08-03/pbmc_primary_lineage_reconstruction/regenerated/runs/pbmc_ifnb_nk_cells_stim_seed2_taumin0p5_taumax1_alpha2_coreot_full/transport/full_reference_control/pca30_k100/coreot_full/cell_transport_scores.parquet,nan,e801618f4078fc10787578c569f36304f5f5a5b710a9d87d2166b2735ccddd25,151372,False,reconstructed per-method transport scores,isolated PBMC lineage reconstruction
pbmc_primary,results/submission_verification/PBMC/2026-08-03/pbmc_primary_lineage_reconstruction/regenerated/runs/pbmc_ifnb_nk_cells_stim_seed2_taumin0p5_taumax1_alpha2_coreot_full/transport/full_reference_control/pca30_k100/coreot_match_only/cell_transport_scores.parquet,nan,485c17b69f48e3a70ce61177b6bf2230ae863d3450c3aa00a967116233baa825,161228,False,reconstructed per-method transport scores,isolated PBMC lineage reconstruction
pbmc_primary,results/submission_verification/PBMC/2026-08-03/pbmc_primary_lineage_reconstruction/regenerated/runs/pbmc_ifnb_nk_cells_stim_seed2_taumin0p5_taumax1_alpha2_coreot_full/transport/full_reference_control/pca30_k100/nn/cell_transport_scores.parquet,nan,d8073f954f6e210c93fc35dd5598ef8b7a204784c7c663bf55a454caf8a62ca0,59779,False,reconstructed per-method transport scores,isolated PBMC lineage reconstruction
pbmc_primary,results/submission_verification/PBMC/2026-08-03/pbmc_primary_lineage_reconstruction/regenerated/runs/pbmc_ifnb_nk_cells_stim_seed2_taumin0p5_taumax1_alpha2_coreot_full/transport/full_reference_control/pca30_k100/prior_only/cell_transport_scores.parquet,nan,514cbdfad26bb4f3c974470c7d6c06f3a4715e9d7c70ca9e0c1d91ada4e19c09,30417,False,reconstructed per-method transport scores,isolated PBMC lineage reconstruction
pbmc_primary,results/submission_verification/PBMC/2026-08-03/pbmc_primary_lineage_reconstruction/regenerated/runs/pbmc_ifnb_nk_cells_stim_seed2_taumin0p5_taumax1_alpha2_coreot_full/transport/full_reference_control/pca30_k100/uniform_uot/cell_transport_scores.parquet,nan,e0a336d4b183bc9b98b7203bd4662a50a5ef9ba851638263d714f6e84c869568,159422,False,reconstructed per-method transport scores,isolated PBMC lineage reconstruction
pbmc_primary,results/submission_verification/PBMC/2026-08-03/pbmc_primary_lineage_reconstruction/regenerated/runs/pbmc_ifnb_nk_cells_stim_seed3_taumin0p5_taumax1_alpha2_coreot_full/derived/incomplete_reference/processed_expression.npz,nan,3e48bb9dbe443f4200a9df41436a03fb6432e0f79609b62ec2a99a250a3e7eb5,44370023,False,reconstructed processed expression,isolated PBMC lineage reconstruction
pbmc_primary,results/submission_verification/PBMC/2026-08-03/pbmc_primary_lineage_reconstruction/regenerated/runs/pbmc_ifnb_nk_cells_stim_seed3_taumin0p5_taumax1_alpha2_coreot_full/derived/incomplete_reference/prior_profiles/default/source_priors.csv,nan,374e903fca0ceb0b4ce06595bbfe4117a5f60f84e0c85e6db44740d0414535b3,271062,False,reconstructed query priors,isolated PBMC lineage reconstruction
pbmc_primary,results/submission_verification/PBMC/2026-08-03/pbmc_primary_lineage_reconstruction/regenerated/runs/pbmc_ifnb_nk_cells_stim_seed3_taumin0p5_taumax1_alpha2_coreot_full/derived/incomplete_reference/prior_profiles/default/target_priors.csv,nan,7cc2571ce04848c93823ae31c04e3e1b8e3e58a739c1657d704fb035e12ce17d,269494,False,reconstructed reference priors,isolated PBMC lineage reconstruction
pbmc_primary,results/submission_verification/PBMC/2026-08-03/pbmc_primary_lineage_reconstruction/regenerated/runs/pbmc_ifnb_nk_cells_stim_seed3_taumin0p5_taumax1_alpha2_coreot_full/embeddings/incomplete_reference/pca30/embedding.npy,nan,c290fb2ee05fdb74cb973e78363de0b0f44f7a77ca6562ef4cadb5805496ed64,2053568,False,reconstructed PCA embedding,isolated PBMC lineage reconstruction
pbmc_primary,results/submission_verification/PBMC/2026-08-03/pbmc_primary_lineage_reconstruction/regenerated/runs/pbmc_ifnb_nk_cells_stim_seed3_taumin0p5_taumax1_alpha2_coreot_full/embeddings/incomplete_reference/pca30/embedding_2d.npy,nan,045854bd63c2256cae43362f763099d8d8f67bb8326d6259767894c6fc7b61f0,137024,False,reconstructed two-dimensional PCA view,isolated PBMC lineage reconstruction
pbmc_primary,results/submission_verification/PBMC/2026-08-03/pbmc_primary_lineage_reconstruction/regenerated/runs/pbmc_ifnb_nk_cells_stim_seed3_taumin0p5_taumax1_alpha2_coreot_full/candidates/incomplete_reference/pca30_k100/candidate_edges.parquet,nan,a43c4cfece5453f8573c8fec15974523187ab72a7009acadabc26769fba42bb3,13170524,False,reconstructed candidate graph,isolated PBMC lineage reconstruction
pbmc_primary,results/submission_verification/PBMC/2026-08-03/pbmc_primary_lineage_reconstruction/regenerated/runs/pbmc_ifnb_nk_cells_stim_seed3_taumin0p5_taumax1_alpha2_coreot_full/candidates/incomplete_reference/pca30_k100/cost_arrays.npz,nan,e4e691f990b64422afb6f17c52ab4712bad54b590cc7e39bc76038e7b14e58ec,10748994,False,reconstructed candidate costs,isolated PBMC lineage reconstruction
pbmc_primary,results/submission_verification/PBMC/2026-08-03/pbmc_primary_lineage_reconstruction/regenerated/runs/pbmc_ifnb_nk_cells_stim_seed3_taumin0p5_taumax1_alpha2_coreot_full/transport/incomplete_reference/pca30_k100/balanced_ot/cell_transport_scores.parquet,nan,4be373c370ed4b61baa0ed4434744d649a0cc2aa3747fb2d4d4104b660200ac5,115554,False,reconstructed per-method transport scores,isolated PBMC lineage reconstruction
pbmc_primary,results/submission_verification/PBMC/2026-08-03/pbmc_primary_lineage_reconstruction/regenerated/runs/pbmc_ifnb_nk_cells_stim_seed3_taumin0p5_taumax1_alpha2_coreot_full/transport/incomplete_reference/pca30_k100/coreot_full/cell_transport_scores.parquet,nan,bb7f90561251c7331a9417b73ab9e1931568c8ceb9f4e1d7ccb0e0edc3605c5b,161212,False,reconstructed per-method transport scores,isolated PBMC lineage reconstruction
pbmc_primary,results/submission_verification/PBMC/2026-08-03/pbmc_primary_lineage_reconstruction/regenerated/runs/pbmc_ifnb_nk_cells_stim_seed3_taumin0p5_taumax1_alpha2_coreot_full/transport/incomplete_reference/pca30_k100/coreot_match_only/cell_transport_scores.parquet,nan,283a83e3e817420c14a1db6170b5234d5ea339a28f4bc95f81ba114ffa72a044,168845,False,reconstructed per-method transport scores,isolated PBMC lineage reconstruction
pbmc_primary,results/submission_verification/PBMC/2026-08-03/pbmc_primary_lineage_reconstruction/regenerated/runs/pbmc_ifnb_nk_cells_stim_seed3_taumin0p5_taumax1_alpha2_coreot_full/transport/incomplete_reference/pca30_k100/nn/cell_transport_scores.parquet,nan,49a5b2e6b01d4740c713f611b1e5a793fcae6119d74c9a57419cdf2c482615a8,62916,False,reconstructed per-method transport scores,isolated PBMC lineage reconstruction
pbmc_primary,results/submission_verification/PBMC/2026-08-03/pbmc_primary_lineage_reconstruction/regenerated/runs/pbmc_ifnb_nk_cells_stim_seed3_taumin0p5_taumax1_alpha2_coreot_full/transport/incomplete_reference/pca30_k100/prior_only/cell_transport_scores.parquet,nan,53bcff4f2761c2d4b61898d8cb5b2140bdc0cb06379e0fcdefa4d5eff4d62044,32622,False,reconstructed per-method transport scores,isolated PBMC lineage reconstruction
pbmc_primary,results/submission_verification/PBMC/2026-08-03/pbmc_primary_lineage_reconstruction/regenerated/runs/pbmc_ifnb_nk_cells_stim_seed3_taumin0p5_taumax1_alpha2_coreot_full/transport/incomplete_reference/pca30_k100/uniform_uot/cell_transport_scores.parquet,nan,4970a24ae50dd9515f49952152a89fb74e532619b4d5a5eb56b97b690d467a52,166437,False,reconstructed per-method transport scores,isolated PBMC lineage reconstruction
pbmc_primary,results/submission_verification/PBMC/2026-08-03/pbmc_primary_lineage_reconstruction/regenerated/runs/pbmc_ifnb_nk_cells_stim_seed3_taumin0p5_taumax1_alpha2_coreot_full/derived/full_reference_control/processed_expression.npz,nan,4510b3c16194f0677105e1c6f33db4ca0ebd393e8640a2ece6129a2b0bf05878,46676952,False,reconstructed processed expression,isolated PBMC lineage reconstruction
pbmc_primary,results/submission_verification/PBMC/2026-08-03/pbmc_primary_lineage_reconstruction/regenerated/runs/pbmc_ifnb_nk_cells_stim_seed3_taumin0p5_taumax1_alpha2_coreot_full/derived/full_reference_control/prior_profiles/default/source_priors.csv,nan,374e903fca0ceb0b4ce06595bbfe4117a5f60f84e0c85e6db44740d0414535b3,271062,False,reconstructed query priors,isolated PBMC lineage reconstruction
pbmc_primary,results/submission_verification/PBMC/2026-08-03/pbmc_primary_lineage_reconstruction/regenerated/runs/pbmc_ifnb_nk_cells_stim_seed3_taumin0p5_taumax1_alpha2_coreot_full/derived/full_reference_control/prior_profiles/default/target_priors.csv,nan,c630d476d51353169f3ad8b56af66d32bf77d5410d1f8b796b0a4767963e92e7,290609,False,reconstructed reference priors,isolated PBMC lineage reconstruction
pbmc_primary,results/submission_verification/PBMC/2026-08-03/pbmc_primary_lineage_reconstruction/regenerated/runs/pbmc_ifnb_nk_cells_stim_seed3_taumin0p5_taumax1_alpha2_coreot_full/embeddings/full_reference_control/pca30/embedding.npy,nan,2f555ac10abe6d1e0a5606e88439ad4f12254f9d3b34025b48f5be000dfa4c2b,2177168,False,reconstructed PCA embedding,isolated PBMC lineage reconstruction
pbmc_primary,results/submission_verification/PBMC/2026-08-03/pbmc_primary_lineage_reconstruction/regenerated/runs/pbmc_ifnb_nk_cells_stim_seed3_taumin0p5_taumax1_alpha2_coreot_full/embeddings/full_reference_control/pca30/embedding_2d.npy,nan,f7ebb23f6d60fc7531017b384e7f57c047fb93b275880cd49385a28f85cfff36,145264,False,reconstructed two-dimensional PCA view,isolated PBMC lineage reconstruction
pbmc_primary,results/submission_verification/PBMC/2026-08-03/pbmc_primary_lineage_reconstruction/regenerated/runs/pbmc_ifnb_nk_cells_stim_seed3_taumin0p5_taumax1_alpha2_coreot_full/candidates/full_reference_control/pca30_k100/candidate_edges.parquet,nan,0c89fa20c13b65583b6f81f0044b3e93b0f0ce05e94ebbfed20eea9fda77a0df,13897102,False,reconstructed candidate graph,isolated PBMC lineage reconstruction
pbmc_primary,results/submission_verification/PBMC/2026-08-03/pbmc_primary_lineage_reconstruction/regenerated/runs/pbmc_ifnb_nk_cells_stim_seed3_taumin0p5_taumax1_alpha2_coreot_full/candidates/full_reference_control/pca30_k100/cost_arrays.npz,nan,9b80654dfac454b781113277e48a535a60b69fc8df61a92bb49ba0e289e5976f,11376737,False,reconstructed candidate costs,isolated PBMC lineage reconstruction
pbmc_primary,results/submission_verification/PBMC/2026-08-03/pbmc_primary_lineage_reconstruction/regenerated/runs/pbmc_ifnb_nk_cells_stim_seed3_taumin0p5_taumax1_alpha2_coreot_full/transport/full_reference_control/pca30_k100/balanced_ot/cell_transport_scores.parquet,nan,f0cf805808c5ca94da71f3895c597f212a9438c1ea565f8f425627655b669c54,114805,False,reconstructed per-method transport scores,isolated PBMC lineage reconstruction
pbmc_primary,results/submission_verification/PBMC/2026-08-03/pbmc_primary_lineage_reconstruction/regenerated/runs/pbmc_ifnb_nk_cells_stim_seed3_taumin0p5_taumax1_alpha2_coreot_full/transport/full_reference_control/pca30_k100/coreot_full/cell_transport_scores.parquet,nan,edc44e99e6b7ebf6e3802277fd6d9acc0be3ff70e121b17652c414eece1089b4,159242,False,reconstructed per-method transport scores,isolated PBMC lineage reconstruction
pbmc_primary,results/submission_verification/PBMC/2026-08-03/pbmc_primary_lineage_reconstruction/regenerated/runs/pbmc_ifnb_nk_cells_stim_seed3_taumin0p5_taumax1_alpha2_coreot_full/transport/full_reference_control/pca30_k100/coreot_match_only/cell_transport_scores.parquet,nan,07afd4403c78bd5b938414c33e92b43b9127a7cebc96b752fa4c477017da38cc,168918,False,reconstructed per-method transport scores,isolated PBMC lineage reconstruction
pbmc_primary,results/submission_verification/PBMC/2026-08-03/pbmc_primary_lineage_reconstruction/regenerated/runs/pbmc_ifnb_nk_cells_stim_seed3_taumin0p5_taumax1_alpha2_coreot_full/transport/full_reference_control/pca30_k100/nn/cell_transport_scores.parquet,nan,15902898835963ece9dedbfcd35ccc38c456c9a19a6eeb84bac241b9ca2cbcd8,62926,False,reconstructed per-method transport scores,isolated PBMC lineage reconstruction
pbmc_primary,results/submission_verification/PBMC/2026-08-03/pbmc_primary_lineage_reconstruction/regenerated/runs/pbmc_ifnb_nk_cells_stim_seed3_taumin0p5_taumax1_alpha2_coreot_full/transport/full_reference_control/pca30_k100/prior_only/cell_transport_scores.parquet,nan,bdd27d8869ed275d5012fd76f0a56a11998c53447f50f3bb37fee5f5c2195df0,32632,False,reconstructed per-method transport scores,isolated PBMC lineage reconstruction
pbmc_primary,results/submission_verification/PBMC/2026-08-03/pbmc_primary_lineage_reconstruction/regenerated/runs/pbmc_ifnb_nk_cells_stim_seed3_taumin0p5_taumax1_alpha2_coreot_full/transport/full_reference_control/pca30_k100/uniform_uot/cell_transport_scores.parquet,nan,e1c86f38f93b627fb1aee76e4b33a4b2179c8947aa4030ebd45d80c105643cc6,166524,False,reconstructed per-method transport scores,isolated PBMC lineage reconstruction
pbmc_primary,results/submission_verification/PBMC/2026-08-03/pbmc_primary_lineage_reconstruction/regenerated/runs/pbmc_ifnb_nk_cells_stim_seed4_taumin0p5_taumax1_alpha2_coreot_full/derived/incomplete_reference/processed_expression.npz,nan,ded2dc7b3700ab44efb594bc788fe56f66307133aabe2c9acb03e7365efc70e3,43055413,False,reconstructed processed expression,isolated PBMC lineage reconstruction
pbmc_primary,results/submission_verification/PBMC/2026-08-03/pbmc_primary_lineage_reconstruction/regenerated/runs/pbmc_ifnb_nk_cells_stim_seed4_taumin0p5_taumax1_alpha2_coreot_full/derived/incomplete_reference/prior_profiles/default/source_priors.csv,nan,7b5161535aa56421736de4f20cd6d3ba35b637177e78cfd0f9322d4e67d157a1,304281,False,reconstructed query priors,isolated PBMC lineage reconstruction
pbmc_primary,results/submission_verification/PBMC/2026-08-03/pbmc_primary_lineage_reconstruction/regenerated/runs/pbmc_ifnb_nk_cells_stim_seed4_taumin0p5_taumax1_alpha2_coreot_full/derived/incomplete_reference/prior_profiles/default/target_priors.csv,nan,e899adb9ccb55281df2e6f520028da9f8679bae46cd7128f59200592fb3a5a4b,238250,False,reconstructed reference priors,isolated PBMC lineage reconstruction
pbmc_primary,results/submission_verification/PBMC/2026-08-03/pbmc_primary_lineage_reconstruction/regenerated/runs/pbmc_ifnb_nk_cells_stim_seed4_taumin0p5_taumax1_alpha2_coreot_full/embeddings/incomplete_reference/pca30/embedding.npy,nan,76ecf2ddeb5ec65b789cc681c7c3db032cbc90481932b0fecd6e1fb5bec75e5b,1973408,False,reconstructed PCA embedding,isolated PBMC lineage reconstruction
pbmc_primary,results/submission_verification/PBMC/2026-08-03/pbmc_primary_lineage_reconstruction/regenerated/runs/pbmc_ifnb_nk_cells_stim_seed4_taumin0p5_taumax1_alpha2_coreot_full/embeddings/incomplete_reference/pca30/embedding_2d.npy,nan,79fbbcfa90ba0621ef6ab6bb50f6ded2a9e159308e2800cabe9db01959c0ae23,131680,False,reconstructed two-dimensional PCA view,isolated PBMC lineage reconstruction
pbmc_primary,results/submission_verification/PBMC/2026-08-03/pbmc_primary_lineage_reconstruction/regenerated/runs/pbmc_ifnb_nk_cells_stim_seed4_taumin0p5_taumax1_alpha2_coreot_full/candidates/incomplete_reference/pca30_k100/candidate_edges.parquet,nan,a31db9cbdea774ca0284b23510f0305c68daec35655a9cdc31debd19a4cdd446,12471682,False,reconstructed candidate graph,isolated PBMC lineage reconstruction
pbmc_primary,results/submission_verification/PBMC/2026-08-03/pbmc_primary_lineage_reconstruction/regenerated/runs/pbmc_ifnb_nk_cells_stim_seed4_taumin0p5_taumax1_alpha2_coreot_full/candidates/incomplete_reference/pca30_k100/cost_arrays.npz,nan,4f386902597d4eb0df8dc01b21de0e685ce57c8dc97f1741e2c5fec6bf606640,10157881,False,reconstructed candidate costs,isolated PBMC lineage reconstruction
pbmc_primary,results/submission_verification/PBMC/2026-08-03/pbmc_primary_lineage_reconstruction/regenerated/runs/pbmc_ifnb_nk_cells_stim_seed4_taumin0p5_taumax1_alpha2_coreot_full/transport/incomplete_reference/pca30_k100/balanced_ot/cell_transport_scores.parquet,nan,bd09ee1b7119e94916c37baa10a988f297f255c3171642e6fb8558279c305c57,128291,False,reconstructed per-method transport scores,isolated PBMC lineage reconstruction
pbmc_primary,results/submission_verification/PBMC/2026-08-03/pbmc_primary_lineage_reconstruction/regenerated/runs/pbmc_ifnb_nk_cells_stim_seed4_taumin0p5_taumax1_alpha2_coreot_full/transport/incomplete_reference/pca30_k100/coreot_full/cell_transport_scores.parquet,nan,1fbc691120b351fd194e94adba0c25d309249acad13a4e83e53e4ab220863a20,179390,False,reconstructed per-method transport scores,isolated PBMC lineage reconstruction
pbmc_primary,results/submission_verification/PBMC/2026-08-03/pbmc_primary_lineage_reconstruction/regenerated/runs/pbmc_ifnb_nk_cells_stim_seed4_taumin0p5_taumax1_alpha2_coreot_full/transport/incomplete_reference/pca30_k100/coreot_match_only/cell_transport_scores.parquet,nan,c0de0907f68cea1e41ba057562854d55f25c06d929c9616dfba2f2948cffaaed,186774,False,reconstructed per-method transport scores,isolated PBMC lineage reconstruction
pbmc_primary,results/submission_verification/PBMC/2026-08-03/pbmc_primary_lineage_reconstruction/regenerated/runs/pbmc_ifnb_nk_cells_stim_seed4_taumin0p5_taumax1_alpha2_coreot_full/transport/incomplete_reference/pca30_k100/nn/cell_transport_scores.parquet,nan,9a8b9c1a7f0b63f07cb1b50b55c7f27eb3401d7d211ad9c1c16f011c40661c3c,69284,False,reconstructed per-method transport scores,isolated PBMC lineage reconstruction
pbmc_primary,results/submission_verification/PBMC/2026-08-03/pbmc_primary_lineage_reconstruction/regenerated/runs/pbmc_ifnb_nk_cells_stim_seed4_taumin0p5_taumax1_alpha2_coreot_full/transport/incomplete_reference/pca30_k100/prior_only/cell_transport_scores.parquet,nan,8e77579d65efda346339c651a235cbc4df13465d408e57a9f49ad81ceb6d5305,36052,False,reconstructed per-method transport scores,isolated PBMC lineage reconstruction
pbmc_primary,results/submission_verification/PBMC/2026-08-03/pbmc_primary_lineage_reconstruction/regenerated/runs/pbmc_ifnb_nk_cells_stim_seed4_taumin0p5_taumax1_alpha2_coreot_full/transport/incomplete_reference/pca30_k100/uniform_uot/cell_transport_scores.parquet,nan,cb337eeafb99625a9078aad9ec9a002c762e9be1e1da913aef6b70120ee2d006,184062,False,reconstructed per-method transport scores,isolated PBMC lineage reconstruction
pbmc_primary,results/submission_verification/PBMC/2026-08-03/pbmc_primary_lineage_reconstruction/regenerated/runs/pbmc_ifnb_nk_cells_stim_seed4_taumin0p5_taumax1_alpha2_coreot_full/derived/full_reference_control/processed_expression.npz,nan,e79adf9292dc8bf8991e715d859098a01fe6e62a01ad49949e84d2ce92b0663a,45270628,False,reconstructed processed expression,isolated PBMC lineage reconstruction
pbmc_primary,results/submission_verification/PBMC/2026-08-03/pbmc_primary_lineage_reconstruction/regenerated/runs/pbmc_ifnb_nk_cells_stim_seed4_taumin0p5_taumax1_alpha2_coreot_full/derived/full_reference_control/prior_profiles/default/source_priors.csv,nan,7b5161535aa56421736de4f20cd6d3ba35b637177e78cfd0f9322d4e67d157a1,304281,False,reconstructed query priors,isolated PBMC lineage reconstruction
pbmc_primary,results/submission_verification/PBMC/2026-08-03/pbmc_primary_lineage_reconstruction/regenerated/runs/pbmc_ifnb_nk_cells_stim_seed4_taumin0p5_taumax1_alpha2_coreot_full/derived/full_reference_control/prior_profiles/default/target_priors.csv,nan,aa15abae65f732443e85f89d52169da71d70178c6b74dfa2a48814abf5befded,259201,False,reconstructed reference priors,isolated PBMC lineage reconstruction
pbmc_primary,results/submission_verification/PBMC/2026-08-03/pbmc_primary_lineage_reconstruction/regenerated/runs/pbmc_ifnb_nk_cells_stim_seed4_taumin0p5_taumax1_alpha2_coreot_full/embeddings/full_reference_control/pca30/embedding.npy,nan,b863d6d85812c509ee87bc3c8354a82153b939e961944605f1e2b1344f2d0081,2096048,False,reconstructed PCA embedding,isolated PBMC lineage reconstruction
pbmc_primary,results/submission_verification/PBMC/2026-08-03/pbmc_primary_lineage_reconstruction/regenerated/runs/pbmc_ifnb_nk_cells_stim_seed4_taumin0p5_taumax1_alpha2_coreot_full/embeddings/full_reference_control/pca30/embedding_2d.npy,nan,0d4bf9bd2cfd0a620fd2c268f0628b50c737a7ee1f36830999ff9ef193cbd6ca,139856,False,reconstructed two-dimensional PCA view,isolated PBMC lineage reconstruction
pbmc_primary,results/submission_verification/PBMC/2026-08-03/pbmc_primary_lineage_reconstruction/regenerated/runs/pbmc_ifnb_nk_cells_stim_seed4_taumin0p5_taumax1_alpha2_coreot_full/candidates/full_reference_control/pca30_k100/candidate_edges.parquet,nan,85afda2e0d4b8192411a647fb892260c6e0d76d5f85685cc28b59a7f77d4b328,13192925,False,reconstructed candidate graph,isolated PBMC lineage reconstruction
pbmc_primary,results/submission_verification/PBMC/2026-08-03/pbmc_primary_lineage_reconstruction/regenerated/runs/pbmc_ifnb_nk_cells_stim_seed4_taumin0p5_taumax1_alpha2_coreot_full/candidates/full_reference_control/pca30_k100/cost_arrays.npz,nan,87473271016ae94d7027c1e60094f3dc4fb9f24493034e84a9772a43822c11cb,10782167,False,reconstructed candidate costs,isolated PBMC lineage reconstruction
pbmc_primary,results/submission_verification/PBMC/2026-08-03/pbmc_primary_lineage_reconstruction/regenerated/runs/pbmc_ifnb_nk_cells_stim_seed4_taumin0p5_taumax1_alpha2_coreot_full/transport/full_reference_control/pca30_k100/balanced_ot/cell_transport_scores.parquet,nan,4290980dfac85c7bb9c3ad4b64947acb36c1c9df005286b582f1b7ae0f52567e,127550,False,reconstructed per-method transport scores,isolated PBMC lineage reconstruction
pbmc_primary,results/submission_verification/PBMC/2026-08-03/pbmc_primary_lineage_reconstruction/regenerated/runs/pbmc_ifnb_nk_cells_stim_seed4_taumin0p5_taumax1_alpha2_coreot_full/transport/full_reference_control/pca30_k100/coreot_full/cell_transport_scores.parquet,nan,dff330364ff56cbdbc34a948c7a164a6edf1ee581a008cb57c10e3a053d7c50f,179022,False,reconstructed per-method transport scores,isolated PBMC lineage reconstruction
pbmc_primary,results/submission_verification/PBMC/2026-08-03/pbmc_primary_lineage_reconstruction/regenerated/runs/pbmc_ifnb_nk_cells_stim_seed4_taumin0p5_taumax1_alpha2_coreot_full/transport/full_reference_control/pca30_k100/coreot_match_only/cell_transport_scores.parquet,nan,350cf7e050425cc555c915c1558f8b4de70c91ead374b21a9b4d7f3d7271127c,187363,False,reconstructed per-method transport scores,isolated PBMC lineage reconstruction
pbmc_primary,results/submission_verification/PBMC/2026-08-03/pbmc_primary_lineage_reconstruction/regenerated/runs/pbmc_ifnb_nk_cells_stim_seed4_taumin0p5_taumax1_alpha2_coreot_full/transport/full_reference_control/pca30_k100/nn/cell_transport_scores.parquet,nan,394830b203dcdd71c4c2413c3cbf52f78c354f4207d8155dc1048a6763c45fca,69294,False,reconstructed per-method transport scores,isolated PBMC lineage reconstruction
pbmc_primary,results/submission_verification/PBMC/2026-08-03/pbmc_primary_lineage_reconstruction/regenerated/runs/pbmc_ifnb_nk_cells_stim_seed4_taumin0p5_taumax1_alpha2_coreot_full/transport/full_reference_control/pca30_k100/prior_only/cell_transport_scores.parquet,nan,8693c05b3a2640018a678afd20bca32f3444e7228fc6ac69773f0cdbafcc6cbe,36062,False,reconstructed per-method transport scores,isolated PBMC lineage reconstruction
pbmc_primary,results/submission_verification/PBMC/2026-08-03/pbmc_primary_lineage_reconstruction/regenerated/runs/pbmc_ifnb_nk_cells_stim_seed4_taumin0p5_taumax1_alpha2_coreot_full/transport/full_reference_control/pca30_k100/uniform_uot/cell_transport_scores.parquet,nan,6f9ade7012bd45e9eb3ffdace1b6682f016623bc833757a37ec4a152c2cda74a,184675,False,reconstructed per-method transport scores,isolated PBMC lineage reconstruction
pbmc_primary,results/submission_verification/PBMC/2026-08-03/pbmc_primary_lineage_reconstruction/regenerated/runs/pbmc_ifnb_nk_cells_stim_seed5_taumin0p5_taumax1_alpha2_coreot_full/derived/incomplete_reference/processed_expression.npz,nan,f719ef90258f601cc69d26bcc5c564a0b9c777c13bdfd821d6d42e10a79f45bf,43550216,False,reconstructed processed expression,isolated PBMC lineage reconstruction
pbmc_primary,results/submission_verification/PBMC/2026-08-03/pbmc_primary_lineage_reconstruction/regenerated/runs/pbmc_ifnb_nk_cells_stim_seed5_taumin0p5_taumax1_alpha2_coreot_full/derived/incomplete_reference/prior_profiles/default/source_priors.csv,nan,ffffad8559ab781d916e9df55c71515a9c0ca45bd07d061235d4a806683b0b40,251158,False,reconstructed query priors,isolated PBMC lineage reconstruction
pbmc_primary,results/submission_verification/PBMC/2026-08-03/pbmc_primary_lineage_reconstruction/regenerated/runs/pbmc_ifnb_nk_cells_stim_seed5_taumin0p5_taumax1_alpha2_coreot_full/derived/incomplete_reference/prior_profiles/default/target_priors.csv,nan,bd9f5fa3374a5abd24e70279d5e1f3a22fc3a30baa122fffe3ce063a7f150fa7,268681,False,reconstructed reference priors,isolated PBMC lineage reconstruction
pbmc_primary,results/submission_verification/PBMC/2026-08-03/pbmc_primary_lineage_reconstruction/regenerated/runs/pbmc_ifnb_nk_cells_stim_seed5_taumin0p5_taumax1_alpha2_coreot_full/embeddings/incomplete_reference/pca30/embedding.npy,nan,4bf3f0fea8a22950d1ffacee46bcb1276d70dab057b7f6b2c8c6a48946d1fa36,2001968,False,reconstructed PCA embedding,isolated PBMC lineage reconstruction
pbmc_primary,results/submission_verification/PBMC/2026-08-03/pbmc_primary_lineage_reconstruction/regenerated/runs/pbmc_ifnb_nk_cells_stim_seed5_taumin0p5_taumax1_alpha2_coreot_full/embeddings/incomplete_reference/pca30/embedding_2d.npy,nan,d72bb80b290aa0d63a36bbcbf649a7ca147fdc9f5e3620f60366d80e1d7565a5,133584,False,reconstructed two-dimensional PCA view,isolated PBMC lineage reconstruction
pbmc_primary,results/submission_verification/PBMC/2026-08-03/pbmc_primary_lineage_reconstruction/regenerated/runs/pbmc_ifnb_nk_cells_stim_seed5_taumin0p5_taumax1_alpha2_coreot_full/candidates/incomplete_reference/pca30_k100/candidate_edges.parquet,nan,d503f8a9ab9423548a07da8bf1ebaea2749746f442e9b251abf4274debd01854,12987292,False,reconstructed candidate graph,isolated PBMC lineage reconstruction
pbmc_primary,results/submission_verification/PBMC/2026-08-03/pbmc_primary_lineage_reconstruction/regenerated/runs/pbmc_ifnb_nk_cells_stim_seed5_taumin0p5_taumax1_alpha2_coreot_full/candidates/incomplete_reference/pca30_k100/cost_arrays.npz,nan,97cb7c6ad846ec3ca56efb2413ef430514ac8ea9cf3634d702d4934381567ff0,10599792,False,reconstructed candidate costs,isolated PBMC lineage reconstruction
pbmc_primary,results/submission_verification/PBMC/2026-08-03/pbmc_primary_lineage_reconstruction/regenerated/runs/pbmc_ifnb_nk_cells_stim_seed5_taumin0p5_taumax1_alpha2_coreot_full/transport/incomplete_reference/pca30_k100/balanced_ot/cell_transport_scores.parquet,nan,cec35ee65cdcfa85f0571262d84b68052ca90a565b209f8f582fb7dffe66638d,107024,False,reconstructed per-method transport scores,isolated PBMC lineage reconstruction
pbmc_primary,results/submission_verification/PBMC/2026-08-03/pbmc_primary_lineage_reconstruction/regenerated/runs/pbmc_ifnb_nk_cells_stim_seed5_taumin0p5_taumax1_alpha2_coreot_full/transport/incomplete_reference/pca30_k100/coreot_full/cell_transport_scores.parquet,nan,163b037ebd524516d846bcca0152ae228b164a24675e7434964f872c8291b6bb,151481,False,reconstructed per-method transport scores,isolated PBMC lineage reconstruction
pbmc_primary,results/submission_verification/PBMC/2026-08-03/pbmc_primary_lineage_reconstruction/regenerated/runs/pbmc_ifnb_nk_cells_stim_seed5_taumin0p5_taumax1_alpha2_coreot_full/transport/incomplete_reference/pca30_k100/coreot_match_only/cell_transport_scores.parquet,nan,bac7170f8ee25fb6c27089e1156357ecb3463b3dd478797bf353026673a0e94b,157756,False,reconstructed per-method transport scores,isolated PBMC lineage reconstruction
pbmc_primary,results/submission_verification/PBMC/2026-08-03/pbmc_primary_lineage_reconstruction/regenerated/runs/pbmc_ifnb_nk_cells_stim_seed5_taumin0p5_taumax1_alpha2_coreot_full/transport/incomplete_reference/pca30_k100/nn/cell_transport_scores.parquet,nan,30aa5beb67ac7962ddb17829fafede9e0905cfcc0739930189e65fe5b42fba4d,58511,False,reconstructed per-method transport scores,isolated PBMC lineage reconstruction
pbmc_primary,results/submission_verification/PBMC/2026-08-03/pbmc_primary_lineage_reconstruction/regenerated/runs/pbmc_ifnb_nk_cells_stim_seed5_taumin0p5_taumax1_alpha2_coreot_full/transport/incomplete_reference/pca30_k100/prior_only/cell_transport_scores.parquet,nan,bf8caa820a9b302050a404b928380a8f97b6ec0bef29c1dfc4bf7b4478386745,29805,False,reconstructed per-method transport scores,isolated PBMC lineage reconstruction
pbmc_primary,results/submission_verification/PBMC/2026-08-03/pbmc_primary_lineage_reconstruction/regenerated/runs/pbmc_ifnb_nk_cells_stim_seed5_taumin0p5_taumax1_alpha2_coreot_full/transport/incomplete_reference/pca30_k100/uniform_uot/cell_transport_scores.parquet,nan,08bbab98d1a57c3816f161e05b20736413a1b781f07369d7ed2def1912998f0e,155992,False,reconstructed per-method transport scores,isolated PBMC lineage reconstruction
pbmc_primary,results/submission_verification/PBMC/2026-08-03/pbmc_primary_lineage_reconstruction/regenerated/runs/pbmc_ifnb_nk_cells_stim_seed5_taumin0p5_taumax1_alpha2_coreot_full/derived/full_reference_control/processed_expression.npz,nan,c842db08281880f1cffeaca5b2eaea31da78f3852b90d69fd99b7bd14fad34ac,45711865,False,reconstructed processed expression,isolated PBMC lineage reconstruction
pbmc_primary,results/submission_verification/PBMC/2026-08-03/pbmc_primary_lineage_reconstruction/regenerated/runs/pbmc_ifnb_nk_cells_stim_seed5_taumin0p5_taumax1_alpha2_coreot_full/derived/full_reference_control/prior_profiles/default/source_priors.csv,nan,ffffad8559ab781d916e9df55c71515a9c0ca45bd07d061235d4a806683b0b40,251158,False,reconstructed query priors,isolated PBMC lineage reconstruction
pbmc_primary,results/submission_verification/PBMC/2026-08-03/pbmc_primary_lineage_reconstruction/regenerated/runs/pbmc_ifnb_nk_cells_stim_seed5_taumin0p5_taumax1_alpha2_coreot_full/derived/full_reference_control/prior_profiles/default/target_priors.csv,nan,9d04bb1b1c0ef732919c34cdaa6c538b7322776349d9a4281cd68e9f23a2c6ae,289304,False,reconstructed reference priors,isolated PBMC lineage reconstruction
pbmc_primary,results/submission_verification/PBMC/2026-08-03/pbmc_primary_lineage_reconstruction/regenerated/runs/pbmc_ifnb_nk_cells_stim_seed5_taumin0p5_taumax1_alpha2_coreot_full/embeddings/full_reference_control/pca30/embedding.npy,nan,156633e5c857b6266e37f4d9ad15cc92085ce9aa3dbbc05d8c6a0c5ef2694c60,2122688,False,reconstructed PCA embedding,isolated PBMC lineage reconstruction
pbmc_primary,results/submission_verification/PBMC/2026-08-03/pbmc_primary_lineage_reconstruction/regenerated/runs/pbmc_ifnb_nk_cells_stim_seed5_taumin0p5_taumax1_alpha2_coreot_full/embeddings/full_reference_control/pca30/embedding_2d.npy,nan,8850446e528d7f703607bc3d70c7fc7ba3b99541d9521c8cd508a1f9d41761c1,141632,False,reconstructed two-dimensional PCA view,isolated PBMC lineage reconstruction
pbmc_primary,results/submission_verification/PBMC/2026-08-03/pbmc_primary_lineage_reconstruction/regenerated/runs/pbmc_ifnb_nk_cells_stim_seed5_taumin0p5_taumax1_alpha2_coreot_full/candidates/full_reference_control/pca30_k100/candidate_edges.parquet,nan,b0d2d5fe8b973058b4a8e1c32d66e914dcb472226764f9e7a3be38353955781f,13767028,False,reconstructed candidate graph,isolated PBMC lineage reconstruction
pbmc_primary,results/submission_verification/PBMC/2026-08-03/pbmc_primary_lineage_reconstruction/regenerated/runs/pbmc_ifnb_nk_cells_stim_seed5_taumin0p5_taumax1_alpha2_coreot_full/candidates/full_reference_control/pca30_k100/cost_arrays.npz,nan,88ebf4bc7a99214bbc94b0a6b49be47b68e4dd0c91b2f60cd009ac3c656f28b4,11271360,False,reconstructed candidate costs,isolated PBMC lineage reconstruction
pbmc_primary,results/submission_verification/PBMC/2026-08-03/pbmc_primary_lineage_reconstruction/regenerated/runs/pbmc_ifnb_nk_cells_stim_seed5_taumin0p5_taumax1_alpha2_coreot_full/transport/full_reference_control/pca30_k100/balanced_ot/cell_transport_scores.parquet,nan,e367e50b8b0e16feb79873974d81cb1c277691d7dd5b1c0fa1205dfe174b6511,107086,False,reconstructed per-method transport scores,isolated PBMC lineage reconstruction
pbmc_primary,results/submission_verification/PBMC/2026-08-03/pbmc_primary_lineage_reconstruction/regenerated/runs/pbmc_ifnb_nk_cells_stim_seed5_taumin0p5_taumax1_alpha2_coreot_full/transport/full_reference_control/pca30_k100/coreot_full/cell_transport_scores.parquet,nan,aeb68a4247ee9ffe20ac5eead52141826a9cb0a5bc911745f9c83fb4f14b5e67,150338,False,reconstructed per-method transport scores,isolated PBMC lineage reconstruction
pbmc_primary,results/submission_verification/PBMC/2026-08-03/pbmc_primary_lineage_reconstruction/regenerated/runs/pbmc_ifnb_nk_cells_stim_seed5_taumin0p5_taumax1_alpha2_coreot_full/transport/full_reference_control/pca30_k100/coreot_match_only/cell_transport_scores.parquet,nan,833a5f9375b5a98cdf4f8e859461a34da4cec17f3c67b2ff224afc15b3d33ee8,156208,False,reconstructed per-method transport scores,isolated PBMC lineage reconstruction
pbmc_primary,results/submission_verification/PBMC/2026-08-03/pbmc_primary_lineage_reconstruction/regenerated/runs/pbmc_ifnb_nk_cells_stim_seed5_taumin0p5_taumax1_alpha2_coreot_full/transport/full_reference_control/pca30_k100/nn/cell_transport_scores.parquet,nan,ca378d1128c1ca8e194401ad34c2d013cddddcb48cf4249339a86f50bd20a64d,58522,False,reconstructed per-method transport scores,isolated PBMC lineage reconstruction
pbmc_primary,results/submission_verification/PBMC/2026-08-03/pbmc_primary_lineage_reconstruction/regenerated/runs/pbmc_ifnb_nk_cells_stim_seed5_taumin0p5_taumax1_alpha2_coreot_full/transport/full_reference_control/pca30_k100/prior_only/cell_transport_scores.parquet,nan,ab35c03051efe664ebd6445d61bec557fe39e87752c9c2e36fac634198b7f17b,29815,False,reconstructed per-method transport scores,isolated PBMC lineage reconstruction
pbmc_primary,results/submission_verification/PBMC/2026-08-03/pbmc_primary_lineage_reconstruction/regenerated/runs/pbmc_ifnb_nk_cells_stim_seed5_taumin0p5_taumax1_alpha2_coreot_full/transport/full_reference_control/pca30_k100/uniform_uot/cell_transport_scores.parquet,nan,097a936549c2416794fa32ec28f3762fce62974cc4984b5c0f73bdcbacf2cb88,154323,False,reconstructed per-method transport scores,isolated PBMC lineage reconstruction
pbmc_primary,runs/pbmc_ifnb_b_cells_stim_seed1/benchmark/incomplete_reference/evaluation_truth/query_truth.csv,nan,fb2058006409995d05dc27f48cdb876e43fa2ba35efeef5972cd9951ea26e3ee,114210,False,external-baseline evaluation truth,retained PBMC pipeline artifact
pbmc_primary,runs/pbmc_ifnb_b_cells_stim_seed1/scoring/incomplete_reference/external_reference_mapping/cell_scores.parquet,nan,3330140c107305efa859206c8e3768acc6628acea8572417299638867e393f56,384706,False,external-baseline cell scores,retained PBMC pipeline artifact
pbmc_primary,runs/pbmc_ifnb_b_cells_stim_seed1/benchmark/full_reference_control/evaluation_truth/query_truth.csv,nan,25b17e4c9f04470409ec44af403ce5cc14f5b84cd0420517e32b95e8acf6c838,114210,False,external-baseline evaluation truth,retained PBMC pipeline artifact
pbmc_primary,runs/pbmc_ifnb_b_cells_stim_seed1/scoring/full_reference_control/external_reference_mapping/cell_scores.parquet,nan,7e38f7f09d8d70b189f649eaad3806b133c4236329e426decad020802e322119,380070,False,external-baseline cell scores,retained PBMC pipeline artifact
pbmc_primary,runs/pbmc_ifnb_b_cells_stim_seed2/benchmark/incomplete_reference/evaluation_truth/query_truth.csv,nan,7f03ef19746e2d831e8178a8c5314ff3c30ae0252f50ad362961120d3efdd9b7,127011,False,external-baseline evaluation truth,retained PBMC pipeline artifact
pbmc_primary,runs/pbmc_ifnb_b_cells_stim_seed2/scoring/incomplete_reference/external_reference_mapping/cell_scores.parquet,nan,e5c81a60c2de94abca5641854f27450bf162a1a3c4073800a19761cb96c60ebc,415385,False,external-baseline cell scores,retained PBMC pipeline artifact
pbmc_primary,runs/pbmc_ifnb_b_cells_stim_seed2/benchmark/full_reference_control/evaluation_truth/query_truth.csv,nan,f121e8d7918ad9f0a1f4cacce3810376e90089cf20d5773efbd4e2d71cf20244,127011,False,external-baseline evaluation truth,retained PBMC pipeline artifact
pbmc_primary,runs/pbmc_ifnb_b_cells_stim_seed2/scoring/full_reference_control/external_reference_mapping/cell_scores.parquet,nan,098f5844858accc6dc8ba9f34054a73b5da63dd236839f3e6a55f6baa1ce8de0,411179,False,external-baseline cell scores,retained PBMC pipeline artifact
pbmc_primary,runs/pbmc_ifnb_b_cells_stim_seed3/benchmark/incomplete_reference/evaluation_truth/query_truth.csv,nan,29065279df32bfaf68efd3b7bc33f40b4d2e12ef015a277b095a2f4a22dbf170,134683,False,external-baseline evaluation truth,retained PBMC pipeline artifact
pbmc_primary,runs/pbmc_ifnb_b_cells_stim_seed3/scoring/incomplete_reference/external_reference_mapping/cell_scores.parquet,nan,48ebe1e20942545e575288e4aeb0110ec594a674cb0da47727a4f22c35373d6e,433602,False,external-baseline cell scores,retained PBMC pipeline artifact
pbmc_primary,runs/pbmc_ifnb_b_cells_stim_seed3/benchmark/full_reference_control/evaluation_truth/query_truth.csv,nan,3404ea0713cc374a91e303a0d8adc4c17d989837f8b7a438f4a6634d772ff954,134683,False,external-baseline evaluation truth,retained PBMC pipeline artifact
pbmc_primary,runs/pbmc_ifnb_b_cells_stim_seed3/scoring/full_reference_control/external_reference_mapping/cell_scores.parquet,nan,7d179d0fab177d3d6fd9b29202100b306aefb4bced20cead3b99b63cdd5f8ed3,430819,False,external-baseline cell scores,retained PBMC pipeline artifact
pbmc_primary,runs/pbmc_ifnb_b_cells_stim_seed4/benchmark/incomplete_reference/evaluation_truth/query_truth.csv,nan,1c71a0946cc0d7243b8bc9c97a5540f860be376fb998846a3eae0ec6485fa297,151838,False,external-baseline evaluation truth,retained PBMC pipeline artifact
pbmc_primary,runs/pbmc_ifnb_b_cells_stim_seed4/scoring/incomplete_reference/external_reference_mapping/cell_scores.parquet,nan,59ed9b22388436834db8435684c610336b8f8f6d37fe0b22551489e5e86a51b7,526515,False,external-baseline cell scores,retained PBMC pipeline artifact
pbmc_primary,runs/pbmc_ifnb_b_cells_stim_seed4/benchmark/full_reference_control/evaluation_truth/query_truth.csv,nan,7985789a4d35c5a7417f3df6a9a0b473ca8e3a2350449b392b03ea86d66f2907,151838,False,external-baseline evaluation truth,retained PBMC pipeline artifact
pbmc_primary,runs/pbmc_ifnb_b_cells_stim_seed4/scoring/full_reference_control/external_reference_mapping/cell_scores.parquet,nan,c3f13a19b18b23fe7e61d68e5127c1cf237ff742c74fe2dfa55cbee7d4873dde,523854,False,external-baseline cell scores,retained PBMC pipeline artifact
pbmc_primary,runs/pbmc_ifnb_b_cells_stim_seed5/benchmark/incomplete_reference/evaluation_truth/query_truth.csv,nan,a9d6e8e6037cf7cc992e57a1134cbd2974dfc011ee6e4c803917686ec77178ce,124869,False,external-baseline evaluation truth,retained PBMC pipeline artifact
pbmc_primary,runs/pbmc_ifnb_b_cells_stim_seed5/scoring/incomplete_reference/external_reference_mapping/cell_scores.parquet,nan,d0aeb194b35bbda54140fe497b9bc449f179a7fedf0d6d46153fa2acfac3f755,410339,False,external-baseline cell scores,retained PBMC pipeline artifact
pbmc_primary,runs/pbmc_ifnb_b_cells_stim_seed5/benchmark/full_reference_control/evaluation_truth/query_truth.csv,nan,67311c62ca87c490a5c07eb638b821424f009cd28b01d0ddd14ab3d6d32832a9,124869,False,external-baseline evaluation truth,retained PBMC pipeline artifact
pbmc_primary,runs/pbmc_ifnb_b_cells_stim_seed5/scoring/full_reference_control/external_reference_mapping/cell_scores.parquet,nan,14319ca513aedf06add8adaa25a7a8aea99b6eb6cdd7962852185ca5be4b60ea,407501,False,external-baseline cell scores,retained PBMC pipeline artifact
pbmc_primary,runs/pbmc_ifnb_cd8_t_cells_stim_seed1/benchmark/incomplete_reference/evaluation_truth/query_truth.csv,nan,4b8e345794cd6b7111d99d356087f25dc441a04497acb0137d5b1f20c05e0a83,123622,False,external-baseline evaluation truth,retained PBMC pipeline artifact
pbmc_primary,runs/pbmc_ifnb_cd8_t_cells_stim_seed1/scoring/incomplete_reference/external_reference_mapping/cell_scores.parquet,nan,10fa1eb218ad6058ced59270ba48fb3b87151610234d14b94769cbbc52144869,382012,False,external-baseline cell scores,retained PBMC pipeline artifact
pbmc_primary,runs/pbmc_ifnb_cd8_t_cells_stim_seed1/benchmark/full_reference_control/evaluation_truth/query_truth.csv,nan,bcc64090a9c0887fe850b1159144ed77fa404c040f9a7c068f0c4c050808ae05,123622,False,external-baseline evaluation truth,retained PBMC pipeline artifact
pbmc_primary,runs/pbmc_ifnb_cd8_t_cells_stim_seed1/scoring/full_reference_control/external_reference_mapping/cell_scores.parquet,nan,d9412cb699d67bf88e399a8f987b1d068c09b325f839385e228a8f59a740a2eb,383952,False,external-baseline cell scores,retained PBMC pipeline artifact
pbmc_primary,runs/pbmc_ifnb_cd8_t_cells_stim_seed2/benchmark/incomplete_reference/evaluation_truth/query_truth.csv,nan,1509144867c27a97b46aa3e191b8080dd35f2f8446d3e4edf5e64ce33fc0d2d9,137571,False,external-baseline evaluation truth,retained PBMC pipeline artifact
pbmc_primary,runs/pbmc_ifnb_cd8_t_cells_stim_seed2/scoring/incomplete_reference/external_reference_mapping/cell_scores.parquet,nan,1e2348ec23dcd81ad348388af8511e5a724034d8fba538ee005c120afc2074a6,413787,False,external-baseline cell scores,retained PBMC pipeline artifact
pbmc_primary,runs/pbmc_ifnb_cd8_t_cells_stim_seed2/benchmark/full_reference_control/evaluation_truth/query_truth.csv,nan,62a43a4d64bd0fd496fb7c2bb47a4573d5b254a55367957684a0fd7c9b024d3d,137571,False,external-baseline evaluation truth,retained PBMC pipeline artifact
pbmc_primary,runs/pbmc_ifnb_cd8_t_cells_stim_seed2/scoring/full_reference_control/external_reference_mapping/cell_scores.parquet,nan,970fc6b269058981479ba1f68de3d58d8331a337cc5d14903a1534446b03240d,413774,False,external-baseline cell scores,retained PBMC pipeline artifact
pbmc_primary,runs/pbmc_ifnb_cd8_t_cells_stim_seed3/benchmark/incomplete_reference/evaluation_truth/query_truth.csv,nan,9220d73acf91b95d0bdf2bc1a2009cb2a23447ff2b1385a74d79d41a879e2871,145827,False,external-baseline evaluation truth,retained PBMC pipeline artifact
pbmc_primary,runs/pbmc_ifnb_cd8_t_cells_stim_seed3/scoring/incomplete_reference/external_reference_mapping/cell_scores.parquet,nan,72d304fc570cd9cb3693b117fd3b4cfa9b2be5d844ab9c36f15061beb451e3b8,432596,False,external-baseline cell scores,retained PBMC pipeline artifact
pbmc_primary,runs/pbmc_ifnb_cd8_t_cells_stim_seed3/benchmark/full_reference_control/evaluation_truth/query_truth.csv,nan,408f5b3aa1ac7c375468179d51ae7101958c82b09609b4c05f89b6355c2b92a8,145827,False,external-baseline evaluation truth,retained PBMC pipeline artifact
pbmc_primary,runs/pbmc_ifnb_cd8_t_cells_stim_seed3/scoring/full_reference_control/external_reference_mapping/cell_scores.parquet,nan,37ed76b4d25c06ff08657e5ce056d0a3c49a534a8d78904562f1dcf8cd39eec9,432082,False,external-baseline cell scores,retained PBMC pipeline artifact
pbmc_primary,runs/pbmc_ifnb_cd8_t_cells_stim_seed4/benchmark/incomplete_reference/evaluation_truth/query_truth.csv,nan,6e611ab3cef7d74a8726cc7dc34f54d132f3180358823dd239fd2a4c2bcebd0d,164322,False,external-baseline evaluation truth,retained PBMC pipeline artifact
pbmc_primary,runs/pbmc_ifnb_cd8_t_cells_stim_seed4/scoring/incomplete_reference/external_reference_mapping/cell_scores.parquet,nan,06e6982a3b086fdcd8f6305d91a35968cdad6225c04278da3085ba3589cd22cd,518078,False,external-baseline cell scores,retained PBMC pipeline artifact
pbmc_primary,runs/pbmc_ifnb_cd8_t_cells_stim_seed4/benchmark/full_reference_control/evaluation_truth/query_truth.csv,nan,dcbe37ebc61a0b8af5da51ae747acca044603cb9fb5c9bd77fe732455a9a9a9f,164322,False,external-baseline evaluation truth,retained PBMC pipeline artifact
pbmc_primary,runs/pbmc_ifnb_cd8_t_cells_stim_seed4/scoring/full_reference_control/external_reference_mapping/cell_scores.parquet,nan,dd3a86f554b9a9beb2e479e775304b5686c8a403d4b2605cd342dbba5717a65f,523884,False,external-baseline cell scores,retained PBMC pipeline artifact
pbmc_primary,runs/pbmc_ifnb_cd8_t_cells_stim_seed5/benchmark/incomplete_reference/evaluation_truth/query_truth.csv,nan,ad978414cfe906c927a102fac5c0f4b1e6373fbf8cdfd4771ce1865ea4733159,135157,False,external-baseline evaluation truth,retained PBMC pipeline artifact
pbmc_primary,runs/pbmc_ifnb_cd8_t_cells_stim_seed5/scoring/incomplete_reference/external_reference_mapping/cell_scores.parquet,nan,e5bbba16318eb8c79bbf85991c5f76c09714c065ce6ea5936bb9984b2e88c5d3,407656,False,external-baseline cell scores,retained PBMC pipeline artifact
pbmc_primary,runs/pbmc_ifnb_cd8_t_cells_stim_seed5/benchmark/full_reference_control/evaluation_truth/query_truth.csv,nan,6400af0ea7bb75f88174c66313bb40515f46ca223d1d8e37bf9e19e079be8e87,135157,False,external-baseline evaluation truth,retained PBMC pipeline artifact
pbmc_primary,runs/pbmc_ifnb_cd8_t_cells_stim_seed5/scoring/full_reference_control/external_reference_mapping/cell_scores.parquet,nan,ea650dff934968fd9c605a5935cccbeb98aa522beb8308e40ba4506436ad0f8d,407223,False,external-baseline cell scores,retained PBMC pipeline artifact
pbmc_primary,runs/pbmc_ifnb_dendritic_cells_stim_seed1/benchmark/incomplete_reference/evaluation_truth/query_truth.csv,nan,ff37d17f605a483dc21e465f4c5ae4259fdbdeea5157e4ba1169f8e081baf461,133034,False,external-baseline evaluation truth,retained PBMC pipeline artifact
pbmc_primary,runs/pbmc_ifnb_dendritic_cells_stim_seed1/scoring/incomplete_reference/external_reference_mapping/cell_scores.parquet,nan,401dfa03537fc8c67ab2a319f9b06c9d247e31e388116fa6ac20b893b005770d,381460,False,external-baseline cell scores,retained PBMC pipeline artifact
pbmc_primary,runs/pbmc_ifnb_dendritic_cells_stim_seed1/benchmark/full_reference_control/evaluation_truth/query_truth.csv,nan,3873efef1dc2aa04fe8de78e62ec7b78fa9b867ad2fd6466e9eedde236f0206b,133034,False,external-baseline evaluation truth,retained PBMC pipeline artifact
pbmc_primary,runs/pbmc_ifnb_dendritic_cells_stim_seed1/scoring/full_reference_control/external_reference_mapping/cell_scores.parquet,nan,31f73fb164fb2bb6112b4b1495f8855e2fc70965461e3a5dc0c89ffcb1dbbe19,380276,False,external-baseline cell scores,retained PBMC pipeline artifact
pbmc_primary,runs/pbmc_ifnb_dendritic_cells_stim_seed2/benchmark/incomplete_reference/evaluation_truth/query_truth.csv,nan,17c2ea52cc4cbadca916831f6f4be94cae47cf8673962a761da679dfef613254,148131,False,external-baseline evaluation truth,retained PBMC pipeline artifact
pbmc_primary,runs/pbmc_ifnb_dendritic_cells_stim_seed2/scoring/incomplete_reference/external_reference_mapping/cell_scores.parquet,nan,0fb5cec6a0f8ad3cec09bc0b95e9b760c62ec82b69647e557cccd6da3384efae,410055,False,external-baseline cell scores,retained PBMC pipeline artifact
pbmc_primary,runs/pbmc_ifnb_dendritic_cells_stim_seed2/benchmark/full_reference_control/evaluation_truth/query_truth.csv,nan,24d74fb30d71c87e2cf1ad147e89d060ab5fec963d3adc4a647efe1502edaae6,148131,False,external-baseline evaluation truth,retained PBMC pipeline artifact
pbmc_primary,runs/pbmc_ifnb_dendritic_cells_stim_seed2/scoring/full_reference_control/external_reference_mapping/cell_scores.parquet,nan,31f3ffc79378c2e9d2393b4e46d1a2ee860c0955497ef2d0d962b6b65b3cf440,411230,False,external-baseline cell scores,retained PBMC pipeline artifact
pbmc_primary,runs/pbmc_ifnb_dendritic_cells_stim_seed3/benchmark/incomplete_reference/evaluation_truth/query_truth.csv,nan,69ffb76930ce111240bf733854031e4519cd255307256be6082a4a7585e97319,156971,False,external-baseline evaluation truth,retained PBMC pipeline artifact
pbmc_primary,runs/pbmc_ifnb_dendritic_cells_stim_seed3/scoring/incomplete_reference/external_reference_mapping/cell_scores.parquet,nan,93d4b584af120d4e2b91c516dac514b18450c79d28dd4697838491bfce11beb4,430542,False,external-baseline cell scores,retained PBMC pipeline artifact
pbmc_primary,runs/pbmc_ifnb_dendritic_cells_stim_seed3/benchmark/full_reference_control/evaluation_truth/query_truth.csv,nan,20a4720326d44b39403dafe96db5e87e288fb7ba44536662d01f4a995d8bfd9c,156971,False,external-baseline evaluation truth,retained PBMC pipeline artifact
pbmc_primary,runs/pbmc_ifnb_dendritic_cells_stim_seed3/scoring/full_reference_control/external_reference_mapping/cell_scores.parquet,nan,124f80fc3876496bc19c670d825be472869f5c761fb3f7a9bce0f513409bcf9f,431147,False,external-baseline cell scores,retained PBMC pipeline artifact
pbmc_primary,runs/pbmc_ifnb_dendritic_cells_stim_seed4/benchmark/incomplete_reference/evaluation_truth/query_truth.csv,nan,dd8cbc479ee2106ba02b2d60ebae81b08fecfe0d9c17ca4c4b59d5f36f3911e0,176806,False,external-baseline evaluation truth,retained PBMC pipeline artifact
pbmc_primary,runs/pbmc_ifnb_dendritic_cells_stim_seed4/scoring/incomplete_reference/external_reference_mapping/cell_scores.parquet,nan,b8f5e156f7c31339160e8c987557f39607acf0e1ce4a8f9be603b95aac7fcaed,521944,False,external-baseline cell scores,retained PBMC pipeline artifact
pbmc_primary,runs/pbmc_ifnb_dendritic_cells_stim_seed4/benchmark/full_reference_control/evaluation_truth/query_truth.csv,nan,c8adaba64e38781e67d459e2f25fb1d117b0101f388bb016c73b9c78aab74363,176806,False,external-baseline evaluation truth,retained PBMC pipeline artifact
pbmc_primary,runs/pbmc_ifnb_dendritic_cells_stim_seed4/scoring/full_reference_control/external_reference_mapping/cell_scores.parquet,nan,0c75d3573f65ae7955176fca198b4d39de3ddb4193bb0efc61cfa6c02964b584,527140,False,external-baseline cell scores,retained PBMC pipeline artifact
pbmc_primary,runs/pbmc_ifnb_dendritic_cells_stim_seed5/benchmark/incomplete_reference/evaluation_truth/query_truth.csv,nan,f2ff9a7a659709c9d6b82dea8cc322ea9f5ebfe04c17de8a6759426ae7c75d1e,145445,False,external-baseline evaluation truth,retained PBMC pipeline artifact
pbmc_primary,runs/pbmc_ifnb_dendritic_cells_stim_seed5/scoring/incomplete_reference/external_reference_mapping/cell_scores.parquet,nan,639fb26f95d94c2db9308c2a8998048fd3251866642e501c3ef95dd1517acaf5,408097,False,external-baseline cell scores,retained PBMC pipeline artifact
pbmc_primary,runs/pbmc_ifnb_dendritic_cells_stim_seed5/benchmark/full_reference_control/evaluation_truth/query_truth.csv,nan,0e8699a2c7f5e0a7b1d32c6c500aa682777f62da90a5b39a1d37bebc37c3d498,145445,False,external-baseline evaluation truth,retained PBMC pipeline artifact
pbmc_primary,runs/pbmc_ifnb_dendritic_cells_stim_seed5/scoring/full_reference_control/external_reference_mapping/cell_scores.parquet,nan,64d917481fcf23b18ff762642a7d84f916d045c4dd6332abd00c547c56a25e42,406964,False,external-baseline cell scores,retained PBMC pipeline artifact
pbmc_primary,runs/pbmc_ifnb_nk_cells_stim_seed1/benchmark/incomplete_reference/evaluation_truth/query_truth.csv,nan,2475a14e976eac8d7b7a9b6dcac0e0f271128f0035a40ae9fa0fffa3076ace1d,116563,False,external-baseline evaluation truth,retained PBMC pipeline artifact
pbmc_primary,runs/pbmc_ifnb_nk_cells_stim_seed1/scoring/incomplete_reference/external_reference_mapping/cell_scores.parquet,nan,310218a6f518ebdac50c3ca6d6cba9d8cca0bf90144703cd7abf1a2075f64efd,384250,False,external-baseline cell scores,retained PBMC pipeline artifact
pbmc_primary,runs/pbmc_ifnb_nk_cells_stim_seed1/benchmark/full_reference_control/evaluation_truth/query_truth.csv,nan,76494f1e5e7cbaab7dd20840a34521e573e63a8b4dfa52b8d80ba473fdf3c8e6,116563,False,external-baseline evaluation truth,retained PBMC pipeline artifact
pbmc_primary,runs/pbmc_ifnb_nk_cells_stim_seed1/scoring/full_reference_control/external_reference_mapping/cell_scores.parquet,nan,42c65b1a197e12e4ea0c204354ef5656116d7ba5a6bd24bacc64d777efc6484b,380178,False,external-baseline cell scores,retained PBMC pipeline artifact
pbmc_primary,runs/pbmc_ifnb_nk_cells_stim_seed2/benchmark/incomplete_reference/evaluation_truth/query_truth.csv,nan,093a96d16e74e99b6340e62809df904ee9a5f530c8df8d7a192c0b8b7f8229e0,129651,False,external-baseline evaluation truth,retained PBMC pipeline artifact
pbmc_primary,runs/pbmc_ifnb_nk_cells_stim_seed2/scoring/incomplete_reference/external_reference_mapping/cell_scores.parquet,nan,98ae64def76891a2bec98d32e7dfc751b626a1f16ca16dd8bfdf4f8bbca76ea2,418032,False,external-baseline cell scores,retained PBMC pipeline artifact
pbmc_primary,runs/pbmc_ifnb_nk_cells_stim_seed2/benchmark/full_reference_control/evaluation_truth/query_truth.csv,nan,2c3ad785857c040de325b7995384543a18480aa7597c105975d2b83001d10287,129651,False,external-baseline evaluation truth,retained PBMC pipeline artifact
pbmc_primary,runs/pbmc_ifnb_nk_cells_stim_seed2/scoring/full_reference_control/external_reference_mapping/cell_scores.parquet,nan,2db595fd36c3f36cb5719d60821ed572dcb834e789909815aa8d74cc3951bcff,411103,False,external-baseline cell scores,retained PBMC pipeline artifact
pbmc_primary,runs/pbmc_ifnb_nk_cells_stim_seed3/benchmark/incomplete_reference/evaluation_truth/query_truth.csv,nan,8653f0eef31e20467aee27c8990b5ceefe0ec8a26168123820c16bea1c6fffea,137469,False,external-baseline evaluation truth,retained PBMC pipeline artifact
pbmc_primary,runs/pbmc_ifnb_nk_cells_stim_seed3/scoring/incomplete_reference/external_reference_mapping/cell_scores.parquet,nan,ab532a9b8f2777b82e6a2608f07549ea9da7f64ad958123cf61bc9e764228e49,437324,False,external-baseline cell scores,retained PBMC pipeline artifact
pbmc_primary,runs/pbmc_ifnb_nk_cells_stim_seed3/benchmark/full_reference_control/evaluation_truth/query_truth.csv,nan,e29ecb717ec9fcd442ea91f11eb2354ec4b1d6c9f3b750ee4abd9cf01407d533,137469,False,external-baseline evaluation truth,retained PBMC pipeline artifact
pbmc_primary,runs/pbmc_ifnb_nk_cells_stim_seed3/scoring/full_reference_control/external_reference_mapping/cell_scores.parquet,nan,4711e324c6051a0ec850383959609f24a5c0311f7bba214c8147cdc49e6c4f9a,430982,False,external-baseline cell scores,retained PBMC pipeline artifact
pbmc_primary,runs/pbmc_ifnb_nk_cells_stim_seed4/benchmark/incomplete_reference/evaluation_truth/query_truth.csv,nan,a74f722a765f65396dd5ca3af121058dbec62f4e98b673dec94a068174733678,154959,False,external-baseline evaluation truth,retained PBMC pipeline artifact
pbmc_primary,runs/pbmc_ifnb_nk_cells_stim_seed4/scoring/incomplete_reference/external_reference_mapping/cell_scores.parquet,nan,60b7c4d0a321aacc1e9c6fe1234d150350be273e53342d228f38d51533ac4655,517824,False,external-baseline cell scores,retained PBMC pipeline artifact
pbmc_primary,runs/pbmc_ifnb_nk_cells_stim_seed4/benchmark/full_reference_control/evaluation_truth/query_truth.csv,nan,221bef415262a689f2d52c1a3a90fb4a4a528f083e4b7d36fcfed8cad46b8324,154959,False,external-baseline evaluation truth,retained PBMC pipeline artifact
pbmc_primary,runs/pbmc_ifnb_nk_cells_stim_seed4/scoring/full_reference_control/external_reference_mapping/cell_scores.parquet,nan,60fb7c8ea88e191532e3de87c20ff0ae6483399a3eacbb638139ea3c70447dc8,527030,False,external-baseline cell scores,retained PBMC pipeline artifact
pbmc_primary,runs/pbmc_ifnb_nk_cells_stim_seed5/benchmark/incomplete_reference/evaluation_truth/query_truth.csv,nan,83d6a399ca56dfb82b3442d81e34003310672e500de4918938841478ffe75f1d,127441,False,external-baseline evaluation truth,retained PBMC pipeline artifact
pbmc_primary,runs/pbmc_ifnb_nk_cells_stim_seed5/scoring/incomplete_reference/external_reference_mapping/cell_scores.parquet,nan,1d8f27979a9451451321fbb4dd65e411529513d4a5432449998816af59b19a9c,412768,False,external-baseline cell scores,retained PBMC pipeline artifact
pbmc_primary,runs/pbmc_ifnb_nk_cells_stim_seed5/benchmark/full_reference_control/evaluation_truth/query_truth.csv,nan,65df5345543eb0a33da48fd0bee1eaf0b81517e950e09161ef39e384e474525c,127441,False,external-baseline evaluation truth,retained PBMC pipeline artifact
pbmc_primary,runs/pbmc_ifnb_nk_cells_stim_seed5/scoring/full_reference_control/external_reference_mapping/cell_scores.parquet,nan,10387cd52574f0838a8900ee9d2c8c38f4939fcdd9a6cadce49b3d22b4155dca,407105,False,external-baseline cell scores,retained PBMC pipeline artifact
pbmc_matched_reference,data/raw/kang_2018.h5ad,GSE96583; Figshare file 34464122,229d767ff229cda5b8ec335ead831ef9eee3908bd763055515ce25874428deff,123669441,False,canonical analyzed PBMC object,Pertpy object
pbmc_matched_reference,results/PBMC/compare_baselines/tables/compare_detection_by_run.csv,nan,c13005197cb02ae13fc0efb3db9407fb788fc96cf59b952d4ea284cf497ccb0f,76565,False,selected-run comparison manifest,recorded PBMC result pipeline
pbmc_matched_reference,runs/pbmc_ifnb_b_cells_stim_seed1_taumin0p5_taumax1_alpha4_coreot_full/benchmark/incomplete_reference/evaluation_truth/query_truth.csv,nan,fb2058006409995d05dc27f48cdb876e43fa2ba35efeef5972cd9951ea26e3ee,114210,False,paired query truth,recorded PBMC benchmark pipeline
pbmc_matched_reference,runs/pbmc_ifnb_b_cells_stim_seed1_taumin0p5_taumax1_alpha4_coreot_full/transport/incomplete_reference/pca30_k100/coreot_full/cell_transport_scores.parquet,nan,e2cf8cca61c4382542253cf839ecb64e6cf62f9afde032ba34d8ce368f0a9a28,132808,False,paired source transport scores,recorded PBMC transport pipeline
pbmc_matched_reference,runs/pbmc_ifnb_b_cells_stim_seed1_taumin0p5_taumax1_alpha4_coreot_full/transport/incomplete_reference/pca30_k100/coreot_full/sparse_coupling.parquet,nan,e42a4b02fddc538f69c4d94f4ec67a4e99fe1726d69e2f19c60bbea24bec1570,7568987,False,paired sparse coupling,recorded PBMC transport pipeline
pbmc_matched_reference,runs/pbmc_ifnb_b_cells_stim_seed1_taumin0p5_taumax1_alpha4_coreot_full/transport/incomplete_reference/pca30_k100/coreot_full/method_params.yaml,nan,6d6f3ea4adba0af735ad30e919fed81091ada8e123c5468b242c4d15643de6ad,139,False,resolved method parameters,recorded PBMC transport pipeline
pbmc_matched_reference,runs/pbmc_ifnb_b_cells_stim_seed1_taumin0p5_taumax1_alpha4_coreot_full/transport/incomplete_reference/pca30_k100/coreot_full/transport_manifest.yaml,nan,84b152d5d4a53c7e1db56f8dfb005622f86072a63c722b3db53ee1be6bb1533d,1015,False,transport artifact manifest,recorded PBMC transport pipeline
pbmc_matched_reference,runs/pbmc_ifnb_b_cells_stim_seed1_taumin0p5_taumax1_alpha4_coreot_full/benchmark/full_reference_control/evaluation_truth/query_truth.csv,nan,25b17e4c9f04470409ec44af403ce5cc14f5b84cd0420517e32b95e8acf6c838,114210,False,paired query truth,recorded PBMC benchmark pipeline
pbmc_matched_reference,runs/pbmc_ifnb_b_cells_stim_seed1_taumin0p5_taumax1_alpha4_coreot_full/transport/full_reference_control/pca30_k100/coreot_full/cell_transport_scores.parquet,nan,f0c968afb42b859000c8c156e3e078f27f9877e2f816bd15bbdeb4f742b1109a,132599,False,paired source transport scores,recorded PBMC transport pipeline
pbmc_matched_reference,runs/pbmc_ifnb_b_cells_stim_seed1_taumin0p5_taumax1_alpha4_coreot_full/transport/full_reference_control/pca30_k100/coreot_full/sparse_coupling.parquet,nan,5d3d6dfe14915608ad88e9404eb274674ceb31f6ab66a3177c1d67b6af1df88c,7974568,False,paired sparse coupling,recorded PBMC transport pipeline
pbmc_matched_reference,runs/pbmc_ifnb_b_cells_stim_seed1_taumin0p5_taumax1_alpha4_coreot_full/transport/full_reference_control/pca30_k100/coreot_full/method_params.yaml,nan,6d6f3ea4adba0af735ad30e919fed81091ada8e123c5468b242c4d15643de6ad,139,False,resolved method parameters,recorded PBMC transport pipeline
pbmc_matched_reference,runs/pbmc_ifnb_b_cells_stim_seed1_taumin0p5_taumax1_alpha4_coreot_full/transport/full_reference_control/pca30_k100/coreot_full/transport_manifest.yaml,nan,6fb2b9448568438611276e9493748fd564b66f316249c8209459de1ecdbcf099,1023,False,transport artifact manifest,recorded PBMC transport pipeline
pbmc_matched_reference,runs/pbmc_ifnb_b_cells_stim_seed2_taumin0p5_taumax1_alpha4_coreot_full/benchmark/incomplete_reference/evaluation_truth/query_truth.csv,nan,7f03ef19746e2d831e8178a8c5314ff3c30ae0252f50ad362961120d3efdd9b7,127011,False,paired query truth,recorded PBMC benchmark pipeline
pbmc_matched_reference,runs/pbmc_ifnb_b_cells_stim_seed2_taumin0p5_taumax1_alpha4_coreot_full/transport/incomplete_reference/pca30_k100/coreot_full/cell_transport_scores.parquet,nan,2ed75c7b7c37c6d6a87a3a8c58c74fb7562c7d2dc24ca87ab8c862e68b122bf6,144803,False,paired source transport scores,recorded PBMC transport pipeline
pbmc_matched_reference,runs/pbmc_ifnb_b_cells_stim_seed2_taumin0p5_taumax1_alpha4_coreot_full/transport/incomplete_reference/pca30_k100/coreot_full/sparse_coupling.parquet,nan,7cc03a09da8154bd6364a29155632852825c7b50b1930e721fce8ca163f55b70,7807948,False,paired sparse coupling,recorded PBMC transport pipeline
pbmc_matched_reference,runs/pbmc_ifnb_b_cells_stim_seed2_taumin0p5_taumax1_alpha4_coreot_full/transport/incomplete_reference/pca30_k100/coreot_full/method_params.yaml,nan,6d6f3ea4adba0af735ad30e919fed81091ada8e123c5468b242c4d15643de6ad,139,False,resolved method parameters,recorded PBMC transport pipeline
pbmc_matched_reference,runs/pbmc_ifnb_b_cells_stim_seed2_taumin0p5_taumax1_alpha4_coreot_full/transport/incomplete_reference/pca30_k100/coreot_full/transport_manifest.yaml,nan,57299c6e9e014a479a5d02c694e06aae35a7dabc84e25c1de7b592c233d2df09,1024,False,transport artifact manifest,recorded PBMC transport pipeline
pbmc_matched_reference,runs/pbmc_ifnb_b_cells_stim_seed2_taumin0p5_taumax1_alpha4_coreot_full/benchmark/full_reference_control/evaluation_truth/query_truth.csv,nan,f121e8d7918ad9f0a1f4cacce3810376e90089cf20d5773efbd4e2d71cf20244,127011,False,paired query truth,recorded PBMC benchmark pipeline
pbmc_matched_reference,runs/pbmc_ifnb_b_cells_stim_seed2_taumin0p5_taumax1_alpha4_coreot_full/transport/full_reference_control/pca30_k100/coreot_full/cell_transport_scores.parquet,nan,8058f31e61b404df5545f5dfcfb04581fd77c0c71bf1bec0f1401bf9796a1647,143617,False,paired source transport scores,recorded PBMC transport pipeline
pbmc_matched_reference,runs/pbmc_ifnb_b_cells_stim_seed2_taumin0p5_taumax1_alpha4_coreot_full/transport/full_reference_control/pca30_k100/coreot_full/sparse_coupling.parquet,nan,bc15aec524cc9b114c1847145bd5afd257743195d03ba161b6421af95ef3fdaf,8185632,False,paired sparse coupling,recorded PBMC transport pipeline
pbmc_matched_reference,runs/pbmc_ifnb_b_cells_stim_seed2_taumin0p5_taumax1_alpha4_coreot_full/transport/full_reference_control/pca30_k100/coreot_full/method_params.yaml,nan,6d6f3ea4adba0af735ad30e919fed81091ada8e123c5468b242c4d15643de6ad,139,False,resolved method parameters,recorded PBMC transport pipeline
pbmc_matched_reference,runs/pbmc_ifnb_b_cells_stim_seed2_taumin0p5_taumax1_alpha4_coreot_full/transport/full_reference_control/pca30_k100/coreot_full/transport_manifest.yaml,nan,1d452de19cf635d6e96197d378b3a508a1090782db57fb3d03df5c6cfb87fed2,1032,False,transport artifact manifest,recorded PBMC transport pipeline
pbmc_matched_reference,runs/pbmc_ifnb_b_cells_stim_seed3_taumin0p5_taumax1_alpha4_coreot_full/benchmark/incomplete_reference/evaluation_truth/query_truth.csv,nan,29065279df32bfaf68efd3b7bc33f40b4d2e12ef015a277b095a2f4a22dbf170,134683,False,paired query truth,recorded PBMC benchmark pipeline
pbmc_matched_reference,runs/pbmc_ifnb_b_cells_stim_seed3_taumin0p5_taumax1_alpha4_coreot_full/transport/incomplete_reference/pca30_k100/coreot_full/cell_transport_scores.parquet,nan,74f302aef4888cf93a89997bccf4d9f9fa0e169b295e30e7f6ba850563bdcdc5,151266,False,paired source transport scores,recorded PBMC transport pipeline
pbmc_matched_reference,runs/pbmc_ifnb_b_cells_stim_seed3_taumin0p5_taumax1_alpha4_coreot_full/transport/incomplete_reference/pca30_k100/coreot_full/sparse_coupling.parquet,nan,d14e177ab956c377dbbbb3c05d45a87266b7c61327f99d0b27f2f8183cc50e3c,7742836,False,paired sparse coupling,recorded PBMC transport pipeline
pbmc_matched_reference,runs/pbmc_ifnb_b_cells_stim_seed3_taumin0p5_taumax1_alpha4_coreot_full/transport/incomplete_reference/pca30_k100/coreot_full/method_params.yaml,nan,6d6f3ea4adba0af735ad30e919fed81091ada8e123c5468b242c4d15643de6ad,139,False,resolved method parameters,recorded PBMC transport pipeline
pbmc_matched_reference,runs/pbmc_ifnb_b_cells_stim_seed3_taumin0p5_taumax1_alpha4_coreot_full/transport/incomplete_reference/pca30_k100/coreot_full/transport_manifest.yaml,nan,100243a4a777022da18910ca0006a38e5570a2c224191d7025f0da74b14e085d,1015,False,transport artifact manifest,recorded PBMC transport pipeline
pbmc_matched_reference,runs/pbmc_ifnb_b_cells_stim_seed3_taumin0p5_taumax1_alpha4_coreot_full/benchmark/full_reference_control/evaluation_truth/query_truth.csv,nan,3404ea0713cc374a91e303a0d8adc4c17d989837f8b7a438f4a6634d772ff954,134683,False,paired query truth,recorded PBMC benchmark pipeline
pbmc_matched_reference,runs/pbmc_ifnb_b_cells_stim_seed3_taumin0p5_taumax1_alpha4_coreot_full/transport/full_reference_control/pca30_k100/coreot_full/cell_transport_scores.parquet,nan,7f1b243525003d48714072f447112dce4bd5b1869fffb48977cac9a1f4d57653,150036,False,paired source transport scores,recorded PBMC transport pipeline
pbmc_matched_reference,runs/pbmc_ifnb_b_cells_stim_seed3_taumin0p5_taumax1_alpha4_coreot_full/transport/full_reference_control/pca30_k100/coreot_full/sparse_coupling.parquet,nan,ee66b4f00809e37603020a7c1ea0128f66b6cbcc5bea6efcaaa3feb8312650be,8089796,False,paired sparse coupling,recorded PBMC transport pipeline
pbmc_matched_reference,runs/pbmc_ifnb_b_cells_stim_seed3_taumin0p5_taumax1_alpha4_coreot_full/transport/full_reference_control/pca30_k100/coreot_full/method_params.yaml,nan,6d6f3ea4adba0af735ad30e919fed81091ada8e123c5468b242c4d15643de6ad,139,False,resolved method parameters,recorded PBMC transport pipeline
pbmc_matched_reference,runs/pbmc_ifnb_b_cells_stim_seed3_taumin0p5_taumax1_alpha4_coreot_full/transport/full_reference_control/pca30_k100/coreot_full/transport_manifest.yaml,nan,7245f25c9121f25fc6f09992a5d69e358afd33128cd0d9baace3b666432d630f,1023,False,transport artifact manifest,recorded PBMC transport pipeline
pbmc_matched_reference,runs/pbmc_ifnb_b_cells_stim_seed4_taumin0p5_taumax1_alpha4_coreot_full/benchmark/incomplete_reference/evaluation_truth/query_truth.csv,nan,1c71a0946cc0d7243b8bc9c97a5540f860be376fb998846a3eae0ec6485fa297,151838,False,paired query truth,recorded PBMC benchmark pipeline
pbmc_matched_reference,runs/pbmc_ifnb_b_cells_stim_seed4_taumin0p5_taumax1_alpha4_coreot_full/transport/incomplete_reference/pca30_k100/coreot_full/cell_transport_scores.parquet,nan,b5fa0a5419e41cdf4560bf1f056c985cb4f898ceaffd69fb847a2dc33d1dbe9b,172029,False,paired source transport scores,recorded PBMC transport pipeline
pbmc_matched_reference,runs/pbmc_ifnb_b_cells_stim_seed4_taumin0p5_taumax1_alpha4_coreot_full/transport/incomplete_reference/pca30_k100/coreot_full/sparse_coupling.parquet,nan,bb6952b7b04b408791835e3cf73c0f528d448b539c7304965cc3a224332e11ba,7221484,False,paired sparse coupling,recorded PBMC transport pipeline
pbmc_matched_reference,runs/pbmc_ifnb_b_cells_stim_seed4_taumin0p5_taumax1_alpha4_coreot_full/transport/incomplete_reference/pca30_k100/coreot_full/method_params.yaml,nan,6d6f3ea4adba0af735ad30e919fed81091ada8e123c5468b242c4d15643de6ad,139,False,resolved method parameters,recorded PBMC transport pipeline
pbmc_matched_reference,runs/pbmc_ifnb_b_cells_stim_seed4_taumin0p5_taumax1_alpha4_coreot_full/transport/incomplete_reference/pca30_k100/coreot_full/transport_manifest.yaml,nan,944529a9a2d3ff30b821176a4ca5bbfbb761f3098488560aa051b5ababed8ec5,1024,False,transport artifact manifest,recorded PBMC transport pipeline
pbmc_matched_reference,runs/pbmc_ifnb_b_cells_stim_seed4_taumin0p5_taumax1_alpha4_coreot_full/benchmark/full_reference_control/evaluation_truth/query_truth.csv,nan,7985789a4d35c5a7417f3df6a9a0b473ca8e3a2350449b392b03ea86d66f2907,151838,False,paired query truth,recorded PBMC benchmark pipeline
pbmc_matched_reference,runs/pbmc_ifnb_b_cells_stim_seed4_taumin0p5_taumax1_alpha4_coreot_full/transport/full_reference_control/pca30_k100/coreot_full/cell_transport_scores.parquet,nan,ea54b0096b882d86eb5f56528dee62c752494bff06f4b74dee60c9fd27522c1f,171088,False,paired source transport scores,recorded PBMC transport pipeline
pbmc_matched_reference,runs/pbmc_ifnb_b_cells_stim_seed4_taumin0p5_taumax1_alpha4_coreot_full/transport/full_reference_control/pca30_k100/coreot_full/sparse_coupling.parquet,nan,ae970b33ebb8e3d455c5d894062c8bfcbe77b7400428affdd8975201f15b61dc,7678144,False,paired sparse coupling,recorded PBMC transport pipeline
pbmc_matched_reference,runs/pbmc_ifnb_b_cells_stim_seed4_taumin0p5_taumax1_alpha4_coreot_full/transport/full_reference_control/pca30_k100/coreot_full/method_params.yaml,nan,6d6f3ea4adba0af735ad30e919fed81091ada8e123c5468b242c4d15643de6ad,139,False,resolved method parameters,recorded PBMC transport pipeline
pbmc_matched_reference,runs/pbmc_ifnb_b_cells_stim_seed4_taumin0p5_taumax1_alpha4_coreot_full/transport/full_reference_control/pca30_k100/coreot_full/transport_manifest.yaml,nan,eedc40190be25ebd736a4fcd8d5ce0d020efed4ad900a7c4b67d0efc6ee2b23c,1032,False,transport artifact manifest,recorded PBMC transport pipeline
pbmc_matched_reference,runs/pbmc_ifnb_b_cells_stim_seed5_taumin0p5_taumax1_alpha4_coreot_full/benchmark/incomplete_reference/evaluation_truth/query_truth.csv,nan,a9d6e8e6037cf7cc992e57a1134cbd2974dfc011ee6e4c803917686ec77178ce,124869,False,paired query truth,recorded PBMC benchmark pipeline
pbmc_matched_reference,runs/pbmc_ifnb_b_cells_stim_seed5_taumin0p5_taumax1_alpha4_coreot_full/transport/incomplete_reference/pca30_k100/coreot_full/cell_transport_scores.parquet,nan,bb6c82ff8f150c5e7d7cb7c6264a429deb703b0ee8d598b3a3d10eecaf9fd9bf,143084,False,paired source transport scores,recorded PBMC transport pipeline
pbmc_matched_reference,runs/pbmc_ifnb_b_cells_stim_seed5_taumin0p5_taumax1_alpha4_coreot_full/transport/incomplete_reference/pca30_k100/coreot_full/sparse_coupling.parquet,nan,3b0288102f4c5200e3e609768f18a306ff62cdf3f476a5fee0274ef6821db724,7614546,False,paired sparse coupling,recorded PBMC transport pipeline
pbmc_matched_reference,runs/pbmc_ifnb_b_cells_stim_seed5_taumin0p5_taumax1_alpha4_coreot_full/transport/incomplete_reference/pca30_k100/coreot_full/method_params.yaml,nan,6d6f3ea4adba0af735ad30e919fed81091ada8e123c5468b242c4d15643de6ad,139,False,resolved method parameters,recorded PBMC transport pipeline
pbmc_matched_reference,runs/pbmc_ifnb_b_cells_stim_seed5_taumin0p5_taumax1_alpha4_coreot_full/transport/incomplete_reference/pca30_k100/coreot_full/transport_manifest.yaml,nan,313bd6d99dcb4e18c11f4eab710185f6d4881fe1de36523d39f2c233beb200e7,1014,False,transport artifact manifest,recorded PBMC transport pipeline
pbmc_matched_reference,runs/pbmc_ifnb_b_cells_stim_seed5_taumin0p5_taumax1_alpha4_coreot_full/benchmark/full_reference_control/evaluation_truth/query_truth.csv,nan,67311c62ca87c490a5c07eb638b821424f009cd28b01d0ddd14ab3d6d32832a9,124869,False,paired query truth,recorded PBMC benchmark pipeline
pbmc_matched_reference,runs/pbmc_ifnb_b_cells_stim_seed5_taumin0p5_taumax1_alpha4_coreot_full/transport/full_reference_control/pca30_k100/coreot_full/cell_transport_scores.parquet,nan,6997fdc577e2fe9f31e55fb18f1eda15c5dc03ded9336456c3c9d2d6df14011f,143669,False,paired source transport scores,recorded PBMC transport pipeline
pbmc_matched_reference,runs/pbmc_ifnb_b_cells_stim_seed5_taumin0p5_taumax1_alpha4_coreot_full/transport/full_reference_control/pca30_k100/coreot_full/sparse_coupling.parquet,nan,e832349742c325ca26847a372086612624dc90004c12d72f8beb230364c0ff97,8015764,False,paired sparse coupling,recorded PBMC transport pipeline
pbmc_matched_reference,runs/pbmc_ifnb_b_cells_stim_seed5_taumin0p5_taumax1_alpha4_coreot_full/transport/full_reference_control/pca30_k100/coreot_full/method_params.yaml,nan,6d6f3ea4adba0af735ad30e919fed81091ada8e123c5468b242c4d15643de6ad,139,False,resolved method parameters,recorded PBMC transport pipeline
pbmc_matched_reference,runs/pbmc_ifnb_b_cells_stim_seed5_taumin0p5_taumax1_alpha4_coreot_full/transport/full_reference_control/pca30_k100/coreot_full/transport_manifest.yaml,nan,31ad4b2e2bba7861f620112ee86dae65218e231e07b53886a804d562097be9b0,1023,False,transport artifact manifest,recorded PBMC transport pipeline
pbmc_matched_reference,runs/pbmc_ifnb_cd8_t_cells_stim_seed1_taumin0p5_taumax1p5_alpha4_coreot_full/benchmark/incomplete_reference/evaluation_truth/query_truth.csv,nan,4b8e345794cd6b7111d99d356087f25dc441a04497acb0137d5b1f20c05e0a83,123622,False,paired query truth,recorded PBMC benchmark pipeline
pbmc_matched_reference,runs/pbmc_ifnb_cd8_t_cells_stim_seed1_taumin0p5_taumax1p5_alpha4_coreot_full/transport/incomplete_reference/pca30_k100/coreot_full/cell_transport_scores.parquet,nan,28ef40cc7cb6395fae0889b83729c494bc3c80f3bd5b2c557bf86df8dc557f82,129718,False,paired source transport scores,recorded PBMC transport pipeline
pbmc_matched_reference,runs/pbmc_ifnb_cd8_t_cells_stim_seed1_taumin0p5_taumax1p5_alpha4_coreot_full/transport/incomplete_reference/pca30_k100/coreot_full/sparse_coupling.parquet,nan,94a42e226c1969609fda1fc8d8c3bb5fea975a87d7a2713522051501389d9591,7408280,False,paired sparse coupling,recorded PBMC transport pipeline
pbmc_matched_reference,runs/pbmc_ifnb_cd8_t_cells_stim_seed1_taumin0p5_taumax1p5_alpha4_coreot_full/transport/incomplete_reference/pca30_k100/coreot_full/method_params.yaml,nan,9a4e829064cc8a76e3fe975b89c8c9ff5dcf8c8a349fe8cac3003ac18eac413c,139,False,resolved method parameters,recorded PBMC transport pipeline
pbmc_matched_reference,runs/pbmc_ifnb_cd8_t_cells_stim_seed1_taumin0p5_taumax1p5_alpha4_coreot_full/transport/incomplete_reference/pca30_k100/coreot_full/transport_manifest.yaml,nan,3e4a126d50da9accfeccc2947c5604906c07e5c14686a4915510354aff7eb696,1048,False,transport artifact manifest,recorded PBMC transport pipeline
pbmc_matched_reference,runs/pbmc_ifnb_cd8_t_cells_stim_seed1_taumin0p5_taumax1p5_alpha4_coreot_full/benchmark/full_reference_control/evaluation_truth/query_truth.csv,nan,bcc64090a9c0887fe850b1159144ed77fa404c040f9a7c068f0c4c050808ae05,123622,False,paired query truth,recorded PBMC benchmark pipeline
pbmc_matched_reference,runs/pbmc_ifnb_cd8_t_cells_stim_seed1_taumin0p5_taumax1p5_alpha4_coreot_full/transport/full_reference_control/pca30_k100/coreot_full/cell_transport_scores.parquet,nan,155d819a00738f0ff124276e5f47e0234e445041452a37f4e2f828770dc0ae6d,133802,False,paired source transport scores,recorded PBMC transport pipeline
pbmc_matched_reference,runs/pbmc_ifnb_cd8_t_cells_stim_seed1_taumin0p5_taumax1p5_alpha4_coreot_full/transport/full_reference_control/pca30_k100/coreot_full/sparse_coupling.parquet,nan,c2a96a074e094e2017e2659e985e33946934589fabcd293921c67fe169554195,7974568,False,paired sparse coupling,recorded PBMC transport pipeline
pbmc_matched_reference,runs/pbmc_ifnb_cd8_t_cells_stim_seed1_taumin0p5_taumax1p5_alpha4_coreot_full/transport/full_reference_control/pca30_k100/coreot_full/method_params.yaml,nan,9a4e829064cc8a76e3fe975b89c8c9ff5dcf8c8a349fe8cac3003ac18eac413c,139,False,resolved method parameters,recorded PBMC transport pipeline
pbmc_matched_reference,runs/pbmc_ifnb_cd8_t_cells_stim_seed1_taumin0p5_taumax1p5_alpha4_coreot_full/transport/full_reference_control/pca30_k100/coreot_full/transport_manifest.yaml,nan,0be06dc218ec99a8a21d241b2453093e4a3483c21b439532cd8f026b6cef1af6,1055,False,transport artifact manifest,recorded PBMC transport pipeline
pbmc_matched_reference,runs/pbmc_ifnb_cd8_t_cells_stim_seed2_taumin0p5_taumax1p5_alpha4_coreot_full/benchmark/incomplete_reference/evaluation_truth/query_truth.csv,nan,1509144867c27a97b46aa3e191b8080dd35f2f8446d3e4edf5e64ce33fc0d2d9,137571,False,paired query truth,recorded PBMC benchmark pipeline
pbmc_matched_reference,runs/pbmc_ifnb_cd8_t_cells_stim_seed2_taumin0p5_taumax1p5_alpha4_coreot_full/transport/incomplete_reference/pca30_k100/coreot_full/cell_transport_scores.parquet,nan,5657852f2d3152d5d16cea9d868304f07871d704de626d49a68c371ba373f0f7,140263,False,paired source transport scores,recorded PBMC transport pipeline
pbmc_matched_reference,runs/pbmc_ifnb_cd8_t_cells_stim_seed2_taumin0p5_taumax1p5_alpha4_coreot_full/transport/incomplete_reference/pca30_k100/coreot_full/sparse_coupling.parquet,nan,c784fd61858a19cd7f5c96e848335c69387a0640d2f6a1822a5c23ffa0256677,7675709,False,paired sparse coupling,recorded PBMC transport pipeline
pbmc_matched_reference,runs/pbmc_ifnb_cd8_t_cells_stim_seed2_taumin0p5_taumax1p5_alpha4_coreot_full/transport/incomplete_reference/pca30_k100/coreot_full/method_params.yaml,nan,9a4e829064cc8a76e3fe975b89c8c9ff5dcf8c8a349fe8cac3003ac18eac413c,139,False,resolved method parameters,recorded PBMC transport pipeline
pbmc_matched_reference,runs/pbmc_ifnb_cd8_t_cells_stim_seed2_taumin0p5_taumax1p5_alpha4_coreot_full/transport/incomplete_reference/pca30_k100/coreot_full/transport_manifest.yaml,nan,d9d100dccf357193c7629a3f60ed048e017fd755649cefd1ddd95c794ac3621f,1038,False,transport artifact manifest,recorded PBMC transport pipeline
pbmc_matched_reference,runs/pbmc_ifnb_cd8_t_cells_stim_seed2_taumin0p5_taumax1p5_alpha4_coreot_full/benchmark/full_reference_control/evaluation_truth/query_truth.csv,nan,62a43a4d64bd0fd496fb7c2bb47a4573d5b254a55367957684a0fd7c9b024d3d,137571,False,paired query truth,recorded PBMC benchmark pipeline
pbmc_matched_reference,runs/pbmc_ifnb_cd8_t_cells_stim_seed2_taumin0p5_taumax1p5_alpha4_coreot_full/transport/full_reference_control/pca30_k100/coreot_full/cell_transport_scores.parquet,nan,47f184b2d08440143bcf9964c2b33d35203ed237eb0ea244c86250bd4b37ac4f,143053,False,paired source transport scores,recorded PBMC transport pipeline
pbmc_matched_reference,runs/pbmc_ifnb_cd8_t_cells_stim_seed2_taumin0p5_taumax1p5_alpha4_coreot_full/transport/full_reference_control/pca30_k100/coreot_full/sparse_coupling.parquet,nan,bb0e53d7663d0d8216d65d080a24afa13ed39b2a85770688df723b64762f0bc2,8185632,False,paired sparse coupling,recorded PBMC transport pipeline
pbmc_matched_reference,runs/pbmc_ifnb_cd8_t_cells_stim_seed2_taumin0p5_taumax1p5_alpha4_coreot_full/transport/full_reference_control/pca30_k100/coreot_full/method_params.yaml,nan,9a4e829064cc8a76e3fe975b89c8c9ff5dcf8c8a349fe8cac3003ac18eac413c,139,False,resolved method parameters,recorded PBMC transport pipeline
pbmc_matched_reference,runs/pbmc_ifnb_cd8_t_cells_stim_seed2_taumin0p5_taumax1p5_alpha4_coreot_full/transport/full_reference_control/pca30_k100/coreot_full/transport_manifest.yaml,nan,f01a1f9de79b7baf04c7f1e20bc530769383b465752276946d7689b868af14df,1046,False,transport artifact manifest,recorded PBMC transport pipeline
pbmc_matched_reference,runs/pbmc_ifnb_cd8_t_cells_stim_seed3_taumin0p5_taumax1p5_alpha4_coreot_full/benchmark/incomplete_reference/evaluation_truth/query_truth.csv,nan,9220d73acf91b95d0bdf2bc1a2009cb2a23447ff2b1385a74d79d41a879e2871,145827,False,paired query truth,recorded PBMC benchmark pipeline
pbmc_matched_reference,runs/pbmc_ifnb_cd8_t_cells_stim_seed3_taumin0p5_taumax1p5_alpha4_coreot_full/transport/incomplete_reference/pca30_k100/coreot_full/cell_transport_scores.parquet,nan,1e9ad6fb978dbb2e9e7c47b166be779b28d60e26baa018c99238faf8f6cce377,147294,False,paired source transport scores,recorded PBMC transport pipeline
pbmc_matched_reference,runs/pbmc_ifnb_cd8_t_cells_stim_seed3_taumin0p5_taumax1p5_alpha4_coreot_full/transport/incomplete_reference/pca30_k100/coreot_full/sparse_coupling.parquet,nan,b400cc490a435337fdb8a54c8c8762843323e5abf68894062e8cc6718f4cde35,7584628,False,paired sparse coupling,recorded PBMC transport pipeline
pbmc_matched_reference,runs/pbmc_ifnb_cd8_t_cells_stim_seed3_taumin0p5_taumax1p5_alpha4_coreot_full/transport/incomplete_reference/pca30_k100/coreot_full/method_params.yaml,nan,9a4e829064cc8a76e3fe975b89c8c9ff5dcf8c8a349fe8cac3003ac18eac413c,139,False,resolved method parameters,recorded PBMC transport pipeline
pbmc_matched_reference,runs/pbmc_ifnb_cd8_t_cells_stim_seed3_taumin0p5_taumax1p5_alpha4_coreot_full/transport/incomplete_reference/pca30_k100/coreot_full/transport_manifest.yaml,nan,d4fdca3724fba92bfc960afc6bf43701f31f6c2a02e3bcc0ec5f366803adf68d,1038,False,transport artifact manifest,recorded PBMC transport pipeline
pbmc_matched_reference,runs/pbmc_ifnb_cd8_t_cells_stim_seed3_taumin0p5_taumax1p5_alpha4_coreot_full/benchmark/full_reference_control/evaluation_truth/query_truth.csv,nan,408f5b3aa1ac7c375468179d51ae7101958c82b09609b4c05f89b6355c2b92a8,145827,False,paired query truth,recorded PBMC benchmark pipeline
pbmc_matched_reference,runs/pbmc_ifnb_cd8_t_cells_stim_seed3_taumin0p5_taumax1p5_alpha4_coreot_full/transport/full_reference_control/pca30_k100/coreot_full/cell_transport_scores.parquet,nan,9085e9f26c86a88399b604346702910116e36b23bbf04ef5fc469a17bbcdfc7e,150376,False,paired source transport scores,recorded PBMC transport pipeline
pbmc_matched_reference,runs/pbmc_ifnb_cd8_t_cells_stim_seed3_taumin0p5_taumax1p5_alpha4_coreot_full/transport/full_reference_control/pca30_k100/coreot_full/sparse_coupling.parquet,nan,bc6c83664bb25bf0a6c5f85b3af58d299ad9f7562b2222893f739ef3a1ffd436,8089796,False,paired sparse coupling,recorded PBMC transport pipeline
pbmc_matched_reference,runs/pbmc_ifnb_cd8_t_cells_stim_seed3_taumin0p5_taumax1p5_alpha4_coreot_full/transport/full_reference_control/pca30_k100/coreot_full/method_params.yaml,nan,9a4e829064cc8a76e3fe975b89c8c9ff5dcf8c8a349fe8cac3003ac18eac413c,139,False,resolved method parameters,recorded PBMC transport pipeline
pbmc_matched_reference,runs/pbmc_ifnb_cd8_t_cells_stim_seed3_taumin0p5_taumax1p5_alpha4_coreot_full/transport/full_reference_control/pca30_k100/coreot_full/transport_manifest.yaml,nan,46c03c6c34b5530a4763d2ff8e446acced57c53ec4825cd297eac77ed64d29a3,1046,False,transport artifact manifest,recorded PBMC transport pipeline
pbmc_matched_reference,runs/pbmc_ifnb_cd8_t_cells_stim_seed4_taumin0p5_taumax1p5_alpha4_coreot_full/benchmark/incomplete_reference/evaluation_truth/query_truth.csv,nan,6e611ab3cef7d74a8726cc7dc34f54d132f3180358823dd239fd2a4c2bcebd0d,164322,False,paired query truth,recorded PBMC benchmark pipeline
pbmc_matched_reference,runs/pbmc_ifnb_cd8_t_cells_stim_seed4_taumin0p5_taumax1p5_alpha4_coreot_full/transport/incomplete_reference/pca30_k100/coreot_full/cell_transport_scores.parquet,nan,e15bdcac47d15683fb0855c99ca247622f28fa99916a17112332277c6314ee6f,170631,False,paired source transport scores,recorded PBMC transport pipeline
pbmc_matched_reference,runs/pbmc_ifnb_cd8_t_cells_stim_seed4_taumin0p5_taumax1p5_alpha4_coreot_full/transport/incomplete_reference/pca30_k100/coreot_full/sparse_coupling.parquet,nan,96c0b4d4c0eef39e91d6d4b006b885a065b2e4155181718aaa8c31a2976b5b8f,7463735,False,paired sparse coupling,recorded PBMC transport pipeline
pbmc_matched_reference,runs/pbmc_ifnb_cd8_t_cells_stim_seed4_taumin0p5_taumax1p5_alpha4_coreot_full/transport/incomplete_reference/pca30_k100/coreot_full/method_params.yaml,nan,9a4e829064cc8a76e3fe975b89c8c9ff5dcf8c8a349fe8cac3003ac18eac413c,139,False,resolved method parameters,recorded PBMC transport pipeline
pbmc_matched_reference,runs/pbmc_ifnb_cd8_t_cells_stim_seed4_taumin0p5_taumax1p5_alpha4_coreot_full/transport/incomplete_reference/pca30_k100/coreot_full/transport_manifest.yaml,nan,f532758c8f65b12a1059506c11bde6f8d032e12404b0ad79aba55fea71780e99,1038,False,transport artifact manifest,recorded PBMC transport pipeline
pbmc_matched_reference,runs/pbmc_ifnb_cd8_t_cells_stim_seed4_taumin0p5_taumax1p5_alpha4_coreot_full/benchmark/full_reference_control/evaluation_truth/query_truth.csv,nan,dcbe37ebc61a0b8af5da51ae747acca044603cb9fb5c9bd77fe732455a9a9a9f,164322,False,paired query truth,recorded PBMC benchmark pipeline
pbmc_matched_reference,runs/pbmc_ifnb_cd8_t_cells_stim_seed4_taumin0p5_taumax1p5_alpha4_coreot_full/transport/full_reference_control/pca30_k100/coreot_full/cell_transport_scores.parquet,nan,70f82ff3e51d726feeb6410911131f797eca78a804c467b1e8d7d067a99f8b6d,172591,False,paired source transport scores,recorded PBMC transport pipeline
pbmc_matched_reference,runs/pbmc_ifnb_cd8_t_cells_stim_seed4_taumin0p5_taumax1p5_alpha4_coreot_full/transport/full_reference_control/pca30_k100/coreot_full/sparse_coupling.parquet,nan,3421b64cd0f4385bb772c036dc44a817912a97bbcd735cd3cbedd8ab2f22481e,7678144,False,paired sparse coupling,recorded PBMC transport pipeline
pbmc_matched_reference,runs/pbmc_ifnb_cd8_t_cells_stim_seed4_taumin0p5_taumax1p5_alpha4_coreot_full/transport/full_reference_control/pca30_k100/coreot_full/method_params.yaml,nan,9a4e829064cc8a76e3fe975b89c8c9ff5dcf8c8a349fe8cac3003ac18eac413c,139,False,resolved method parameters,recorded PBMC transport pipeline
pbmc_matched_reference,runs/pbmc_ifnb_cd8_t_cells_stim_seed4_taumin0p5_taumax1p5_alpha4_coreot_full/transport/full_reference_control/pca30_k100/coreot_full/transport_manifest.yaml,nan,35953bb39db85e16d5e1059a84d2d4425b1adcbe1106333e5d99c11a01aad779,1046,False,transport artifact manifest,recorded PBMC transport pipeline
pbmc_matched_reference,runs/pbmc_ifnb_cd8_t_cells_stim_seed5_taumin0p5_taumax1p5_alpha4_coreot_full/benchmark/incomplete_reference/evaluation_truth/query_truth.csv,nan,ad978414cfe906c927a102fac5c0f4b1e6373fbf8cdfd4771ce1865ea4733159,135157,False,paired query truth,recorded PBMC benchmark pipeline
pbmc_matched_reference,runs/pbmc_ifnb_cd8_t_cells_stim_seed5_taumin0p5_taumax1p5_alpha4_coreot_full/transport/incomplete_reference/pca30_k100/coreot_full/cell_transport_scores.parquet,nan,4e5e78dbf38739cb16b6617fe4d77dac4c7f87c0f5d4a64ca4cad3ee3657e138,141311,False,paired source transport scores,recorded PBMC transport pipeline
pbmc_matched_reference,runs/pbmc_ifnb_cd8_t_cells_stim_seed5_taumin0p5_taumax1p5_alpha4_coreot_full/transport/incomplete_reference/pca30_k100/coreot_full/sparse_coupling.parquet,nan,e249132539002d9583f117124a058bce886a3f1c4cbd9ca7efb460f88686921d,7483070,False,paired sparse coupling,recorded PBMC transport pipeline
pbmc_matched_reference,runs/pbmc_ifnb_cd8_t_cells_stim_seed5_taumin0p5_taumax1p5_alpha4_coreot_full/transport/incomplete_reference/pca30_k100/coreot_full/method_params.yaml,nan,9a4e829064cc8a76e3fe975b89c8c9ff5dcf8c8a349fe8cac3003ac18eac413c,139,False,resolved method parameters,recorded PBMC transport pipeline
pbmc_matched_reference,runs/pbmc_ifnb_cd8_t_cells_stim_seed5_taumin0p5_taumax1p5_alpha4_coreot_full/transport/incomplete_reference/pca30_k100/coreot_full/transport_manifest.yaml,nan,a29592f2430d27e327ebed4694cef3c4f06750645c4917270940f9cd8b44d377,1048,False,transport artifact manifest,recorded PBMC transport pipeline
pbmc_matched_reference,runs/pbmc_ifnb_cd8_t_cells_stim_seed5_taumin0p5_taumax1p5_alpha4_coreot_full/benchmark/full_reference_control/evaluation_truth/query_truth.csv,nan,6400af0ea7bb75f88174c66313bb40515f46ca223d1d8e37bf9e19e079be8e87,135157,False,paired query truth,recorded PBMC benchmark pipeline
pbmc_matched_reference,runs/pbmc_ifnb_cd8_t_cells_stim_seed5_taumin0p5_taumax1p5_alpha4_coreot_full/transport/full_reference_control/pca30_k100/coreot_full/cell_transport_scores.parquet,nan,117f883e74479de2ddd1b11a4217c295f7b27789477863f0c66700100ddb4118,143356,False,paired source transport scores,recorded PBMC transport pipeline
pbmc_matched_reference,runs/pbmc_ifnb_cd8_t_cells_stim_seed5_taumin0p5_taumax1p5_alpha4_coreot_full/transport/full_reference_control/pca30_k100/coreot_full/sparse_coupling.parquet,nan,73a4acd56e37944a59c9c1596561b43b0766029e028ed1fda85fab4ce2e738e0,8015764,False,paired sparse coupling,recorded PBMC transport pipeline
pbmc_matched_reference,runs/pbmc_ifnb_cd8_t_cells_stim_seed5_taumin0p5_taumax1p5_alpha4_coreot_full/transport/full_reference_control/pca30_k100/coreot_full/method_params.yaml,nan,9a4e829064cc8a76e3fe975b89c8c9ff5dcf8c8a349fe8cac3003ac18eac413c,139,False,resolved method parameters,recorded PBMC transport pipeline
pbmc_matched_reference,runs/pbmc_ifnb_cd8_t_cells_stim_seed5_taumin0p5_taumax1p5_alpha4_coreot_full/transport/full_reference_control/pca30_k100/coreot_full/transport_manifest.yaml,nan,548f5f22057942e6806561c3d2224f345094dd7c661dce053e0089747c818bf9,1056,False,transport artifact manifest,recorded PBMC transport pipeline
pbmc_matched_reference,runs/pbmc_ifnb_dendritic_cells_stim_seed1_taumin0p75_taumax1_alpha3_coreot_full/benchmark/incomplete_reference/evaluation_truth/query_truth.csv,nan,ff37d17f605a483dc21e465f4c5ae4259fdbdeea5157e4ba1169f8e081baf461,133034,False,paired query truth,recorded PBMC benchmark pipeline
pbmc_matched_reference,runs/pbmc_ifnb_dendritic_cells_stim_seed1_taumin0p75_taumax1_alpha3_coreot_full/transport/incomplete_reference/pca30_k100/coreot_full/cell_transport_scores.parquet,nan,3d00699c9bc6af9263e88a9d8f5a073a1128795d8dec067ba5d88c32cacd4ad8,137240,False,paired source transport scores,recorded PBMC transport pipeline
pbmc_matched_reference,runs/pbmc_ifnb_dendritic_cells_stim_seed1_taumin0p75_taumax1_alpha3_coreot_full/transport/incomplete_reference/pca30_k100/coreot_full/sparse_coupling.parquet,nan,10a47a6d7a393ffb6406596a555b46d0c14400054ddd5304fc3bab45bdb976bf,7811087,False,paired sparse coupling,recorded PBMC transport pipeline
pbmc_matched_reference,runs/pbmc_ifnb_dendritic_cells_stim_seed1_taumin0p75_taumax1_alpha3_coreot_full/transport/incomplete_reference/pca30_k100/coreot_full/method_params.yaml,nan,a61acecee2d55445a584a6a5c8705e2a31ead0c0a1bd1c8b420a0433a3af5300,140,False,resolved method parameters,recorded PBMC transport pipeline
pbmc_matched_reference,runs/pbmc_ifnb_dendritic_cells_stim_seed1_taumin0p75_taumax1_alpha3_coreot_full/transport/incomplete_reference/pca30_k100/coreot_full/transport_manifest.yaml,nan,ebec0bd3e0e16c9a02dfacb7ee2ba9d3b662bd686fa0b049f894962969f66cf1,1051,False,transport artifact manifest,recorded PBMC transport pipeline
pbmc_matched_reference,runs/pbmc_ifnb_dendritic_cells_stim_seed1_taumin0p75_taumax1_alpha3_coreot_full/benchmark/full_reference_control/evaluation_truth/query_truth.csv,nan,3873efef1dc2aa04fe8de78e62ec7b78fa9b867ad2fd6466e9eedde236f0206b,133034,False,paired query truth,recorded PBMC benchmark pipeline
pbmc_matched_reference,runs/pbmc_ifnb_dendritic_cells_stim_seed1_taumin0p75_taumax1_alpha3_coreot_full/transport/full_reference_control/pca30_k100/coreot_full/cell_transport_scores.parquet,nan,1361734f83d402f8a1a07e4262821a92517f774cbb93b6a5ac569889af5fed9b,137538,False,paired source transport scores,recorded PBMC transport pipeline
pbmc_matched_reference,runs/pbmc_ifnb_dendritic_cells_stim_seed1_taumin0p75_taumax1_alpha3_coreot_full/transport/full_reference_control/pca30_k100/coreot_full/sparse_coupling.parquet,nan,9ef2c8ca9d5005af2a927536479d1136f52326b35b7a2249fead4c2b3e3f4ba0,7974568,False,paired sparse coupling,recorded PBMC transport pipeline
pbmc_matched_reference,runs/pbmc_ifnb_dendritic_cells_stim_seed1_taumin0p75_taumax1_alpha3_coreot_full/transport/full_reference_control/pca30_k100/coreot_full/method_params.yaml,nan,a61acecee2d55445a584a6a5c8705e2a31ead0c0a1bd1c8b420a0433a3af5300,140,False,resolved method parameters,recorded PBMC transport pipeline
pbmc_matched_reference,runs/pbmc_ifnb_dendritic_cells_stim_seed1_taumin0p75_taumax1_alpha3_coreot_full/transport/full_reference_control/pca30_k100/coreot_full/transport_manifest.yaml,nan,1a52886c42d63f0bf29787e88d605fe3c80abc766d007756e64af7d1a3d8397b,1060,False,transport artifact manifest,recorded PBMC transport pipeline
pbmc_matched_reference,runs/pbmc_ifnb_dendritic_cells_stim_seed2_taumin0p75_taumax1_alpha3_coreot_full/benchmark/incomplete_reference/evaluation_truth/query_truth.csv,nan,17c2ea52cc4cbadca916831f6f4be94cae47cf8673962a761da679dfef613254,148131,False,paired query truth,recorded PBMC benchmark pipeline
pbmc_matched_reference,runs/pbmc_ifnb_dendritic_cells_stim_seed2_taumin0p75_taumax1_alpha3_coreot_full/transport/incomplete_reference/pca30_k100/coreot_full/cell_transport_scores.parquet,nan,e5fce380b54fb7aed58ace98f2d3c653ba14e6881112f77e1b66fd8b2c81d54b,149687,False,paired source transport scores,recorded PBMC transport pipeline
pbmc_matched_reference,runs/pbmc_ifnb_dendritic_cells_stim_seed2_taumin0p75_taumax1_alpha3_coreot_full/transport/incomplete_reference/pca30_k100/coreot_full/sparse_coupling.parquet,nan,9852408eeddded7f749c4f433359d6caea4ba2756c843fc5b6d2b861f3316df7,8034841,False,paired sparse coupling,recorded PBMC transport pipeline
pbmc_matched_reference,runs/pbmc_ifnb_dendritic_cells_stim_seed2_taumin0p75_taumax1_alpha3_coreot_full/transport/incomplete_reference/pca30_k100/coreot_full/method_params.yaml,nan,a61acecee2d55445a584a6a5c8705e2a31ead0c0a1bd1c8b420a0433a3af5300,140,False,resolved method parameters,recorded PBMC transport pipeline
pbmc_matched_reference,runs/pbmc_ifnb_dendritic_cells_stim_seed2_taumin0p75_taumax1_alpha3_coreot_full/transport/incomplete_reference/pca30_k100/coreot_full/transport_manifest.yaml,nan,195edd3e1600f65e691cab82b6f00f10ad54f3d65196fa6a2e92b401cd8520d3,1051,False,transport artifact manifest,recorded PBMC transport pipeline
pbmc_matched_reference,runs/pbmc_ifnb_dendritic_cells_stim_seed2_taumin0p75_taumax1_alpha3_coreot_full/benchmark/full_reference_control/evaluation_truth/query_truth.csv,nan,24d74fb30d71c87e2cf1ad147e89d060ab5fec963d3adc4a647efe1502edaae6,148131,False,paired query truth,recorded PBMC benchmark pipeline
pbmc_matched_reference,runs/pbmc_ifnb_dendritic_cells_stim_seed2_taumin0p75_taumax1_alpha3_coreot_full/transport/full_reference_control/pca30_k100/coreot_full/cell_transport_scores.parquet,nan,3c59de413b99f2ecc57a520321fbe2cd856fe62dce1fbc45d3a3c52252a6faef,149779,False,paired source transport scores,recorded PBMC transport pipeline
pbmc_matched_reference,runs/pbmc_ifnb_dendritic_cells_stim_seed2_taumin0p75_taumax1_alpha3_coreot_full/transport/full_reference_control/pca30_k100/coreot_full/sparse_coupling.parquet,nan,2d0c49907c178e78b1f44efe64b5c4ac72d11a747e7fd046df02444d51b83a12,8185632,False,paired sparse coupling,recorded PBMC transport pipeline
pbmc_matched_reference,runs/pbmc_ifnb_dendritic_cells_stim_seed2_taumin0p75_taumax1_alpha3_coreot_full/transport/full_reference_control/pca30_k100/coreot_full/method_params.yaml,nan,a61acecee2d55445a584a6a5c8705e2a31ead0c0a1bd1c8b420a0433a3af5300,140,False,resolved method parameters,recorded PBMC transport pipeline
pbmc_matched_reference,runs/pbmc_ifnb_dendritic_cells_stim_seed2_taumin0p75_taumax1_alpha3_coreot_full/transport/full_reference_control/pca30_k100/coreot_full/transport_manifest.yaml,nan,d07c7460f82b354e91ee08f6538edc2ec4e2665691ed5e8140ce1bd30df3cc8b,1059,False,transport artifact manifest,recorded PBMC transport pipeline
pbmc_matched_reference,runs/pbmc_ifnb_dendritic_cells_stim_seed3_taumin0p75_taumax1_alpha3_coreot_full/benchmark/incomplete_reference/evaluation_truth/query_truth.csv,nan,69ffb76930ce111240bf733854031e4519cd255307256be6082a4a7585e97319,156971,False,paired query truth,recorded PBMC benchmark pipeline
pbmc_matched_reference,runs/pbmc_ifnb_dendritic_cells_stim_seed3_taumin0p75_taumax1_alpha3_coreot_full/transport/incomplete_reference/pca30_k100/coreot_full/cell_transport_scores.parquet,nan,64e7144138f2981c9b76984565c7927fc9c8d07e2b4d62163594265e11c809d5,157199,False,paired source transport scores,recorded PBMC transport pipeline
pbmc_matched_reference,runs/pbmc_ifnb_dendritic_cells_stim_seed3_taumin0p75_taumax1_alpha3_coreot_full/transport/incomplete_reference/pca30_k100/coreot_full/sparse_coupling.parquet,nan,ba97054fe25d045578aed701c0f246b12e8d351adb805608841c12e8ac54e047,7970665,False,paired sparse coupling,recorded PBMC transport pipeline
pbmc_matched_reference,runs/pbmc_ifnb_dendritic_cells_stim_seed3_taumin0p75_taumax1_alpha3_coreot_full/transport/incomplete_reference/pca30_k100/coreot_full/method_params.yaml,nan,a61acecee2d55445a584a6a5c8705e2a31ead0c0a1bd1c8b420a0433a3af5300,140,False,resolved method parameters,recorded PBMC transport pipeline
pbmc_matched_reference,runs/pbmc_ifnb_dendritic_cells_stim_seed3_taumin0p75_taumax1_alpha3_coreot_full/transport/incomplete_reference/pca30_k100/coreot_full/transport_manifest.yaml,nan,02d6bea0f4549c7a67837949838e8f356730e1a7a75dd8ecbb523cb41580c64b,1052,False,transport artifact manifest,recorded PBMC transport pipeline
pbmc_matched_reference,runs/pbmc_ifnb_dendritic_cells_stim_seed3_taumin0p75_taumax1_alpha3_coreot_full/benchmark/full_reference_control/evaluation_truth/query_truth.csv,nan,20a4720326d44b39403dafe96db5e87e288fb7ba44536662d01f4a995d8bfd9c,156971,False,paired query truth,recorded PBMC benchmark pipeline
pbmc_matched_reference,runs/pbmc_ifnb_dendritic_cells_stim_seed3_taumin0p75_taumax1_alpha3_coreot_full/transport/full_reference_control/pca30_k100/coreot_full/cell_transport_scores.parquet,nan,2494068073b21109ba3328aca38af930a17feef6800aa11c8933774c81da0404,156919,False,paired source transport scores,recorded PBMC transport pipeline
pbmc_matched_reference,runs/pbmc_ifnb_dendritic_cells_stim_seed3_taumin0p75_taumax1_alpha3_coreot_full/transport/full_reference_control/pca30_k100/coreot_full/sparse_coupling.parquet,nan,9807331fe1fcac80ea90c085a62bb303903fa60059c89bf76b25aa74878ed702,8089796,False,paired sparse coupling,recorded PBMC transport pipeline
pbmc_matched_reference,runs/pbmc_ifnb_dendritic_cells_stim_seed3_taumin0p75_taumax1_alpha3_coreot_full/transport/full_reference_control/pca30_k100/coreot_full/method_params.yaml,nan,a61acecee2d55445a584a6a5c8705e2a31ead0c0a1bd1c8b420a0433a3af5300,140,False,resolved method parameters,recorded PBMC transport pipeline
pbmc_matched_reference,runs/pbmc_ifnb_dendritic_cells_stim_seed3_taumin0p75_taumax1_alpha3_coreot_full/transport/full_reference_control/pca30_k100/coreot_full/transport_manifest.yaml,nan,1d4d330223541f355ae3a9a44b2326baf63e4d510871585d23485e923df5791a,1058,False,transport artifact manifest,recorded PBMC transport pipeline
pbmc_matched_reference,runs/pbmc_ifnb_dendritic_cells_stim_seed4_taumin0p75_taumax1_alpha3_coreot_full/benchmark/incomplete_reference/evaluation_truth/query_truth.csv,nan,dd8cbc479ee2106ba02b2d60ebae81b08fecfe0d9c17ca4c4b59d5f36f3911e0,176806,False,paired query truth,recorded PBMC benchmark pipeline
pbmc_matched_reference,runs/pbmc_ifnb_dendritic_cells_stim_seed4_taumin0p75_taumax1_alpha3_coreot_full/transport/incomplete_reference/pca30_k100/coreot_full/cell_transport_scores.parquet,nan,fbbbdd9c438375850dbb77525dc989a4f475207c974abbe9e86ad5eaed86ab41,176710,False,paired source transport scores,recorded PBMC transport pipeline
pbmc_matched_reference,runs/pbmc_ifnb_dendritic_cells_stim_seed4_taumin0p75_taumax1_alpha3_coreot_full/transport/incomplete_reference/pca30_k100/coreot_full/sparse_coupling.parquet,nan,d4538b4e443fd8028a7dad7c410dc823c14a41a3c8c38ec60c9aaeb1efdca284,7471662,False,paired sparse coupling,recorded PBMC transport pipeline
pbmc_matched_reference,runs/pbmc_ifnb_dendritic_cells_stim_seed4_taumin0p75_taumax1_alpha3_coreot_full/transport/incomplete_reference/pca30_k100/coreot_full/method_params.yaml,nan,a61acecee2d55445a584a6a5c8705e2a31ead0c0a1bd1c8b420a0433a3af5300,140,False,resolved method parameters,recorded PBMC transport pipeline
pbmc_matched_reference,runs/pbmc_ifnb_dendritic_cells_stim_seed4_taumin0p75_taumax1_alpha3_coreot_full/transport/incomplete_reference/pca30_k100/coreot_full/transport_manifest.yaml,nan,e80bece5b847c41c18cd2c129f729a4325c72a0cd601bda0e1fc29173d43ba5c,1052,False,transport artifact manifest,recorded PBMC transport pipeline
pbmc_matched_reference,runs/pbmc_ifnb_dendritic_cells_stim_seed4_taumin0p75_taumax1_alpha3_coreot_full/benchmark/full_reference_control/evaluation_truth/query_truth.csv,nan,c8adaba64e38781e67d459e2f25fb1d117b0101f388bb016c73b9c78aab74363,176806,False,paired query truth,recorded PBMC benchmark pipeline
pbmc_matched_reference,runs/pbmc_ifnb_dendritic_cells_stim_seed4_taumin0p75_taumax1_alpha3_coreot_full/transport/full_reference_control/pca30_k100/coreot_full/cell_transport_scores.parquet,nan,6cf9494ea5b48e19c24ef9f5af8dcdd895fb477c215765274c251d2196cfab19,176443,False,paired source transport scores,recorded PBMC transport pipeline
pbmc_matched_reference,runs/pbmc_ifnb_dendritic_cells_stim_seed4_taumin0p75_taumax1_alpha3_coreot_full/transport/full_reference_control/pca30_k100/coreot_full/sparse_coupling.parquet,nan,87888d04a4205d85ce95e858b69819fa3ee3b6841ae2f79a9813d32ef58e4acb,7678144,False,paired sparse coupling,recorded PBMC transport pipeline
pbmc_matched_reference,runs/pbmc_ifnb_dendritic_cells_stim_seed4_taumin0p75_taumax1_alpha3_coreot_full/transport/full_reference_control/pca30_k100/coreot_full/method_params.yaml,nan,a61acecee2d55445a584a6a5c8705e2a31ead0c0a1bd1c8b420a0433a3af5300,140,False,resolved method parameters,recorded PBMC transport pipeline
pbmc_matched_reference,runs/pbmc_ifnb_dendritic_cells_stim_seed4_taumin0p75_taumax1_alpha3_coreot_full/transport/full_reference_control/pca30_k100/coreot_full/transport_manifest.yaml,nan,e9bd7723631db348d1a3ef72d6b3feb3f0bd6d3cbf05f97733c2e004a3a68807,1060,False,transport artifact manifest,recorded PBMC transport pipeline
pbmc_matched_reference,runs/pbmc_ifnb_dendritic_cells_stim_seed5_taumin0p75_taumax1_alpha3_coreot_full/benchmark/incomplete_reference/evaluation_truth/query_truth.csv,nan,f2ff9a7a659709c9d6b82dea8cc322ea9f5ebfe04c17de8a6759426ae7c75d1e,145445,False,paired query truth,recorded PBMC benchmark pipeline
pbmc_matched_reference,runs/pbmc_ifnb_dendritic_cells_stim_seed5_taumin0p75_taumax1_alpha3_coreot_full/transport/incomplete_reference/pca30_k100/coreot_full/cell_transport_scores.parquet,nan,c073520de702696e1d70097a71a9d3edf5d09661a9f3bf24c6a38f7b24534928,148273,False,paired source transport scores,recorded PBMC transport pipeline
pbmc_matched_reference,runs/pbmc_ifnb_dendritic_cells_stim_seed5_taumin0p75_taumax1_alpha3_coreot_full/transport/incomplete_reference/pca30_k100/coreot_full/sparse_coupling.parquet,nan,279731c84398a91d582330e97e49a35e9d261c54565e746dbb95469021aabe1a,7817689,False,paired sparse coupling,recorded PBMC transport pipeline
pbmc_matched_reference,runs/pbmc_ifnb_dendritic_cells_stim_seed5_taumin0p75_taumax1_alpha3_coreot_full/transport/incomplete_reference/pca30_k100/coreot_full/method_params.yaml,nan,a61acecee2d55445a584a6a5c8705e2a31ead0c0a1bd1c8b420a0433a3af5300,140,False,resolved method parameters,recorded PBMC transport pipeline
pbmc_matched_reference,runs/pbmc_ifnb_dendritic_cells_stim_seed5_taumin0p75_taumax1_alpha3_coreot_full/transport/incomplete_reference/pca30_k100/coreot_full/transport_manifest.yaml,nan,608f6bcae0178929f80e80cfc86394ab084659cb7952acb7fbf3ba8351766b09,1051,False,transport artifact manifest,recorded PBMC transport pipeline
pbmc_matched_reference,runs/pbmc_ifnb_dendritic_cells_stim_seed5_taumin0p75_taumax1_alpha3_coreot_full/benchmark/full_reference_control/evaluation_truth/query_truth.csv,nan,0e8699a2c7f5e0a7b1d32c6c500aa682777f62da90a5b39a1d37bebc37c3d498,145445,False,paired query truth,recorded PBMC benchmark pipeline
pbmc_matched_reference,runs/pbmc_ifnb_dendritic_cells_stim_seed5_taumin0p75_taumax1_alpha3_coreot_full/transport/full_reference_control/pca30_k100/coreot_full/cell_transport_scores.parquet,nan,b9511281dd0af83c05d4720ea830cd491ca502c4574a81eecf11d29709eab827,149110,False,paired source transport scores,recorded PBMC transport pipeline
pbmc_matched_reference,runs/pbmc_ifnb_dendritic_cells_stim_seed5_taumin0p75_taumax1_alpha3_coreot_full/transport/full_reference_control/pca30_k100/coreot_full/sparse_coupling.parquet,nan,68c3b2e3323c588e6a70f86f68b120f02b952da501c18420637db282ea06ba28,8015764,False,paired sparse coupling,recorded PBMC transport pipeline
pbmc_matched_reference,runs/pbmc_ifnb_dendritic_cells_stim_seed5_taumin0p75_taumax1_alpha3_coreot_full/transport/full_reference_control/pca30_k100/coreot_full/method_params.yaml,nan,a61acecee2d55445a584a6a5c8705e2a31ead0c0a1bd1c8b420a0433a3af5300,140,False,resolved method parameters,recorded PBMC transport pipeline
pbmc_matched_reference,runs/pbmc_ifnb_dendritic_cells_stim_seed5_taumin0p75_taumax1_alpha3_coreot_full/transport/full_reference_control/pca30_k100/coreot_full/transport_manifest.yaml,nan,891e2ddaa523840b5d7378998d52d452fa5d69e3809c8024f353064be4d3748c,1059,False,transport artifact manifest,recorded PBMC transport pipeline
pbmc_matched_reference,runs/pbmc_ifnb_nk_cells_stim_seed1_taumin0p5_taumax1_alpha2_coreot_full/benchmark/incomplete_reference/evaluation_truth/query_truth.csv,nan,2475a14e976eac8d7b7a9b6dcac0e0f271128f0035a40ae9fa0fffa3076ace1d,116563,False,paired query truth,recorded PBMC benchmark pipeline
pbmc_matched_reference,runs/pbmc_ifnb_nk_cells_stim_seed1_taumin0p5_taumax1_alpha2_coreot_full/transport/incomplete_reference/pca30_k100/coreot_full/cell_transport_scores.parquet,nan,1241dbe271aea5661344cf7e3d805aa8d7c67396607a24293b453c5d0bae767e,140042,False,paired source transport scores,recorded PBMC transport pipeline
pbmc_matched_reference,runs/pbmc_ifnb_nk_cells_stim_seed1_taumin0p5_taumax1_alpha2_coreot_full/transport/incomplete_reference/pca30_k100/coreot_full/sparse_coupling.parquet,nan,8dd078dbb2a7fb7e829a30fc2d12bea8d768554fdae97d78564c3f053689517d,7485687,False,paired sparse coupling,recorded PBMC transport pipeline
pbmc_matched_reference,runs/pbmc_ifnb_nk_cells_stim_seed1_taumin0p5_taumax1_alpha2_coreot_full/transport/incomplete_reference/pca30_k100/coreot_full/method_params.yaml,nan,00475dd5cf06730655955f53a4b323d31a914690b6fced737fbdabd9c91b1f98,139,False,resolved method parameters,recorded PBMC transport pipeline
pbmc_matched_reference,runs/pbmc_ifnb_nk_cells_stim_seed1_taumin0p5_taumax1_alpha2_coreot_full/transport/incomplete_reference/pca30_k100/coreot_full/transport_manifest.yaml,nan,b00643b39397d6983a664ac1415f0b0ee17c3e32c71648b3354d313a91d2e1f4,1019,False,transport artifact manifest,recorded PBMC transport pipeline
pbmc_matched_reference,runs/pbmc_ifnb_nk_cells_stim_seed1_taumin0p5_taumax1_alpha2_coreot_full/benchmark/full_reference_control/evaluation_truth/query_truth.csv,nan,76494f1e5e7cbaab7dd20840a34521e573e63a8b4dfa52b8d80ba473fdf3c8e6,116563,False,paired query truth,recorded PBMC benchmark pipeline
pbmc_matched_reference,runs/pbmc_ifnb_nk_cells_stim_seed1_taumin0p5_taumax1_alpha2_coreot_full/transport/full_reference_control/pca30_k100/coreot_full/cell_transport_scores.parquet,nan,f98e1df0bd7aa4728681d43c0778df153195a0692e6ce41844a8b2bf8055aead,138439,False,paired source transport scores,recorded PBMC transport pipeline
pbmc_matched_reference,runs/pbmc_ifnb_nk_cells_stim_seed1_taumin0p5_taumax1_alpha2_coreot_full/transport/full_reference_control/pca30_k100/coreot_full/sparse_coupling.parquet,nan,b2339813ae5422c1fb030e0fc334ec2d5eea960caeddf20b0c23543512456613,7974568,False,paired sparse coupling,recorded PBMC transport pipeline
pbmc_matched_reference,runs/pbmc_ifnb_nk_cells_stim_seed1_taumin0p5_taumax1_alpha2_coreot_full/transport/full_reference_control/pca30_k100/coreot_full/method_params.yaml,nan,00475dd5cf06730655955f53a4b323d31a914690b6fced737fbdabd9c91b1f98,139,False,resolved method parameters,recorded PBMC transport pipeline
pbmc_matched_reference,runs/pbmc_ifnb_nk_cells_stim_seed1_taumin0p5_taumax1_alpha2_coreot_full/transport/full_reference_control/pca30_k100/coreot_full/transport_manifest.yaml,nan,54918d5bdd5e3fb35c1d63402bf5bf3cfec35fa8136d18546d4cf99a8c8e5aaa,1027,False,transport artifact manifest,recorded PBMC transport pipeline
pbmc_matched_reference,runs/pbmc_ifnb_nk_cells_stim_seed2_taumin0p5_taumax1_alpha2_coreot_full/benchmark/incomplete_reference/evaluation_truth/query_truth.csv,nan,093a96d16e74e99b6340e62809df904ee9a5f530c8df8d7a192c0b8b7f8229e0,129651,False,paired query truth,recorded PBMC benchmark pipeline
pbmc_matched_reference,runs/pbmc_ifnb_nk_cells_stim_seed2_taumin0p5_taumax1_alpha2_coreot_full/transport/incomplete_reference/pca30_k100/coreot_full/cell_transport_scores.parquet,nan,86d88eefe8fc9fe44903afe1b5e54622ac1e12fde101b7dbe017127254e25c7e,153142,False,paired source transport scores,recorded PBMC transport pipeline
pbmc_matched_reference,runs/pbmc_ifnb_nk_cells_stim_seed2_taumin0p5_taumax1_alpha2_coreot_full/transport/incomplete_reference/pca30_k100/coreot_full/sparse_coupling.parquet,nan,52f1d6dc96e1fd91b2615dfd80f0bceba16393bffa24c42f000cdc79d659bc23,7745758,False,paired sparse coupling,recorded PBMC transport pipeline
pbmc_matched_reference,runs/pbmc_ifnb_nk_cells_stim_seed2_taumin0p5_taumax1_alpha2_coreot_full/transport/incomplete_reference/pca30_k100/coreot_full/method_params.yaml,nan,00475dd5cf06730655955f53a4b323d31a914690b6fced737fbdabd9c91b1f98,139,False,resolved method parameters,recorded PBMC transport pipeline
pbmc_matched_reference,runs/pbmc_ifnb_nk_cells_stim_seed2_taumin0p5_taumax1_alpha2_coreot_full/transport/incomplete_reference/pca30_k100/coreot_full/transport_manifest.yaml,nan,eb9e4b0cbed00437998d47c7cdf95402da700ffaaefd3c5fec1468f4019e8cf7,1019,False,transport artifact manifest,recorded PBMC transport pipeline
pbmc_matched_reference,runs/pbmc_ifnb_nk_cells_stim_seed2_taumin0p5_taumax1_alpha2_coreot_full/benchmark/full_reference_control/evaluation_truth/query_truth.csv,nan,2c3ad785857c040de325b7995384543a18480aa7597c105975d2b83001d10287,129651,False,paired query truth,recorded PBMC benchmark pipeline
pbmc_matched_reference,runs/pbmc_ifnb_nk_cells_stim_seed2_taumin0p5_taumax1_alpha2_coreot_full/transport/full_reference_control/pca30_k100/coreot_full/cell_transport_scores.parquet,nan,e801618f4078fc10787578c569f36304f5f5a5b710a9d87d2166b2735ccddd25,151372,False,paired source transport scores,recorded PBMC transport pipeline
pbmc_matched_reference,runs/pbmc_ifnb_nk_cells_stim_seed2_taumin0p5_taumax1_alpha2_coreot_full/transport/full_reference_control/pca30_k100/coreot_full/sparse_coupling.parquet,nan,77dc3904784540b34a962b9195026e49bcb32437abfed0d8ffbc631d1f0963fe,8185632,False,paired sparse coupling,recorded PBMC transport pipeline
pbmc_matched_reference,runs/pbmc_ifnb_nk_cells_stim_seed2_taumin0p5_taumax1_alpha2_coreot_full/transport/full_reference_control/pca30_k100/coreot_full/method_params.yaml,nan,00475dd5cf06730655955f53a4b323d31a914690b6fced737fbdabd9c91b1f98,139,False,resolved method parameters,recorded PBMC transport pipeline
pbmc_matched_reference,runs/pbmc_ifnb_nk_cells_stim_seed2_taumin0p5_taumax1_alpha2_coreot_full/transport/full_reference_control/pca30_k100/coreot_full/transport_manifest.yaml,nan,7133c37bcd005aca11cb223b3fc8b763e7a672303708ed316ad0b158437670d4,1027,False,transport artifact manifest,recorded PBMC transport pipeline
pbmc_matched_reference,runs/pbmc_ifnb_nk_cells_stim_seed3_taumin0p5_taumax1_alpha2_coreot_full/benchmark/incomplete_reference/evaluation_truth/query_truth.csv,nan,8653f0eef31e20467aee27c8990b5ceefe0ec8a26168123820c16bea1c6fffea,137469,False,paired query truth,recorded PBMC benchmark pipeline
pbmc_matched_reference,runs/pbmc_ifnb_nk_cells_stim_seed3_taumin0p5_taumax1_alpha2_coreot_full/transport/incomplete_reference/pca30_k100/coreot_full/cell_transport_scores.parquet,nan,bb7f90561251c7331a9417b73ab9e1931568c8ceb9f4e1d7ccb0e0edc3605c5b,161212,False,paired source transport scores,recorded PBMC transport pipeline
pbmc_matched_reference,runs/pbmc_ifnb_nk_cells_stim_seed3_taumin0p5_taumax1_alpha2_coreot_full/transport/incomplete_reference/pca30_k100/coreot_full/sparse_coupling.parquet,nan,342536ab243cc5b642c332cd255bae49fef693a4cf617a5266b61a433ebad0ce,7662087,False,paired sparse coupling,recorded PBMC transport pipeline
pbmc_matched_reference,runs/pbmc_ifnb_nk_cells_stim_seed3_taumin0p5_taumax1_alpha2_coreot_full/transport/incomplete_reference/pca30_k100/coreot_full/method_params.yaml,nan,00475dd5cf06730655955f53a4b323d31a914690b6fced737fbdabd9c91b1f98,139,False,resolved method parameters,recorded PBMC transport pipeline
pbmc_matched_reference,runs/pbmc_ifnb_nk_cells_stim_seed3_taumin0p5_taumax1_alpha2_coreot_full/transport/incomplete_reference/pca30_k100/coreot_full/transport_manifest.yaml,nan,f28befa96be7e18e3cc276152dd390ba8d1c7f2a81c3a6e0ca5fedbc54f34c03,1019,False,transport artifact manifest,recorded PBMC transport pipeline
pbmc_matched_reference,runs/pbmc_ifnb_nk_cells_stim_seed3_taumin0p5_taumax1_alpha2_coreot_full/benchmark/full_reference_control/evaluation_truth/query_truth.csv,nan,e29ecb717ec9fcd442ea91f11eb2354ec4b1d6c9f3b750ee4abd9cf01407d533,137469,False,paired query truth,recorded PBMC benchmark pipeline
pbmc_matched_reference,runs/pbmc_ifnb_nk_cells_stim_seed3_taumin0p5_taumax1_alpha2_coreot_full/transport/full_reference_control/pca30_k100/coreot_full/cell_transport_scores.parquet,nan,edc44e99e6b7ebf6e3802277fd6d9acc0be3ff70e121b17652c414eece1089b4,159242,False,paired source transport scores,recorded PBMC transport pipeline
pbmc_matched_reference,runs/pbmc_ifnb_nk_cells_stim_seed3_taumin0p5_taumax1_alpha2_coreot_full/transport/full_reference_control/pca30_k100/coreot_full/sparse_coupling.parquet,nan,c0c7436ca9388e2366afa6a8ab2898ac5fc6b2ef5dbb3235af4788c994970bce,8089796,False,paired sparse coupling,recorded PBMC transport pipeline
pbmc_matched_reference,runs/pbmc_ifnb_nk_cells_stim_seed3_taumin0p5_taumax1_alpha2_coreot_full/transport/full_reference_control/pca30_k100/coreot_full/method_params.yaml,nan,00475dd5cf06730655955f53a4b323d31a914690b6fced737fbdabd9c91b1f98,139,False,resolved method parameters,recorded PBMC transport pipeline
pbmc_matched_reference,runs/pbmc_ifnb_nk_cells_stim_seed3_taumin0p5_taumax1_alpha2_coreot_full/transport/full_reference_control/pca30_k100/coreot_full/transport_manifest.yaml,nan,a0d92dfec4a700d3eca8cfa8a6f9aded8737809c77468e42baa84ffe264e75c0,1027,False,transport artifact manifest,recorded PBMC transport pipeline
pbmc_matched_reference,runs/pbmc_ifnb_nk_cells_stim_seed4_taumin0p5_taumax1_alpha2_coreot_full/benchmark/incomplete_reference/evaluation_truth/query_truth.csv,nan,a74f722a765f65396dd5ca3af121058dbec62f4e98b673dec94a068174733678,154959,False,paired query truth,recorded PBMC benchmark pipeline
pbmc_matched_reference,runs/pbmc_ifnb_nk_cells_stim_seed4_taumin0p5_taumax1_alpha2_coreot_full/transport/incomplete_reference/pca30_k100/coreot_full/cell_transport_scores.parquet,nan,1fbc691120b351fd194e94adba0c25d309249acad13a4e83e53e4ab220863a20,179390,False,paired source transport scores,recorded PBMC transport pipeline
pbmc_matched_reference,runs/pbmc_ifnb_nk_cells_stim_seed4_taumin0p5_taumax1_alpha2_coreot_full/transport/incomplete_reference/pca30_k100/coreot_full/sparse_coupling.parquet,nan,a883ffd6b8e38a78cece1d6c3f4283c21333b0c3a0f6c816f3a6dc0c4e9344ef,7249772,False,paired sparse coupling,recorded PBMC transport pipeline
pbmc_matched_reference,runs/pbmc_ifnb_nk_cells_stim_seed4_taumin0p5_taumax1_alpha2_coreot_full/transport/incomplete_reference/pca30_k100/coreot_full/method_params.yaml,nan,00475dd5cf06730655955f53a4b323d31a914690b6fced737fbdabd9c91b1f98,139,False,resolved method parameters,recorded PBMC transport pipeline
pbmc_matched_reference,runs/pbmc_ifnb_nk_cells_stim_seed4_taumin0p5_taumax1_alpha2_coreot_full/transport/incomplete_reference/pca30_k100/coreot_full/transport_manifest.yaml,nan,e52cb6682bf367d0ab57915aa8c200a8caf804cc48cbfa2dd37f05ff9478e585,1028,False,transport artifact manifest,recorded PBMC transport pipeline
pbmc_matched_reference,runs/pbmc_ifnb_nk_cells_stim_seed4_taumin0p5_taumax1_alpha2_coreot_full/benchmark/full_reference_control/evaluation_truth/query_truth.csv,nan,221bef415262a689f2d52c1a3a90fb4a4a528f083e4b7d36fcfed8cad46b8324,154959,False,paired query truth,recorded PBMC benchmark pipeline
pbmc_matched_reference,runs/pbmc_ifnb_nk_cells_stim_seed4_taumin0p5_taumax1_alpha2_coreot_full/transport/full_reference_control/pca30_k100/coreot_full/cell_transport_scores.parquet,nan,dff330364ff56cbdbc34a948c7a164a6edf1ee581a008cb57c10e3a053d7c50f,179022,False,paired source transport scores,recorded PBMC transport pipeline
pbmc_matched_reference,runs/pbmc_ifnb_nk_cells_stim_seed4_taumin0p5_taumax1_alpha2_coreot_full/transport/full_reference_control/pca30_k100/coreot_full/sparse_coupling.parquet,nan,cc1cda896e51638d4c571c33fe8bd00e0e286fd19d199ac2d29d78aeafb30086,7678144,False,paired sparse coupling,recorded PBMC transport pipeline
pbmc_matched_reference,runs/pbmc_ifnb_nk_cells_stim_seed4_taumin0p5_taumax1_alpha2_coreot_full/transport/full_reference_control/pca30_k100/coreot_full/method_params.yaml,nan,00475dd5cf06730655955f53a4b323d31a914690b6fced737fbdabd9c91b1f98,139,False,resolved method parameters,recorded PBMC transport pipeline
pbmc_matched_reference,runs/pbmc_ifnb_nk_cells_stim_seed4_taumin0p5_taumax1_alpha2_coreot_full/transport/full_reference_control/pca30_k100/coreot_full/transport_manifest.yaml,nan,52f9432a0081d2b12c19715290a6b9a09a4e9407352784e6a7910ff3d339bcf6,1035,False,transport artifact manifest,recorded PBMC transport pipeline
pbmc_matched_reference,runs/pbmc_ifnb_nk_cells_stim_seed5_taumin0p5_taumax1_alpha2_coreot_full/benchmark/incomplete_reference/evaluation_truth/query_truth.csv,nan,83d6a399ca56dfb82b3442d81e34003310672e500de4918938841478ffe75f1d,127441,False,paired query truth,recorded PBMC benchmark pipeline
pbmc_matched_reference,runs/pbmc_ifnb_nk_cells_stim_seed5_taumin0p5_taumax1_alpha2_coreot_full/transport/incomplete_reference/pca30_k100/coreot_full/cell_transport_scores.parquet,nan,163b037ebd524516d846bcca0152ae228b164a24675e7434964f872c8291b6bb,151481,False,paired source transport scores,recorded PBMC transport pipeline
pbmc_matched_reference,runs/pbmc_ifnb_nk_cells_stim_seed5_taumin0p5_taumax1_alpha2_coreot_full/transport/incomplete_reference/pca30_k100/coreot_full/sparse_coupling.parquet,nan,8b8488f2c293a6c7607f760c8660f382861dc350b656628daa91a949f14fd185,7558276,False,paired sparse coupling,recorded PBMC transport pipeline
pbmc_matched_reference,runs/pbmc_ifnb_nk_cells_stim_seed5_taumin0p5_taumax1_alpha2_coreot_full/transport/incomplete_reference/pca30_k100/coreot_full/method_params.yaml,nan,00475dd5cf06730655955f53a4b323d31a914690b6fced737fbdabd9c91b1f98,139,False,resolved method parameters,recorded PBMC transport pipeline
pbmc_matched_reference,runs/pbmc_ifnb_nk_cells_stim_seed5_taumin0p5_taumax1_alpha2_coreot_full/transport/incomplete_reference/pca30_k100/coreot_full/transport_manifest.yaml,nan,9a19863ea3f19be05deea3b376b4b7fe7af8ed0c23bbc9e48bb4ce9d42fc1eb9,1028,False,transport artifact manifest,recorded PBMC transport pipeline
pbmc_matched_reference,runs/pbmc_ifnb_nk_cells_stim_seed5_taumin0p5_taumax1_alpha2_coreot_full/benchmark/full_reference_control/evaluation_truth/query_truth.csv,nan,65df5345543eb0a33da48fd0bee1eaf0b81517e950e09161ef39e384e474525c,127441,False,paired query truth,recorded PBMC benchmark pipeline
pbmc_matched_reference,runs/pbmc_ifnb_nk_cells_stim_seed5_taumin0p5_taumax1_alpha2_coreot_full/transport/full_reference_control/pca30_k100/coreot_full/cell_transport_scores.parquet,nan,aeb68a4247ee9ffe20ac5eead52141826a9cb0a5bc911745f9c83fb4f14b5e67,150338,False,paired source transport scores,recorded PBMC transport pipeline
pbmc_matched_reference,runs/pbmc_ifnb_nk_cells_stim_seed5_taumin0p5_taumax1_alpha2_coreot_full/transport/full_reference_control/pca30_k100/coreot_full/sparse_coupling.parquet,nan,99acce48a784d9f48b8d632fe6a6c928c44535a9797d609a29008f7c70076c6f,8015764,False,paired sparse coupling,recorded PBMC transport pipeline
pbmc_matched_reference,runs/pbmc_ifnb_nk_cells_stim_seed5_taumin0p5_taumax1_alpha2_coreot_full/transport/full_reference_control/pca30_k100/coreot_full/method_params.yaml,nan,00475dd5cf06730655955f53a4b323d31a914690b6fced737fbdabd9c91b1f98,139,False,resolved method parameters,recorded PBMC transport pipeline
pbmc_matched_reference,runs/pbmc_ifnb_nk_cells_stim_seed5_taumin0p5_taumax1_alpha2_coreot_full/transport/full_reference_control/pca30_k100/coreot_full/transport_manifest.yaml,nan,da4448e6ad80a71dd58d1c13f6bbc57325b07fec6c20d4a0c786d405fb79a4c8,1036,False,transport artifact manifest,recorded PBMC transport pipeline
pbmc_compatibility_sensitivity,data/raw/kang_2018.h5ad,GSE96583; Figshare file 34464122,229d767ff229cda5b8ec335ead831ef9eee3908bd763055515ce25874428deff,123669441,False,canonical analyzed PBMC object,Pertpy object
pbmc_compatibility_sensitivity,runs/pbmc_ifnb_b_cells_stim_seed1/benchmark/incomplete_reference/evaluation_truth/query_truth.csv,nan,fb2058006409995d05dc27f48cdb876e43fa2ba35efeef5972cd9951ea26e3ee,114210,False,incomplete-reference query truth,recorded PBMC pipeline
pbmc_compatibility_sensitivity,runs/pbmc_ifnb_b_cells_stim_seed1/candidates/incomplete_reference/pca30_k100/candidate_edges.parquet,nan,0505e301b25080267fed7aa86930d30472ea52ab878df23d1a3f55c37869675d,13018912,False,candidate graph,recorded PBMC pipeline
pbmc_compatibility_sensitivity,runs/pbmc_ifnb_b_cells_stim_seed1/derived/incomplete_reference/prior_profiles/default/source_priors.csv,nan,fec193400569fdfadafc04bf52fbcec5ae0ab5c9f28e1b704885f19f41c8b818,229462,False,source prior,recorded PBMC pipeline
pbmc_compatibility_sensitivity,runs/pbmc_ifnb_b_cells_stim_seed1/derived/incomplete_reference/prior_profiles/default/target_priors.csv,nan,1bd6ff9dc1621b360f236b271ee1308a394e24da26be1a66bb66ebe7ef96f6c0,273639,False,target prior,recorded PBMC pipeline
pbmc_compatibility_sensitivity,runs/pbmc_ifnb_b_cells_stim_seed1_taumin0p5_taumax1_alpha4_coreot_full/transport/provider_reliability/pca30/rho_metadata.yaml,nan,9af579f504d0f66bfc1297fb68f3945c9c7a1a64f3119e527eeb0f5722339dd8,918,False,provider-reliability metadata,recorded PBMC pipeline
pbmc_compatibility_sensitivity,runs/pbmc_ifnb_b_cells_stim_seed1_taumin0p5_taumax1_alpha4_coreot_full/transport/provider_reliability/pca30/source_rho.csv,nan,90ca7ffd62598275274877a5f0bc0ad6e541f7a604268290c41f8581ada50b79,192741,False,selected calibrated provider reliability,recorded PBMC pipeline
pbmc_compatibility_sensitivity,runs/pbmc_ifnb_b_cells_stim_seed2/benchmark/incomplete_reference/evaluation_truth/query_truth.csv,nan,7f03ef19746e2d831e8178a8c5314ff3c30ae0252f50ad362961120d3efdd9b7,127011,False,incomplete-reference query truth,recorded PBMC pipeline
pbmc_compatibility_sensitivity,runs/pbmc_ifnb_b_cells_stim_seed2/candidates/incomplete_reference/pca30_k100/candidate_edges.parquet,nan,8b28cea72dd1198a1c0890f13dad6584093c16b752fadb7c75504fd27e18510b,13418204,False,candidate graph,recorded PBMC pipeline
pbmc_compatibility_sensitivity,runs/pbmc_ifnb_b_cells_stim_seed2/derived/incomplete_reference/prior_profiles/default/source_priors.csv,nan,c693f05912f98400d274b05155e3d28033f7278c28f80d276dacf72c69036958,256432,False,source prior,recorded PBMC pipeline
pbmc_compatibility_sensitivity,runs/pbmc_ifnb_b_cells_stim_seed2/derived/incomplete_reference/prior_profiles/default/target_priors.csv,nan,7cc47bc5064fdefd151aa7df8764b70a523cadc90b26a42e032c70f4abdb03b6,277427,False,target prior,recorded PBMC pipeline
pbmc_compatibility_sensitivity,runs/pbmc_ifnb_b_cells_stim_seed2_taumin0p5_taumax1_alpha4_coreot_full/transport/provider_reliability/pca30/rho_metadata.yaml,nan,60902da002ecfbf74fae59cf4d54144b0443bbf2150fc8711effd789eb7cf562,928,False,provider-reliability metadata,recorded PBMC pipeline
pbmc_compatibility_sensitivity,runs/pbmc_ifnb_b_cells_stim_seed2_taumin0p5_taumax1_alpha4_coreot_full/transport/provider_reliability/pca30/source_rho.csv,nan,58282041335c7fbf5b9a14fb8f07fca9218c7892b0d19c421f122988b07429db,225582,False,selected calibrated provider reliability,recorded PBMC pipeline
pbmc_compatibility_sensitivity,runs/pbmc_ifnb_b_cells_stim_seed3/benchmark/incomplete_reference/evaluation_truth/query_truth.csv,nan,29065279df32bfaf68efd3b7bc33f40b4d2e12ef015a277b095a2f4a22dbf170,134683,False,incomplete-reference query truth,recorded PBMC pipeline
pbmc_compatibility_sensitivity,runs/pbmc_ifnb_b_cells_stim_seed3/candidates/incomplete_reference/pca30_k100/candidate_edges.parquet,nan,6a9202cae5f7903f759661b426fb782bb537a693d892e5d3fb46108299ebf184,13306565,False,candidate graph,recorded PBMC pipeline
pbmc_compatibility_sensitivity,runs/pbmc_ifnb_b_cells_stim_seed3/derived/incomplete_reference/prior_profiles/default/source_priors.csv,nan,374e903fca0ceb0b4ce06595bbfe4117a5f60f84e0c85e6db44740d0414535b3,271062,False,source prior,recorded PBMC pipeline
pbmc_compatibility_sensitivity,runs/pbmc_ifnb_b_cells_stim_seed3/derived/incomplete_reference/prior_profiles/default/target_priors.csv,nan,c558d23214cd67fe067ab1738b7feeffee4719b0998305c947e4f0a26f63af33,271928,False,target prior,recorded PBMC pipeline
pbmc_compatibility_sensitivity,runs/pbmc_ifnb_b_cells_stim_seed3_taumin0p5_taumax1_alpha4_coreot_full/transport/provider_reliability/pca30/rho_metadata.yaml,nan,5e2c29288817bd138972bc6a38fa862848e21cd0579104fd4ebc673cd4dd6468,915,False,provider-reliability metadata,recorded PBMC pipeline
pbmc_compatibility_sensitivity,runs/pbmc_ifnb_b_cells_stim_seed3_taumin0p5_taumax1_alpha4_coreot_full/transport/provider_reliability/pca30/source_rho.csv,nan,e982f72c08ba5bc0ba4a4d4404597bfc30df4cb667452206b1b4004d432e57dd,225495,False,selected calibrated provider reliability,recorded PBMC pipeline
pbmc_compatibility_sensitivity,runs/pbmc_ifnb_b_cells_stim_seed4/benchmark/incomplete_reference/evaluation_truth/query_truth.csv,nan,1c71a0946cc0d7243b8bc9c97a5540f860be376fb998846a3eae0ec6485fa297,151838,False,incomplete-reference query truth,recorded PBMC pipeline
pbmc_compatibility_sensitivity,runs/pbmc_ifnb_b_cells_stim_seed4/candidates/incomplete_reference/pca30_k100/candidate_edges.parquet,nan,a6dd7f0e99c22a1968cbbfd28a7e176994a22f30a564f6ba2a9cdc3ae9a546fe,12424393,False,candidate graph,recorded PBMC pipeline
pbmc_compatibility_sensitivity,runs/pbmc_ifnb_b_cells_stim_seed4/derived/incomplete_reference/prior_profiles/default/source_priors.csv,nan,7b5161535aa56421736de4f20cd6d3ba35b637177e78cfd0f9322d4e67d157a1,304281,False,source prior,recorded PBMC pipeline
pbmc_compatibility_sensitivity,runs/pbmc_ifnb_b_cells_stim_seed4/derived/incomplete_reference/prior_profiles/default/target_priors.csv,nan,adcf2138299cec54ba75c3c7313f075f3e9c1fd2a4fd0ade8c5aebf2f965fd56,237751,False,target prior,recorded PBMC pipeline
pbmc_compatibility_sensitivity,runs/pbmc_ifnb_b_cells_stim_seed4_taumin0p5_taumax1_alpha4_coreot_full/transport/provider_reliability/pca30/rho_metadata.yaml,nan,050f60ec493139eb64e324d8ae47d40ff8c46c9c19219bbccbabee43e42b27cb,928,False,provider-reliability metadata,recorded PBMC pipeline
pbmc_compatibility_sensitivity,runs/pbmc_ifnb_b_cells_stim_seed4_taumin0p5_taumax1_alpha4_coreot_full/transport/provider_reliability/pca30/source_rho.csv,nan,4014a493ff850a80f74349cbf96b89a71df637965d07152e5c2c64050d81a758,249693,False,selected calibrated provider reliability,recorded PBMC pipeline
pbmc_compatibility_sensitivity,runs/pbmc_ifnb_b_cells_stim_seed5/benchmark/incomplete_reference/evaluation_truth/query_truth.csv,nan,a9d6e8e6037cf7cc992e57a1134cbd2974dfc011ee6e4c803917686ec77178ce,124869,False,incomplete-reference query truth,recorded PBMC pipeline
pbmc_compatibility_sensitivity,runs/pbmc_ifnb_b_cells_stim_seed5/candidates/incomplete_reference/pca30_k100/candidate_edges.parquet,nan,1c820c2be4a7d1243e2c25b8c09ec422c30105d10d5dba80f72d9d2d7b94bb59,13080417,False,candidate graph,recorded PBMC pipeline
pbmc_compatibility_sensitivity,runs/pbmc_ifnb_b_cells_stim_seed5/derived/incomplete_reference/prior_profiles/default/source_priors.csv,nan,ffffad8559ab781d916e9df55c71515a9c0ca45bd07d061235d4a806683b0b40,251158,False,source prior,recorded PBMC pipeline
pbmc_compatibility_sensitivity,runs/pbmc_ifnb_b_cells_stim_seed5/derived/incomplete_reference/prior_profiles/default/target_priors.csv,nan,c8028d03051a4f103fb79ed2594a27f7cbf8f02ac21109530f05b13bf214bfc7,268634,False,target prior,recorded PBMC pipeline
pbmc_compatibility_sensitivity,runs/pbmc_ifnb_b_cells_stim_seed5_taumin0p5_taumax1_alpha4_coreot_full/transport/provider_reliability/pca30/rho_metadata.yaml,nan,f5cb9152b62f1bd008d506943586199ca89eee53a91c8fdb3d2d6c89bcb15207,918,False,provider-reliability metadata,recorded PBMC pipeline
pbmc_compatibility_sensitivity,runs/pbmc_ifnb_b_cells_stim_seed5_taumin0p5_taumax1_alpha4_coreot_full/transport/provider_reliability/pca30/source_rho.csv,nan,3e6ccd22c930cec1ef267eedd2386b16f5cf0fc10b3f40d2996a7721bda0c39e,192847,False,selected calibrated provider reliability,recorded PBMC pipeline
pbmc_compatibility_sensitivity,runs/pbmc_ifnb_dendritic_cells_stim_seed1/benchmark/incomplete_reference/evaluation_truth/query_truth.csv,nan,ff37d17f605a483dc21e465f4c5ae4259fdbdeea5157e4ba1169f8e081baf461,133034,False,incomplete-reference query truth,recorded PBMC pipeline
pbmc_compatibility_sensitivity,runs/pbmc_ifnb_dendritic_cells_stim_seed1/candidates/incomplete_reference/pca30_k100/candidate_edges.parquet,nan,d7e0f473f4c800095e1b364be8436078dc37292255a258fd661d568220849d31,13432087,False,candidate graph,recorded PBMC pipeline
pbmc_compatibility_sensitivity,runs/pbmc_ifnb_dendritic_cells_stim_seed1/derived/incomplete_reference/prior_profiles/default/source_priors.csv,nan,fec193400569fdfadafc04bf52fbcec5ae0ab5c9f28e1b704885f19f41c8b818,229462,False,source prior,recorded PBMC pipeline
pbmc_compatibility_sensitivity,runs/pbmc_ifnb_dendritic_cells_stim_seed1/derived/incomplete_reference/prior_profiles/default/target_priors.csv,nan,a2d2547ce533d3d61a9b6c2f00a0be2cbc48f5b8e22ee1cbdfcbae8c1a65d551,284208,False,target prior,recorded PBMC pipeline
pbmc_compatibility_sensitivity,runs/pbmc_ifnb_dendritic_cells_stim_seed1_taumin0p75_taumax1_alpha3_coreot_full/transport/provider_reliability/pca30/rho_metadata.yaml,nan,564d421ace765790092ac93b9ceb6e34ace8c83be1f1d656b12da13194d30129,930,False,provider-reliability metadata,recorded PBMC pipeline
pbmc_compatibility_sensitivity,runs/pbmc_ifnb_dendritic_cells_stim_seed1_taumin0p75_taumax1_alpha3_coreot_full/transport/provider_reliability/pca30/source_rho.csv,nan,d5441cb8873836d9799347d5676f625235592c671c88e115893eb4ab37d70da1,177145,False,selected calibrated provider reliability,recorded PBMC pipeline
pbmc_compatibility_sensitivity,runs/pbmc_ifnb_dendritic_cells_stim_seed2/benchmark/incomplete_reference/evaluation_truth/query_truth.csv,nan,17c2ea52cc4cbadca916831f6f4be94cae47cf8673962a761da679dfef613254,148131,False,incomplete-reference query truth,recorded PBMC pipeline
pbmc_compatibility_sensitivity,runs/pbmc_ifnb_dendritic_cells_stim_seed2/candidates/incomplete_reference/pca30_k100/candidate_edges.parquet,nan,a7b6c21838baa6f3875adff6fce6dbcecf0332054113f923e36b4a76a34727b1,13805406,False,candidate graph,recorded PBMC pipeline
pbmc_compatibility_sensitivity,runs/pbmc_ifnb_dendritic_cells_stim_seed2/derived/incomplete_reference/prior_profiles/default/source_priors.csv,nan,c693f05912f98400d274b05155e3d28033f7278c28f80d276dacf72c69036958,256432,False,source prior,recorded PBMC pipeline
pbmc_compatibility_sensitivity,runs/pbmc_ifnb_dendritic_cells_stim_seed2/derived/incomplete_reference/prior_profiles/default/target_priors.csv,nan,49ffc88392c20c578fb51712e74d312e8b5de1560d49f3467667c53ad6f109b4,287921,False,target prior,recorded PBMC pipeline
pbmc_compatibility_sensitivity,runs/pbmc_ifnb_dendritic_cells_stim_seed2_taumin0p75_taumax1_alpha3_coreot_full/transport/provider_reliability/pca30/rho_metadata.yaml,nan,4e4922912a34aa448a0f8274aede484b6cb3a38b44c42244ebb84942a94fe9d9,928,False,provider-reliability metadata,recorded PBMC pipeline
pbmc_compatibility_sensitivity,runs/pbmc_ifnb_dendritic_cells_stim_seed2_taumin0p75_taumax1_alpha3_coreot_full/transport/provider_reliability/pca30/source_rho.csv,nan,b5b964c3722f8423391a6513fd5cd87a77e1c865614d3622ca788f6efc7c76a4,205698,False,selected calibrated provider reliability,recorded PBMC pipeline
pbmc_compatibility_sensitivity,runs/pbmc_ifnb_dendritic_cells_stim_seed3/benchmark/incomplete_reference/evaluation_truth/query_truth.csv,nan,69ffb76930ce111240bf733854031e4519cd255307256be6082a4a7585e97319,156971,False,incomplete-reference query truth,recorded PBMC pipeline
pbmc_compatibility_sensitivity,runs/pbmc_ifnb_dendritic_cells_stim_seed3/candidates/incomplete_reference/pca30_k100/candidate_edges.parquet,nan,26cc6fb6f7ab35a02fc8222eba1e6aba3be6da434d1ca6c2da2f575e0f2bc759,13690255,False,candidate graph,recorded PBMC pipeline
pbmc_compatibility_sensitivity,runs/pbmc_ifnb_dendritic_cells_stim_seed3/derived/incomplete_reference/prior_profiles/default/source_priors.csv,nan,374e903fca0ceb0b4ce06595bbfe4117a5f60f84e0c85e6db44740d0414535b3,271062,False,source prior,recorded PBMC pipeline
pbmc_compatibility_sensitivity,runs/pbmc_ifnb_dendritic_cells_stim_seed3/derived/incomplete_reference/prior_profiles/default/target_priors.csv,nan,fec70fc36d5e5659a8d61848219d929c639986eb868b0344135b28f48ad47199,282641,False,target prior,recorded PBMC pipeline
pbmc_compatibility_sensitivity,runs/pbmc_ifnb_dendritic_cells_stim_seed3_taumin0p75_taumax1_alpha3_coreot_full/transport/provider_reliability/pca30/rho_metadata.yaml,nan,516a8cc5d8561cbf607355b64e5c04f7b28214825888553894b4b837b7b5f305,930,False,provider-reliability metadata,recorded PBMC pipeline
pbmc_compatibility_sensitivity,runs/pbmc_ifnb_dendritic_cells_stim_seed3_taumin0p75_taumax1_alpha3_coreot_full/transport/provider_reliability/pca30/source_rho.csv,nan,85c92deeb1f934f5ae85feb95f41ca3ce53699e871ff1b355e1c46027e3e6586,227522,False,selected calibrated provider reliability,recorded PBMC pipeline
pbmc_compatibility_sensitivity,runs/pbmc_ifnb_dendritic_cells_stim_seed4/benchmark/incomplete_reference/evaluation_truth/query_truth.csv,nan,dd8cbc479ee2106ba02b2d60ebae81b08fecfe0d9c17ca4c4b59d5f36f3911e0,176806,False,incomplete-reference query truth,recorded PBMC pipeline
pbmc_compatibility_sensitivity,runs/pbmc_ifnb_dendritic_cells_stim_seed4/candidates/incomplete_reference/pca30_k100/candidate_edges.parquet,nan,e9113f988d97cd877190032ac9103edda70c8b960d724645433230a22d5cec85,12845412,False,candidate graph,recorded PBMC pipeline
pbmc_compatibility_sensitivity,runs/pbmc_ifnb_dendritic_cells_stim_seed4/derived/incomplete_reference/prior_profiles/default/source_priors.csv,nan,7b5161535aa56421736de4f20cd6d3ba35b637177e78cfd0f9322d4e67d157a1,304281,False,source prior,recorded PBMC pipeline
pbmc_compatibility_sensitivity,runs/pbmc_ifnb_dendritic_cells_stim_seed4/derived/incomplete_reference/prior_profiles/default/target_priors.csv,nan,4dffdbf288466a9a78471e8d130a2bcea97f8b7f1ba1af2312148ab67e5984ce,248881,False,target prior,recorded PBMC pipeline
pbmc_compatibility_sensitivity,runs/pbmc_ifnb_dendritic_cells_stim_seed4_taumin0p75_taumax1_alpha3_coreot_full/transport/provider_reliability/pca30/rho_metadata.yaml,nan,f82c65722b81d91cdfc1f0787f294f66ef1e327a62d0ab20645081ada138d526,930,False,provider-reliability metadata,recorded PBMC pipeline
pbmc_compatibility_sensitivity,runs/pbmc_ifnb_dendritic_cells_stim_seed4_taumin0p75_taumax1_alpha3_coreot_full/transport/provider_reliability/pca30/source_rho.csv,nan,5c0126bcdfa725c6559fc4e5a7e15db482a68f77f7ddbe6f0899a711c5f10abf,260290,False,selected calibrated provider reliability,recorded PBMC pipeline
pbmc_compatibility_sensitivity,runs/pbmc_ifnb_dendritic_cells_stim_seed5/benchmark/incomplete_reference/evaluation_truth/query_truth.csv,nan,f2ff9a7a659709c9d6b82dea8cc322ea9f5ebfe04c17de8a6759426ae7c75d1e,145445,False,incomplete-reference query truth,recorded PBMC pipeline
pbmc_compatibility_sensitivity,runs/pbmc_ifnb_dendritic_cells_stim_seed5/candidates/incomplete_reference/pca30_k100/candidate_edges.parquet,nan,73709b84d889616d721ce48728b10f3bf44e8e3ff38e94381951be4a7c7cac03,13427425,False,candidate graph,recorded PBMC pipeline
pbmc_compatibility_sensitivity,runs/pbmc_ifnb_dendritic_cells_stim_seed5/derived/incomplete_reference/prior_profiles/default/source_priors.csv,nan,ffffad8559ab781d916e9df55c71515a9c0ca45bd07d061235d4a806683b0b40,251158,False,source prior,recorded PBMC pipeline
pbmc_compatibility_sensitivity,runs/pbmc_ifnb_dendritic_cells_stim_seed5/derived/incomplete_reference/prior_profiles/default/target_priors.csv,nan,34347db3fa5e332c2a9beed74c00c0a9226e126bcf7df65594f19c32e31f8df7,278792,False,target prior,recorded PBMC pipeline
pbmc_compatibility_sensitivity,runs/pbmc_ifnb_dendritic_cells_stim_seed5_taumin0p75_taumax1_alpha3_coreot_full/transport/provider_reliability/pca30/rho_metadata.yaml,nan,defb7830d8ae7f9e74ed96890647b7c94ba5c69a1db9835976192a9d28d01d39,931,False,provider-reliability metadata,recorded PBMC pipeline
pbmc_compatibility_sensitivity,runs/pbmc_ifnb_dendritic_cells_stim_seed5_taumin0p75_taumax1_alpha3_coreot_full/transport/provider_reliability/pca30/source_rho.csv,nan,60bec3676baf1c6880a63d7f9f22a54b5c2ad9dce42f211d995b7a164b948260,199218,False,selected calibrated provider reliability,recorded PBMC pipeline
pbmc_compatibility_sensitivity,runs/pbmc_ifnb_nk_cells_stim_seed1/benchmark/incomplete_reference/evaluation_truth/query_truth.csv,nan,2475a14e976eac8d7b7a9b6dcac0e0f271128f0035a40ae9fa0fffa3076ace1d,116563,False,incomplete-reference query truth,recorded PBMC pipeline
pbmc_compatibility_sensitivity,runs/pbmc_ifnb_nk_cells_stim_seed1/candidates/incomplete_reference/pca30_k100/candidate_edges.parquet,nan,8a1fa393b0fefa9a75a1f80f603d24e640a712ed36f1c678178ce944e30a11c9,12875449,False,candidate graph,recorded PBMC pipeline
pbmc_compatibility_sensitivity,runs/pbmc_ifnb_nk_cells_stim_seed1/derived/incomplete_reference/prior_profiles/default/source_priors.csv,nan,fec193400569fdfadafc04bf52fbcec5ae0ab5c9f28e1b704885f19f41c8b818,229462,False,source prior,recorded PBMC pipeline
pbmc_compatibility_sensitivity,runs/pbmc_ifnb_nk_cells_stim_seed1/derived/incomplete_reference/prior_profiles/default/target_priors.csv,nan,45cbcded0f7de11db8bb4c2b386b229743f4d651b8a17b3dda4c1fe637b65698,273478,False,target prior,recorded PBMC pipeline
pbmc_compatibility_sensitivity,runs/pbmc_ifnb_nk_cells_stim_seed1_taumin0p5_taumax1_alpha2_coreot_full/transport/provider_reliability/pca30/rho_metadata.yaml,nan,783f32c3149c1beafc78b17cbe787d413d9075e982a6c214da93398df06b7e58,919,False,provider-reliability metadata,recorded PBMC pipeline
pbmc_compatibility_sensitivity,runs/pbmc_ifnb_nk_cells_stim_seed1_taumin0p5_taumax1_alpha2_coreot_full/transport/provider_reliability/pca30/source_rho.csv,nan,70ec88b84349231cb6110132444152c0d68716e33c8a19b8fa785a29e70b27e9,201818,False,selected calibrated provider reliability,recorded PBMC pipeline
pbmc_compatibility_sensitivity,runs/pbmc_ifnb_nk_cells_stim_seed2/benchmark/incomplete_reference/evaluation_truth/query_truth.csv,nan,093a96d16e74e99b6340e62809df904ee9a5f530c8df8d7a192c0b8b7f8229e0,129651,False,incomplete-reference query truth,recorded PBMC pipeline
pbmc_compatibility_sensitivity,runs/pbmc_ifnb_nk_cells_stim_seed2/candidates/incomplete_reference/pca30_k100/candidate_edges.parquet,nan,e43a79d69a291369b38802ba8e39d9af6bd7fba5afb88cc50547b07cec07aa34,13311862,False,candidate graph,recorded PBMC pipeline
pbmc_compatibility_sensitivity,runs/pbmc_ifnb_nk_cells_stim_seed2/derived/incomplete_reference/prior_profiles/default/source_priors.csv,nan,c693f05912f98400d274b05155e3d28033f7278c28f80d276dacf72c69036958,256432,False,source prior,recorded PBMC pipeline
pbmc_compatibility_sensitivity,runs/pbmc_ifnb_nk_cells_stim_seed2/derived/incomplete_reference/prior_profiles/default/target_priors.csv,nan,41d2781f08eeeaa3843d72741b67143575e9b6e5ebaccc18122b547ebc6d86fc,275488,False,target prior,recorded PBMC pipeline
pbmc_compatibility_sensitivity,runs/pbmc_ifnb_nk_cells_stim_seed2_taumin0p5_taumax1_alpha2_coreot_full/transport/provider_reliability/pca30/rho_metadata.yaml,nan,4d21b143d2379ee623c246916897fea4db53a0411d85842f06f16190a4ca73c4,916,False,provider-reliability metadata,recorded PBMC pipeline
pbmc_compatibility_sensitivity,runs/pbmc_ifnb_nk_cells_stim_seed2_taumin0p5_taumax1_alpha2_coreot_full/transport/provider_reliability/pca30/source_rho.csv,nan,5407ec47d955a31e1d8b7393ef30092b72e5bc2137cd445b3fa2285e160de82b,230140,False,selected calibrated provider reliability,recorded PBMC pipeline
pbmc_compatibility_sensitivity,runs/pbmc_ifnb_nk_cells_stim_seed3/benchmark/incomplete_reference/evaluation_truth/query_truth.csv,nan,8653f0eef31e20467aee27c8990b5ceefe0ec8a26168123820c16bea1c6fffea,137469,False,incomplete-reference query truth,recorded PBMC pipeline
pbmc_compatibility_sensitivity,runs/pbmc_ifnb_nk_cells_stim_seed3/candidates/incomplete_reference/pca30_k100/candidate_edges.parquet,nan,8350930fedfcc60c2a3bf24c1788454f901b56aa8fdf580f842ff712ea3767eb,13171874,False,candidate graph,recorded PBMC pipeline
pbmc_compatibility_sensitivity,runs/pbmc_ifnb_nk_cells_stim_seed3/derived/incomplete_reference/prior_profiles/default/source_priors.csv,nan,374e903fca0ceb0b4ce06595bbfe4117a5f60f84e0c85e6db44740d0414535b3,271062,False,source prior,recorded PBMC pipeline
pbmc_compatibility_sensitivity,runs/pbmc_ifnb_nk_cells_stim_seed3/derived/incomplete_reference/prior_profiles/default/target_priors.csv,nan,7cc2571ce04848c93823ae31c04e3e1b8e3e58a739c1657d704fb035e12ce17d,269494,False,target prior,recorded PBMC pipeline
pbmc_compatibility_sensitivity,runs/pbmc_ifnb_nk_cells_stim_seed3_taumin0p5_taumax1_alpha2_coreot_full/transport/provider_reliability/pca30/rho_metadata.yaml,nan,9f789a15c9d0bc6145fc71b10c65b45a29810f0333452232a4a4a88bdd5cb270,917,False,provider-reliability metadata,recorded PBMC pipeline
pbmc_compatibility_sensitivity,runs/pbmc_ifnb_nk_cells_stim_seed3_taumin0p5_taumax1_alpha2_coreot_full/transport/provider_reliability/pca30/source_rho.csv,nan,3dfd4ddbf5d579c0bfa30b9684e64b471315e1957b280e337e8ae572c37daf4e,244022,False,selected calibrated provider reliability,recorded PBMC pipeline
pbmc_compatibility_sensitivity,runs/pbmc_ifnb_nk_cells_stim_seed4/benchmark/incomplete_reference/evaluation_truth/query_truth.csv,nan,a74f722a765f65396dd5ca3af121058dbec62f4e98b673dec94a068174733678,154959,False,incomplete-reference query truth,recorded PBMC pipeline
pbmc_compatibility_sensitivity,runs/pbmc_ifnb_nk_cells_stim_seed4/candidates/incomplete_reference/pca30_k100/candidate_edges.parquet,nan,44cbc9ccbef8a356823798d5228809ed1d5fcceb1489fc7c549d069eacff5123,12471500,False,candidate graph,recorded PBMC pipeline
pbmc_compatibility_sensitivity,runs/pbmc_ifnb_nk_cells_stim_seed4/derived/incomplete_reference/prior_profiles/default/source_priors.csv,nan,7b5161535aa56421736de4f20cd6d3ba35b637177e78cfd0f9322d4e67d157a1,304281,False,source prior,recorded PBMC pipeline
pbmc_compatibility_sensitivity,runs/pbmc_ifnb_nk_cells_stim_seed4/derived/incomplete_reference/prior_profiles/default/target_priors.csv,nan,e899adb9ccb55281df2e6f520028da9f8679bae46cd7128f59200592fb3a5a4b,238250,False,target prior,recorded PBMC pipeline
pbmc_compatibility_sensitivity,runs/pbmc_ifnb_nk_cells_stim_seed4_taumin0p5_taumax1_alpha2_coreot_full/transport/provider_reliability/pca30/rho_metadata.yaml,nan,d9c05a4f15a2d6005c6d205a013c21d5d3b203a210efb00d1b9ef1b090197346,928,False,provider-reliability metadata,recorded PBMC pipeline
pbmc_compatibility_sensitivity,runs/pbmc_ifnb_nk_cells_stim_seed4_taumin0p5_taumax1_alpha2_coreot_full/transport/provider_reliability/pca30/source_rho.csv,nan,d3e697cd25a4293d38ae0634505942cda473a17a100ddb33c2379d50aba0fb58,262067,False,selected calibrated provider reliability,recorded PBMC pipeline
pbmc_compatibility_sensitivity,runs/pbmc_ifnb_nk_cells_stim_seed5/benchmark/incomplete_reference/evaluation_truth/query_truth.csv,nan,83d6a399ca56dfb82b3442d81e34003310672e500de4918938841478ffe75f1d,127441,False,incomplete-reference query truth,recorded PBMC pipeline
pbmc_compatibility_sensitivity,runs/pbmc_ifnb_nk_cells_stim_seed5/candidates/incomplete_reference/pca30_k100/candidate_edges.parquet,nan,00b33a1d3bf76582597819d8bd7a9cea86e394d5412f5df5dec5152abc7bc2db,12987290,False,candidate graph,recorded PBMC pipeline
pbmc_compatibility_sensitivity,runs/pbmc_ifnb_nk_cells_stim_seed5/derived/incomplete_reference/prior_profiles/default/source_priors.csv,nan,ffffad8559ab781d916e9df55c71515a9c0ca45bd07d061235d4a806683b0b40,251158,False,source prior,recorded PBMC pipeline
pbmc_compatibility_sensitivity,runs/pbmc_ifnb_nk_cells_stim_seed5/derived/incomplete_reference/prior_profiles/default/target_priors.csv,nan,bd9f5fa3374a5abd24e70279d5e1f3a22fc3a30baa122fffe3ce063a7f150fa7,268681,False,target prior,recorded PBMC pipeline
pbmc_compatibility_sensitivity,runs/pbmc_ifnb_nk_cells_stim_seed5_taumin0p5_taumax1_alpha2_coreot_full/transport/provider_reliability/pca30/rho_metadata.yaml,nan,624bd4c35fdc5c52954d4c664cae59458d2716455411e36060a649351c34b579,929,False,provider-reliability metadata,recorded PBMC pipeline
pbmc_compatibility_sensitivity,runs/pbmc_ifnb_nk_cells_stim_seed5_taumin0p5_taumax1_alpha2_coreot_full/transport/provider_reliability/pca30/source_rho.csv,nan,85e7a20f6b38c8be3d15e672bd56a2ad62ad9e6c9260144be1cb30cd6aee775a,184121,False,selected calibrated provider reliability,recorded PBMC pipeline
pbmc_matchability_attribution,data/raw/kang_2018.h5ad,GSE96583; Figshare file 34464122,229d767ff229cda5b8ec335ead831ef9eee3908bd763055515ce25874428deff,123669441,False,evaluation_only:pbmc_raw_h5ad,external analyzed object declared in docs/exp_pbmc.md
pbmc_matchability_attribution,runs/pbmc_ifnb_b_cells_stim_seed1/benchmark/incomplete_reference/evaluation_truth/query_truth.csv,nan,fb2058006409995d05dc27f48cdb876e43fa2ba35efeef5972cd9951ea26e3ee,114210,False,evaluation_only:truth,upstream PBMC run; declared by per-fit resolved configuration
pbmc_matchability_attribution,runs/pbmc_ifnb_b_cells_stim_seed1/candidates/incomplete_reference/pca30_k100/candidate_edges.parquet,nan,0505e301b25080267fed7aa86930d30472ea52ab878df23d1a3f55c37869675d,13018912,False,model_visible:candidates,upstream PBMC run; declared by per-fit resolved configuration
pbmc_matchability_attribution,runs/pbmc_ifnb_b_cells_stim_seed1/derived/incomplete_reference/prior_profiles/default/source_priors.csv,nan,fec193400569fdfadafc04bf52fbcec5ae0ab5c9f28e1b704885f19f41c8b818,229462,False,model_visible:source_priors,upstream PBMC run; declared by per-fit resolved configuration
pbmc_matchability_attribution,runs/pbmc_ifnb_b_cells_stim_seed1/derived/incomplete_reference/prior_profiles/default/target_priors.csv,nan,1bd6ff9dc1621b360f236b271ee1308a394e24da26be1a66bb66ebe7ef96f6c0,273639,False,model_visible:target_priors,upstream PBMC run; declared by per-fit resolved configuration
pbmc_matchability_attribution,runs/pbmc_ifnb_b_cells_stim_seed1_taumin0p5_taumax1_alpha4_coreot_full/transport/provider_reliability/pca30/rho_metadata.yaml,nan,9af579f504d0f66bfc1297fb68f3945c9c7a1a64f3119e527eeb0f5722339dd8,918,False,model_visible:provider_metadata,upstream PBMC run; declared by per-fit resolved configuration
pbmc_matchability_attribution,runs/pbmc_ifnb_b_cells_stim_seed1_taumin0p5_taumax1_alpha4_coreot_full/transport/provider_reliability/pca30/source_rho.csv,nan,90ca7ffd62598275274877a5f0bc0ad6e541f7a604268290c41f8581ada50b79,192741,False,model_visible:provider_rho,upstream PBMC run; declared by per-fit resolved configuration
pbmc_matchability_attribution,runs/pbmc_ifnb_b_cells_stim_seed2/benchmark/incomplete_reference/evaluation_truth/query_truth.csv,nan,7f03ef19746e2d831e8178a8c5314ff3c30ae0252f50ad362961120d3efdd9b7,127011,False,evaluation_only:truth,upstream PBMC run; declared by per-fit resolved configuration
pbmc_matchability_attribution,runs/pbmc_ifnb_b_cells_stim_seed2/candidates/incomplete_reference/pca30_k100/candidate_edges.parquet,nan,8b28cea72dd1198a1c0890f13dad6584093c16b752fadb7c75504fd27e18510b,13418204,False,model_visible:candidates,upstream PBMC run; declared by per-fit resolved configuration
pbmc_matchability_attribution,runs/pbmc_ifnb_b_cells_stim_seed2/derived/incomplete_reference/prior_profiles/default/source_priors.csv,nan,c693f05912f98400d274b05155e3d28033f7278c28f80d276dacf72c69036958,256432,False,model_visible:source_priors,upstream PBMC run; declared by per-fit resolved configuration
pbmc_matchability_attribution,runs/pbmc_ifnb_b_cells_stim_seed2/derived/incomplete_reference/prior_profiles/default/target_priors.csv,nan,7cc47bc5064fdefd151aa7df8764b70a523cadc90b26a42e032c70f4abdb03b6,277427,False,model_visible:target_priors,upstream PBMC run; declared by per-fit resolved configuration
pbmc_matchability_attribution,runs/pbmc_ifnb_b_cells_stim_seed2_taumin0p5_taumax1_alpha4_coreot_full/transport/provider_reliability/pca30/rho_metadata.yaml,nan,60902da002ecfbf74fae59cf4d54144b0443bbf2150fc8711effd789eb7cf562,928,False,model_visible:provider_metadata,upstream PBMC run; declared by per-fit resolved configuration
pbmc_matchability_attribution,runs/pbmc_ifnb_b_cells_stim_seed2_taumin0p5_taumax1_alpha4_coreot_full/transport/provider_reliability/pca30/source_rho.csv,nan,58282041335c7fbf5b9a14fb8f07fca9218c7892b0d19c421f122988b07429db,225582,False,model_visible:provider_rho,upstream PBMC run; declared by per-fit resolved configuration
pbmc_matchability_attribution,runs/pbmc_ifnb_b_cells_stim_seed3/benchmark/incomplete_reference/evaluation_truth/query_truth.csv,nan,29065279df32bfaf68efd3b7bc33f40b4d2e12ef015a277b095a2f4a22dbf170,134683,False,evaluation_only:truth,upstream PBMC run; declared by per-fit resolved configuration
pbmc_matchability_attribution,runs/pbmc_ifnb_b_cells_stim_seed3/candidates/incomplete_reference/pca30_k100/candidate_edges.parquet,nan,6a9202cae5f7903f759661b426fb782bb537a693d892e5d3fb46108299ebf184,13306565,False,model_visible:candidates,upstream PBMC run; declared by per-fit resolved configuration
pbmc_matchability_attribution,runs/pbmc_ifnb_b_cells_stim_seed3/derived/incomplete_reference/prior_profiles/default/source_priors.csv,nan,374e903fca0ceb0b4ce06595bbfe4117a5f60f84e0c85e6db44740d0414535b3,271062,False,model_visible:source_priors,upstream PBMC run; declared by per-fit resolved configuration
pbmc_matchability_attribution,runs/pbmc_ifnb_b_cells_stim_seed3/derived/incomplete_reference/prior_profiles/default/target_priors.csv,nan,c558d23214cd67fe067ab1738b7feeffee4719b0998305c947e4f0a26f63af33,271928,False,model_visible:target_priors,upstream PBMC run; declared by per-fit resolved configuration
pbmc_matchability_attribution,runs/pbmc_ifnb_b_cells_stim_seed3_taumin0p5_taumax1_alpha4_coreot_full/transport/provider_reliability/pca30/rho_metadata.yaml,nan,5e2c29288817bd138972bc6a38fa862848e21cd0579104fd4ebc673cd4dd6468,915,False,model_visible:provider_metadata,upstream PBMC run; declared by per-fit resolved configuration
pbmc_matchability_attribution,runs/pbmc_ifnb_b_cells_stim_seed3_taumin0p5_taumax1_alpha4_coreot_full/transport/provider_reliability/pca30/source_rho.csv,nan,e982f72c08ba5bc0ba4a4d4404597bfc30df4cb667452206b1b4004d432e57dd,225495,False,model_visible:provider_rho,upstream PBMC run; declared by per-fit resolved configuration
pbmc_matchability_attribution,runs/pbmc_ifnb_b_cells_stim_seed4/benchmark/incomplete_reference/evaluation_truth/query_truth.csv,nan,1c71a0946cc0d7243b8bc9c97a5540f860be376fb998846a3eae0ec6485fa297,151838,False,evaluation_only:truth,upstream PBMC run; declared by per-fit resolved configuration
pbmc_matchability_attribution,runs/pbmc_ifnb_b_cells_stim_seed4/candidates/incomplete_reference/pca30_k100/candidate_edges.parquet,nan,a6dd7f0e99c22a1968cbbfd28a7e176994a22f30a564f6ba2a9cdc3ae9a546fe,12424393,False,model_visible:candidates,upstream PBMC run; declared by per-fit resolved configuration
pbmc_matchability_attribution,runs/pbmc_ifnb_b_cells_stim_seed4/derived/incomplete_reference/prior_profiles/default/source_priors.csv,nan,7b5161535aa56421736de4f20cd6d3ba35b637177e78cfd0f9322d4e67d157a1,304281,False,model_visible:source_priors,upstream PBMC run; declared by per-fit resolved configuration
pbmc_matchability_attribution,runs/pbmc_ifnb_b_cells_stim_seed4/derived/incomplete_reference/prior_profiles/default/target_priors.csv,nan,adcf2138299cec54ba75c3c7313f075f3e9c1fd2a4fd0ade8c5aebf2f965fd56,237751,False,model_visible:target_priors,upstream PBMC run; declared by per-fit resolved configuration
pbmc_matchability_attribution,runs/pbmc_ifnb_b_cells_stim_seed4_taumin0p5_taumax1_alpha4_coreot_full/transport/provider_reliability/pca30/rho_metadata.yaml,nan,050f60ec493139eb64e324d8ae47d40ff8c46c9c19219bbccbabee43e42b27cb,928,False,model_visible:provider_metadata,upstream PBMC run; declared by per-fit resolved configuration
pbmc_matchability_attribution,runs/pbmc_ifnb_b_cells_stim_seed4_taumin0p5_taumax1_alpha4_coreot_full/transport/provider_reliability/pca30/source_rho.csv,nan,4014a493ff850a80f74349cbf96b89a71df637965d07152e5c2c64050d81a758,249693,False,model_visible:provider_rho,upstream PBMC run; declared by per-fit resolved configuration
pbmc_matchability_attribution,runs/pbmc_ifnb_b_cells_stim_seed5/benchmark/incomplete_reference/evaluation_truth/query_truth.csv,nan,a9d6e8e6037cf7cc992e57a1134cbd2974dfc011ee6e4c803917686ec77178ce,124869,False,evaluation_only:truth,upstream PBMC run; declared by per-fit resolved configuration
pbmc_matchability_attribution,runs/pbmc_ifnb_b_cells_stim_seed5/candidates/incomplete_reference/pca30_k100/candidate_edges.parquet,nan,1c820c2be4a7d1243e2c25b8c09ec422c30105d10d5dba80f72d9d2d7b94bb59,13080417,False,model_visible:candidates,upstream PBMC run; declared by per-fit resolved configuration
pbmc_matchability_attribution,runs/pbmc_ifnb_b_cells_stim_seed5/derived/incomplete_reference/prior_profiles/default/source_priors.csv,nan,ffffad8559ab781d916e9df55c71515a9c0ca45bd07d061235d4a806683b0b40,251158,False,model_visible:source_priors,upstream PBMC run; declared by per-fit resolved configuration
pbmc_matchability_attribution,runs/pbmc_ifnb_b_cells_stim_seed5/derived/incomplete_reference/prior_profiles/default/target_priors.csv,nan,c8028d03051a4f103fb79ed2594a27f7cbf8f02ac21109530f05b13bf214bfc7,268634,False,model_visible:target_priors,upstream PBMC run; declared by per-fit resolved configuration
pbmc_matchability_attribution,runs/pbmc_ifnb_b_cells_stim_seed5_taumin0p5_taumax1_alpha4_coreot_full/transport/provider_reliability/pca30/rho_metadata.yaml,nan,f5cb9152b62f1bd008d506943586199ca89eee53a91c8fdb3d2d6c89bcb15207,918,False,model_visible:provider_metadata,upstream PBMC run; declared by per-fit resolved configuration
pbmc_matchability_attribution,runs/pbmc_ifnb_b_cells_stim_seed5_taumin0p5_taumax1_alpha4_coreot_full/transport/provider_reliability/pca30/source_rho.csv,nan,3e6ccd22c930cec1ef267eedd2386b16f5cf0fc10b3f40d2996a7721bda0c39e,192847,False,model_visible:provider_rho,upstream PBMC run; declared by per-fit resolved configuration
pbmc_matchability_attribution,runs/pbmc_ifnb_dendritic_cells_stim_seed1/benchmark/incomplete_reference/evaluation_truth/query_truth.csv,nan,ff37d17f605a483dc21e465f4c5ae4259fdbdeea5157e4ba1169f8e081baf461,133034,False,evaluation_only:truth,upstream PBMC run; declared by per-fit resolved configuration
pbmc_matchability_attribution,runs/pbmc_ifnb_dendritic_cells_stim_seed1/candidates/incomplete_reference/pca30_k100/candidate_edges.parquet,nan,d7e0f473f4c800095e1b364be8436078dc37292255a258fd661d568220849d31,13432087,False,model_visible:candidates,upstream PBMC run; declared by per-fit resolved configuration
pbmc_matchability_attribution,runs/pbmc_ifnb_dendritic_cells_stim_seed1/derived/incomplete_reference/prior_profiles/default/source_priors.csv,nan,fec193400569fdfadafc04bf52fbcec5ae0ab5c9f28e1b704885f19f41c8b818,229462,False,model_visible:source_priors,upstream PBMC run; declared by per-fit resolved configuration
pbmc_matchability_attribution,runs/pbmc_ifnb_dendritic_cells_stim_seed1/derived/incomplete_reference/prior_profiles/default/target_priors.csv,nan,a2d2547ce533d3d61a9b6c2f00a0be2cbc48f5b8e22ee1cbdfcbae8c1a65d551,284208,False,model_visible:target_priors,upstream PBMC run; declared by per-fit resolved configuration
pbmc_matchability_attribution,runs/pbmc_ifnb_dendritic_cells_stim_seed1_taumin0p75_taumax1_alpha3_coreot_full/transport/provider_reliability/pca30/rho_metadata.yaml,nan,564d421ace765790092ac93b9ceb6e34ace8c83be1f1d656b12da13194d30129,930,False,model_visible:provider_metadata,upstream PBMC run; declared by per-fit resolved configuration
pbmc_matchability_attribution,runs/pbmc_ifnb_dendritic_cells_stim_seed1_taumin0p75_taumax1_alpha3_coreot_full/transport/provider_reliability/pca30/source_rho.csv,nan,d5441cb8873836d9799347d5676f625235592c671c88e115893eb4ab37d70da1,177145,False,model_visible:provider_rho,upstream PBMC run; declared by per-fit resolved configuration
pbmc_matchability_attribution,runs/pbmc_ifnb_dendritic_cells_stim_seed2/benchmark/incomplete_reference/evaluation_truth/query_truth.csv,nan,17c2ea52cc4cbadca916831f6f4be94cae47cf8673962a761da679dfef613254,148131,False,evaluation_only:truth,upstream PBMC run; declared by per-fit resolved configuration
pbmc_matchability_attribution,runs/pbmc_ifnb_dendritic_cells_stim_seed2/candidates/incomplete_reference/pca30_k100/candidate_edges.parquet,nan,a7b6c21838baa6f3875adff6fce6dbcecf0332054113f923e36b4a76a34727b1,13805406,False,model_visible:candidates,upstream PBMC run; declared by per-fit resolved configuration
pbmc_matchability_attribution,runs/pbmc_ifnb_dendritic_cells_stim_seed2/derived/incomplete_reference/prior_profiles/default/source_priors.csv,nan,c693f05912f98400d274b05155e3d28033f7278c28f80d276dacf72c69036958,256432,False,model_visible:source_priors,upstream PBMC run; declared by per-fit resolved configuration
pbmc_matchability_attribution,runs/pbmc_ifnb_dendritic_cells_stim_seed2/derived/incomplete_reference/prior_profiles/default/target_priors.csv,nan,49ffc88392c20c578fb51712e74d312e8b5de1560d49f3467667c53ad6f109b4,287921,False,model_visible:target_priors,upstream PBMC run; declared by per-fit resolved configuration
pbmc_matchability_attribution,runs/pbmc_ifnb_dendritic_cells_stim_seed2_taumin0p75_taumax1_alpha3_coreot_full/transport/provider_reliability/pca30/rho_metadata.yaml,nan,4e4922912a34aa448a0f8274aede484b6cb3a38b44c42244ebb84942a94fe9d9,928,False,model_visible:provider_metadata,upstream PBMC run; declared by per-fit resolved configuration
pbmc_matchability_attribution,runs/pbmc_ifnb_dendritic_cells_stim_seed2_taumin0p75_taumax1_alpha3_coreot_full/transport/provider_reliability/pca30/source_rho.csv,nan,b5b964c3722f8423391a6513fd5cd87a77e1c865614d3622ca788f6efc7c76a4,205698,False,model_visible:provider_rho,upstream PBMC run; declared by per-fit resolved configuration
pbmc_matchability_attribution,runs/pbmc_ifnb_dendritic_cells_stim_seed3/benchmark/incomplete_reference/evaluation_truth/query_truth.csv,nan,69ffb76930ce111240bf733854031e4519cd255307256be6082a4a7585e97319,156971,False,evaluation_only:truth,upstream PBMC run; declared by per-fit resolved configuration
pbmc_matchability_attribution,runs/pbmc_ifnb_dendritic_cells_stim_seed3/candidates/incomplete_reference/pca30_k100/candidate_edges.parquet,nan,26cc6fb6f7ab35a02fc8222eba1e6aba3be6da434d1ca6c2da2f575e0f2bc759,13690255,False,model_visible:candidates,upstream PBMC run; declared by per-fit resolved configuration
pbmc_matchability_attribution,runs/pbmc_ifnb_dendritic_cells_stim_seed3/derived/incomplete_reference/prior_profiles/default/source_priors.csv,nan,374e903fca0ceb0b4ce06595bbfe4117a5f60f84e0c85e6db44740d0414535b3,271062,False,model_visible:source_priors,upstream PBMC run; declared by per-fit resolved configuration
pbmc_matchability_attribution,runs/pbmc_ifnb_dendritic_cells_stim_seed3/derived/incomplete_reference/prior_profiles/default/target_priors.csv,nan,fec70fc36d5e5659a8d61848219d929c639986eb868b0344135b28f48ad47199,282641,False,model_visible:target_priors,upstream PBMC run; declared by per-fit resolved configuration
pbmc_matchability_attribution,runs/pbmc_ifnb_dendritic_cells_stim_seed3_taumin0p75_taumax1_alpha3_coreot_full/transport/provider_reliability/pca30/rho_metadata.yaml,nan,516a8cc5d8561cbf607355b64e5c04f7b28214825888553894b4b837b7b5f305,930,False,model_visible:provider_metadata,upstream PBMC run; declared by per-fit resolved configuration
pbmc_matchability_attribution,runs/pbmc_ifnb_dendritic_cells_stim_seed3_taumin0p75_taumax1_alpha3_coreot_full/transport/provider_reliability/pca30/source_rho.csv,nan,85c92deeb1f934f5ae85feb95f41ca3ce53699e871ff1b355e1c46027e3e6586,227522,False,model_visible:provider_rho,upstream PBMC run; declared by per-fit resolved configuration
pbmc_matchability_attribution,runs/pbmc_ifnb_dendritic_cells_stim_seed4/benchmark/incomplete_reference/evaluation_truth/query_truth.csv,nan,dd8cbc479ee2106ba02b2d60ebae81b08fecfe0d9c17ca4c4b59d5f36f3911e0,176806,False,evaluation_only:truth,upstream PBMC run; declared by per-fit resolved configuration
pbmc_matchability_attribution,runs/pbmc_ifnb_dendritic_cells_stim_seed4/candidates/incomplete_reference/pca30_k100/candidate_edges.parquet,nan,e9113f988d97cd877190032ac9103edda70c8b960d724645433230a22d5cec85,12845412,False,model_visible:candidates,upstream PBMC run; declared by per-fit resolved configuration
pbmc_matchability_attribution,runs/pbmc_ifnb_dendritic_cells_stim_seed4/derived/incomplete_reference/prior_profiles/default/source_priors.csv,nan,7b5161535aa56421736de4f20cd6d3ba35b637177e78cfd0f9322d4e67d157a1,304281,False,model_visible:source_priors,upstream PBMC run; declared by per-fit resolved configuration
pbmc_matchability_attribution,runs/pbmc_ifnb_dendritic_cells_stim_seed4/derived/incomplete_reference/prior_profiles/default/target_priors.csv,nan,4dffdbf288466a9a78471e8d130a2bcea97f8b7f1ba1af2312148ab67e5984ce,248881,False,model_visible:target_priors,upstream PBMC run; declared by per-fit resolved configuration
pbmc_matchability_attribution,runs/pbmc_ifnb_dendritic_cells_stim_seed4_taumin0p75_taumax1_alpha3_coreot_full/transport/provider_reliability/pca30/rho_metadata.yaml,nan,f82c65722b81d91cdfc1f0787f294f66ef1e327a62d0ab20645081ada138d526,930,False,model_visible:provider_metadata,upstream PBMC run; declared by per-fit resolved configuration
pbmc_matchability_attribution,runs/pbmc_ifnb_dendritic_cells_stim_seed4_taumin0p75_taumax1_alpha3_coreot_full/transport/provider_reliability/pca30/source_rho.csv,nan,5c0126bcdfa725c6559fc4e5a7e15db482a68f77f7ddbe6f0899a711c5f10abf,260290,False,model_visible:provider_rho,upstream PBMC run; declared by per-fit resolved configuration
pbmc_matchability_attribution,runs/pbmc_ifnb_dendritic_cells_stim_seed5/benchmark/incomplete_reference/evaluation_truth/query_truth.csv,nan,f2ff9a7a659709c9d6b82dea8cc322ea9f5ebfe04c17de8a6759426ae7c75d1e,145445,False,evaluation_only:truth,upstream PBMC run; declared by per-fit resolved configuration
pbmc_matchability_attribution,runs/pbmc_ifnb_dendritic_cells_stim_seed5/candidates/incomplete_reference/pca30_k100/candidate_edges.parquet,nan,73709b84d889616d721ce48728b10f3bf44e8e3ff38e94381951be4a7c7cac03,13427425,False,model_visible:candidates,upstream PBMC run; declared by per-fit resolved configuration
pbmc_matchability_attribution,runs/pbmc_ifnb_dendritic_cells_stim_seed5/derived/incomplete_reference/prior_profiles/default/source_priors.csv,nan,ffffad8559ab781d916e9df55c71515a9c0ca45bd07d061235d4a806683b0b40,251158,False,model_visible:source_priors,upstream PBMC run; declared by per-fit resolved configuration
pbmc_matchability_attribution,runs/pbmc_ifnb_dendritic_cells_stim_seed5/derived/incomplete_reference/prior_profiles/default/target_priors.csv,nan,34347db3fa5e332c2a9beed74c00c0a9226e126bcf7df65594f19c32e31f8df7,278792,False,model_visible:target_priors,upstream PBMC run; declared by per-fit resolved configuration
pbmc_matchability_attribution,runs/pbmc_ifnb_dendritic_cells_stim_seed5_taumin0p75_taumax1_alpha3_coreot_full/transport/provider_reliability/pca30/rho_metadata.yaml,nan,defb7830d8ae7f9e74ed96890647b7c94ba5c69a1db9835976192a9d28d01d39,931,False,model_visible:provider_metadata,upstream PBMC run; declared by per-fit resolved configuration
pbmc_matchability_attribution,runs/pbmc_ifnb_dendritic_cells_stim_seed5_taumin0p75_taumax1_alpha3_coreot_full/transport/provider_reliability/pca30/source_rho.csv,nan,60bec3676baf1c6880a63d7f9f22a54b5c2ad9dce42f211d995b7a164b948260,199218,False,model_visible:provider_rho,upstream PBMC run; declared by per-fit resolved configuration
pbmc_matchability_attribution,runs/pbmc_ifnb_nk_cells_stim_seed1/benchmark/incomplete_reference/evaluation_truth/query_truth.csv,nan,2475a14e976eac8d7b7a9b6dcac0e0f271128f0035a40ae9fa0fffa3076ace1d,116563,False,evaluation_only:truth,upstream PBMC run; declared by per-fit resolved configuration
pbmc_matchability_attribution,runs/pbmc_ifnb_nk_cells_stim_seed1/candidates/incomplete_reference/pca30_k100/candidate_edges.parquet,nan,8a1fa393b0fefa9a75a1f80f603d24e640a712ed36f1c678178ce944e30a11c9,12875449,False,model_visible:candidates,upstream PBMC run; declared by per-fit resolved configuration
pbmc_matchability_attribution,runs/pbmc_ifnb_nk_cells_stim_seed1/derived/incomplete_reference/prior_profiles/default/source_priors.csv,nan,fec193400569fdfadafc04bf52fbcec5ae0ab5c9f28e1b704885f19f41c8b818,229462,False,model_visible:source_priors,upstream PBMC run; declared by per-fit resolved configuration
pbmc_matchability_attribution,runs/pbmc_ifnb_nk_cells_stim_seed1/derived/incomplete_reference/prior_profiles/default/target_priors.csv,nan,45cbcded0f7de11db8bb4c2b386b229743f4d651b8a17b3dda4c1fe637b65698,273478,False,model_visible:target_priors,upstream PBMC run; declared by per-fit resolved configuration
pbmc_matchability_attribution,runs/pbmc_ifnb_nk_cells_stim_seed1_taumin0p5_taumax1_alpha2_coreot_full/transport/provider_reliability/pca30/rho_metadata.yaml,nan,783f32c3149c1beafc78b17cbe787d413d9075e982a6c214da93398df06b7e58,919,False,model_visible:provider_metadata,upstream PBMC run; declared by per-fit resolved configuration
pbmc_matchability_attribution,runs/pbmc_ifnb_nk_cells_stim_seed1_taumin0p5_taumax1_alpha2_coreot_full/transport/provider_reliability/pca30/source_rho.csv,nan,70ec88b84349231cb6110132444152c0d68716e33c8a19b8fa785a29e70b27e9,201818,False,model_visible:provider_rho,upstream PBMC run; declared by per-fit resolved configuration
pbmc_matchability_attribution,runs/pbmc_ifnb_nk_cells_stim_seed2/benchmark/incomplete_reference/evaluation_truth/query_truth.csv,nan,093a96d16e74e99b6340e62809df904ee9a5f530c8df8d7a192c0b8b7f8229e0,129651,False,evaluation_only:truth,upstream PBMC run; declared by per-fit resolved configuration
pbmc_matchability_attribution,runs/pbmc_ifnb_nk_cells_stim_seed2/candidates/incomplete_reference/pca30_k100/candidate_edges.parquet,nan,e43a79d69a291369b38802ba8e39d9af6bd7fba5afb88cc50547b07cec07aa34,13311862,False,model_visible:candidates,upstream PBMC run; declared by per-fit resolved configuration
pbmc_matchability_attribution,runs/pbmc_ifnb_nk_cells_stim_seed2/derived/incomplete_reference/prior_profiles/default/source_priors.csv,nan,c693f05912f98400d274b05155e3d28033f7278c28f80d276dacf72c69036958,256432,False,model_visible:source_priors,upstream PBMC run; declared by per-fit resolved configuration
pbmc_matchability_attribution,runs/pbmc_ifnb_nk_cells_stim_seed2/derived/incomplete_reference/prior_profiles/default/target_priors.csv,nan,41d2781f08eeeaa3843d72741b67143575e9b6e5ebaccc18122b547ebc6d86fc,275488,False,model_visible:target_priors,upstream PBMC run; declared by per-fit resolved configuration
pbmc_matchability_attribution,runs/pbmc_ifnb_nk_cells_stim_seed2_taumin0p5_taumax1_alpha2_coreot_full/transport/provider_reliability/pca30/rho_metadata.yaml,nan,4d21b143d2379ee623c246916897fea4db53a0411d85842f06f16190a4ca73c4,916,False,model_visible:provider_metadata,upstream PBMC run; declared by per-fit resolved configuration
pbmc_matchability_attribution,runs/pbmc_ifnb_nk_cells_stim_seed2_taumin0p5_taumax1_alpha2_coreot_full/transport/provider_reliability/pca30/source_rho.csv,nan,5407ec47d955a31e1d8b7393ef30092b72e5bc2137cd445b3fa2285e160de82b,230140,False,model_visible:provider_rho,upstream PBMC run; declared by per-fit resolved configuration
pbmc_matchability_attribution,runs/pbmc_ifnb_nk_cells_stim_seed3/benchmark/incomplete_reference/evaluation_truth/query_truth.csv,nan,8653f0eef31e20467aee27c8990b5ceefe0ec8a26168123820c16bea1c6fffea,137469,False,evaluation_only:truth,upstream PBMC run; declared by per-fit resolved configuration
pbmc_matchability_attribution,runs/pbmc_ifnb_nk_cells_stim_seed3/candidates/incomplete_reference/pca30_k100/candidate_edges.parquet,nan,8350930fedfcc60c2a3bf24c1788454f901b56aa8fdf580f842ff712ea3767eb,13171874,False,model_visible:candidates,upstream PBMC run; declared by per-fit resolved configuration
pbmc_matchability_attribution,runs/pbmc_ifnb_nk_cells_stim_seed3/derived/incomplete_reference/prior_profiles/default/source_priors.csv,nan,374e903fca0ceb0b4ce06595bbfe4117a5f60f84e0c85e6db44740d0414535b3,271062,False,model_visible:source_priors,upstream PBMC run; declared by per-fit resolved configuration
pbmc_matchability_attribution,runs/pbmc_ifnb_nk_cells_stim_seed3/derived/incomplete_reference/prior_profiles/default/target_priors.csv,nan,7cc2571ce04848c93823ae31c04e3e1b8e3e58a739c1657d704fb035e12ce17d,269494,False,model_visible:target_priors,upstream PBMC run; declared by per-fit resolved configuration
pbmc_matchability_attribution,runs/pbmc_ifnb_nk_cells_stim_seed3_taumin0p5_taumax1_alpha2_coreot_full/transport/provider_reliability/pca30/rho_metadata.yaml,nan,9f789a15c9d0bc6145fc71b10c65b45a29810f0333452232a4a4a88bdd5cb270,917,False,model_visible:provider_metadata,upstream PBMC run; declared by per-fit resolved configuration
pbmc_matchability_attribution,runs/pbmc_ifnb_nk_cells_stim_seed3_taumin0p5_taumax1_alpha2_coreot_full/transport/provider_reliability/pca30/source_rho.csv,nan,3dfd4ddbf5d579c0bfa30b9684e64b471315e1957b280e337e8ae572c37daf4e,244022,False,model_visible:provider_rho,upstream PBMC run; declared by per-fit resolved configuration
pbmc_matchability_attribution,runs/pbmc_ifnb_nk_cells_stim_seed4/benchmark/incomplete_reference/evaluation_truth/query_truth.csv,nan,a74f722a765f65396dd5ca3af121058dbec62f4e98b673dec94a068174733678,154959,False,evaluation_only:truth,upstream PBMC run; declared by per-fit resolved configuration
pbmc_matchability_attribution,runs/pbmc_ifnb_nk_cells_stim_seed4/candidates/incomplete_reference/pca30_k100/candidate_edges.parquet,nan,44cbc9ccbef8a356823798d5228809ed1d5fcceb1489fc7c549d069eacff5123,12471500,False,model_visible:candidates,upstream PBMC run; declared by per-fit resolved configuration
pbmc_matchability_attribution,runs/pbmc_ifnb_nk_cells_stim_seed4/derived/incomplete_reference/prior_profiles/default/source_priors.csv,nan,7b5161535aa56421736de4f20cd6d3ba35b637177e78cfd0f9322d4e67d157a1,304281,False,model_visible:source_priors,upstream PBMC run; declared by per-fit resolved configuration
pbmc_matchability_attribution,runs/pbmc_ifnb_nk_cells_stim_seed4/derived/incomplete_reference/prior_profiles/default/target_priors.csv,nan,e899adb9ccb55281df2e6f520028da9f8679bae46cd7128f59200592fb3a5a4b,238250,False,model_visible:target_priors,upstream PBMC run; declared by per-fit resolved configuration
pbmc_matchability_attribution,runs/pbmc_ifnb_nk_cells_stim_seed4_taumin0p5_taumax1_alpha2_coreot_full/transport/provider_reliability/pca30/rho_metadata.yaml,nan,d9c05a4f15a2d6005c6d205a013c21d5d3b203a210efb00d1b9ef1b090197346,928,False,model_visible:provider_metadata,upstream PBMC run; declared by per-fit resolved configuration
pbmc_matchability_attribution,runs/pbmc_ifnb_nk_cells_stim_seed4_taumin0p5_taumax1_alpha2_coreot_full/transport/provider_reliability/pca30/source_rho.csv,nan,d3e697cd25a4293d38ae0634505942cda473a17a100ddb33c2379d50aba0fb58,262067,False,model_visible:provider_rho,upstream PBMC run; declared by per-fit resolved configuration
pbmc_matchability_attribution,runs/pbmc_ifnb_nk_cells_stim_seed5/benchmark/incomplete_reference/evaluation_truth/query_truth.csv,nan,83d6a399ca56dfb82b3442d81e34003310672e500de4918938841478ffe75f1d,127441,False,evaluation_only:truth,upstream PBMC run; declared by per-fit resolved configuration
pbmc_matchability_attribution,runs/pbmc_ifnb_nk_cells_stim_seed5/candidates/incomplete_reference/pca30_k100/candidate_edges.parquet,nan,00b33a1d3bf76582597819d8bd7a9cea86e394d5412f5df5dec5152abc7bc2db,12987290,False,model_visible:candidates,upstream PBMC run; declared by per-fit resolved configuration
pbmc_matchability_attribution,runs/pbmc_ifnb_nk_cells_stim_seed5/derived/incomplete_reference/prior_profiles/default/source_priors.csv,nan,ffffad8559ab781d916e9df55c71515a9c0ca45bd07d061235d4a806683b0b40,251158,False,model_visible:source_priors,upstream PBMC run; declared by per-fit resolved configuration
pbmc_matchability_attribution,runs/pbmc_ifnb_nk_cells_stim_seed5/derived/incomplete_reference/prior_profiles/default/target_priors.csv,nan,bd9f5fa3374a5abd24e70279d5e1f3a22fc3a30baa122fffe3ce063a7f150fa7,268681,False,model_visible:target_priors,upstream PBMC run; declared by per-fit resolved configuration
pbmc_matchability_attribution,runs/pbmc_ifnb_nk_cells_stim_seed5_taumin0p5_taumax1_alpha2_coreot_full/transport/provider_reliability/pca30/rho_metadata.yaml,nan,624bd4c35fdc5c52954d4c664cae59458d2716455411e36060a649351c34b579,929,False,model_visible:provider_metadata,upstream PBMC run; declared by per-fit resolved configuration
pbmc_matchability_attribution,runs/pbmc_ifnb_nk_cells_stim_seed5_taumin0p5_taumax1_alpha2_coreot_full/transport/provider_reliability/pca30/source_rho.csv,nan,85e7a20f6b38c8be3d15e672bd56a2ad62ad9e6c9260144be1cb30cd6aee775a,184121,False,model_visible:provider_rho,upstream PBMC run; declared by per-fit resolved configuration
pbmc_parameter_and_calibration,data/raw/kang_2018.h5ad,GSE96583; Figshare file 34464122,229d767ff229cda5b8ec335ead831ef9eee3908bd763055515ce25874428deff,123669441,False,canonical analyzed PBMC object,Pertpy object
pbmc_parameter_and_calibration,runs/pbmc_ifnb_b_cells_stim_seed1_taumin0p5_taumax1_alpha4_coreot_full/benchmark/incomplete_reference/evaluation_truth/query_truth.csv,nan,fb2058006409995d05dc27f48cdb876e43fa2ba35efeef5972cd9951ea26e3ee,114210,False,query truth,recorded PBMC pipeline
pbmc_parameter_and_calibration,runs/pbmc_ifnb_b_cells_stim_seed1_taumin0p5_taumax1_alpha4_coreot_full/scoring/incomplete_reference/pca30_k100/cell_scores.parquet,nan,9d71e1f0d9603a559189f82fdb262c0f61db4552eb45f14b3d2fba794a2dafff,534539,False,selected-run scores,recorded PBMC pipeline
pbmc_parameter_and_calibration,runs/pbmc_ifnb_b_cells_stim_seed1_taumin0p5_taumax1_alpha4_coreot_full/scoring/incomplete_reference/pca30_k100/scoring_manifest.yaml,nan,44805a8bf9e5cb37d9c1a2ca9c9cea15398af2a80973a4d50a32effb9cf16f76,2028,False,resolved scoring policy manifest,recorded PBMC pipeline
pbmc_parameter_and_calibration,runs/pbmc_ifnb_b_cells_stim_seed1_taumin0p5_taumax1_alpha4_coreot_full/scoring/full_reference_control/pca30_k100/cell_scores.parquet,nan,8b6c269d477e224dc33a0187385b7c7b6ee7618b74be298c1c19a7f0c04ee06f,534386,False,selected-run scores,recorded PBMC pipeline
pbmc_parameter_and_calibration,runs/pbmc_ifnb_b_cells_stim_seed1_taumin0p5_taumax1_alpha4_coreot_full/scoring/full_reference_control/pca30_k100/scoring_manifest.yaml,nan,179bedf82d435238290c8b830289155686c5d9520d3377f2797900a53efe2234,2036,False,resolved scoring policy manifest,recorded PBMC pipeline
pbmc_parameter_and_calibration,runs/pbmc_ifnb_b_cells_stim_seed2_taumin0p5_taumax1_alpha4_coreot_full/benchmark/incomplete_reference/evaluation_truth/query_truth.csv,nan,7f03ef19746e2d831e8178a8c5314ff3c30ae0252f50ad362961120d3efdd9b7,127011,False,query truth,recorded PBMC pipeline
pbmc_parameter_and_calibration,runs/pbmc_ifnb_b_cells_stim_seed2_taumin0p5_taumax1_alpha4_coreot_full/scoring/incomplete_reference/pca30_k100/cell_scores.parquet,nan,e42552f0f643401822040571dcd8c653415eae02534f45830f89c3afee105f7d,572225,False,selected-run scores,recorded PBMC pipeline
pbmc_parameter_and_calibration,runs/pbmc_ifnb_b_cells_stim_seed2_taumin0p5_taumax1_alpha4_coreot_full/scoring/incomplete_reference/pca30_k100/scoring_manifest.yaml,nan,19ded60473ca0421e811e3534fb832fc5f7b6d270b273b90ca210ad332deeab5,2028,False,resolved scoring policy manifest,recorded PBMC pipeline
pbmc_parameter_and_calibration,runs/pbmc_ifnb_b_cells_stim_seed2_taumin0p5_taumax1_alpha4_coreot_full/scoring/full_reference_control/pca30_k100/cell_scores.parquet,nan,87705a72077ed2be93f2a3204c44ffbe63933a367efbd509312aae7016a3ae6a,571059,False,selected-run scores,recorded PBMC pipeline
pbmc_parameter_and_calibration,runs/pbmc_ifnb_b_cells_stim_seed2_taumin0p5_taumax1_alpha4_coreot_full/scoring/full_reference_control/pca30_k100/scoring_manifest.yaml,nan,5b6fcd8b966b3f4c1d3a45bd3e9852186909d45d394fd89aa6e156ff6eadeaa5,2036,False,resolved scoring policy manifest,recorded PBMC pipeline
pbmc_parameter_and_calibration,runs/pbmc_ifnb_b_cells_stim_seed3_taumin0p5_taumax1_alpha4_coreot_full/benchmark/incomplete_reference/evaluation_truth/query_truth.csv,nan,29065279df32bfaf68efd3b7bc33f40b4d2e12ef015a277b095a2f4a22dbf170,134683,False,query truth,recorded PBMC pipeline
pbmc_parameter_and_calibration,runs/pbmc_ifnb_b_cells_stim_seed3_taumin0p5_taumax1_alpha4_coreot_full/scoring/incomplete_reference/pca30_k100/cell_scores.parquet,nan,323c8fcd8122766c59744e5bd7d5a2e002bd16b624aaff0f31c19f64daee5e63,605637,False,selected-run scores,recorded PBMC pipeline
pbmc_parameter_and_calibration,runs/pbmc_ifnb_b_cells_stim_seed3_taumin0p5_taumax1_alpha4_coreot_full/scoring/incomplete_reference/pca30_k100/scoring_manifest.yaml,nan,34315bef787c9fe77c15526c90076084a8ade2f85dcda88b1ea0b21add160c96,2028,False,resolved scoring policy manifest,recorded PBMC pipeline
pbmc_parameter_and_calibration,runs/pbmc_ifnb_b_cells_stim_seed3_taumin0p5_taumax1_alpha4_coreot_full/scoring/full_reference_control/pca30_k100/cell_scores.parquet,nan,c8a47cd0dab1adbdeefa7e0fa7897af16e93e1a134739f98b22448dad5e2fde4,603458,False,selected-run scores,recorded PBMC pipeline
pbmc_parameter_and_calibration,runs/pbmc_ifnb_b_cells_stim_seed3_taumin0p5_taumax1_alpha4_coreot_full/scoring/full_reference_control/pca30_k100/scoring_manifest.yaml,nan,ab62a4f099f9789462d9c90bb943104a037c64381872c9c0d1db57d710afe420,2036,False,resolved scoring policy manifest,recorded PBMC pipeline
pbmc_parameter_and_calibration,runs/pbmc_ifnb_b_cells_stim_seed4_taumin0p5_taumax1_alpha4_coreot_full/benchmark/incomplete_reference/evaluation_truth/query_truth.csv,nan,1c71a0946cc0d7243b8bc9c97a5540f860be376fb998846a3eae0ec6485fa297,151838,False,query truth,recorded PBMC pipeline
pbmc_parameter_and_calibration,runs/pbmc_ifnb_b_cells_stim_seed4_taumin0p5_taumax1_alpha4_coreot_full/scoring/incomplete_reference/pca30_k100/cell_scores.parquet,nan,a1e6057541fc91c8923c75a1a09c833a60693e3f81b1b15036207df5f3318322,708902,False,selected-run scores,recorded PBMC pipeline
pbmc_parameter_and_calibration,runs/pbmc_ifnb_b_cells_stim_seed4_taumin0p5_taumax1_alpha4_coreot_full/scoring/incomplete_reference/pca30_k100/scoring_manifest.yaml,nan,a5254692886ed6fb8cd3935768ab52097e08446c78693d1763211fec1baeb623,2028,False,resolved scoring policy manifest,recorded PBMC pipeline
pbmc_parameter_and_calibration,runs/pbmc_ifnb_b_cells_stim_seed4_taumin0p5_taumax1_alpha4_coreot_full/scoring/full_reference_control/pca30_k100/cell_scores.parquet,nan,d1494a9d6478c5a5087f80dfa8e3d91edba4aecbde0482ac1a3309700e79150c,707967,False,selected-run scores,recorded PBMC pipeline
pbmc_parameter_and_calibration,runs/pbmc_ifnb_b_cells_stim_seed4_taumin0p5_taumax1_alpha4_coreot_full/scoring/full_reference_control/pca30_k100/scoring_manifest.yaml,nan,dd844f1715460f8d923fb1a5cfb5ea2d2c2c8542eb56ada5ebedfd70a81c0fef,2036,False,resolved scoring policy manifest,recorded PBMC pipeline
pbmc_parameter_and_calibration,runs/pbmc_ifnb_b_cells_stim_seed5_taumin0p5_taumax1_alpha4_coreot_full/benchmark/incomplete_reference/evaluation_truth/query_truth.csv,nan,a9d6e8e6037cf7cc992e57a1134cbd2974dfc011ee6e4c803917686ec77178ce,124869,False,query truth,recorded PBMC pipeline
pbmc_parameter_and_calibration,runs/pbmc_ifnb_b_cells_stim_seed5_taumin0p5_taumax1_alpha4_coreot_full/scoring/incomplete_reference/pca30_k100/cell_scores.parquet,nan,b91562b0e1ed4f92095df9e6281fccd29b59e4c6483d16c3b6f93a917aabc2db,560951,False,selected-run scores,recorded PBMC pipeline
pbmc_parameter_and_calibration,runs/pbmc_ifnb_b_cells_stim_seed5_taumin0p5_taumax1_alpha4_coreot_full/scoring/incomplete_reference/pca30_k100/scoring_manifest.yaml,nan,e45ecd9c67cb19c8661374862ebea0df86796b85b336a4f9652f13d1d4a15db9,2028,False,resolved scoring policy manifest,recorded PBMC pipeline
pbmc_parameter_and_calibration,runs/pbmc_ifnb_b_cells_stim_seed5_taumin0p5_taumax1_alpha4_coreot_full/scoring/full_reference_control/pca30_k100/cell_scores.parquet,nan,fa01c267f1e70c937bab025e2db4d3c7da7dfe379ef94924a8226fc8f157a299,562138,False,selected-run scores,recorded PBMC pipeline
pbmc_parameter_and_calibration,runs/pbmc_ifnb_b_cells_stim_seed5_taumin0p5_taumax1_alpha4_coreot_full/scoring/full_reference_control/pca30_k100/scoring_manifest.yaml,nan,d002b02d67f660e3693a8255fddd7809bff96b018c0b49b2d9663961937872b5,2036,False,resolved scoring policy manifest,recorded PBMC pipeline
pbmc_parameter_and_calibration,runs/pbmc_ifnb_cd8_t_cells_stim_seed1_taumin0p5_taumax1p5_alpha4_coreot_full/benchmark/incomplete_reference/evaluation_truth/query_truth.csv,nan,4b8e345794cd6b7111d99d356087f25dc441a04497acb0137d5b1f20c05e0a83,123622,False,query truth,recorded PBMC pipeline
pbmc_parameter_and_calibration,runs/pbmc_ifnb_cd8_t_cells_stim_seed1_taumin0p5_taumax1p5_alpha4_coreot_full/scoring/incomplete_reference/pca30_k100/cell_scores.parquet,nan,46829edacc3d60811c6210d2f99b25a789315de4a92d68d8a4e7a3e478565f2b,528815,False,selected-run scores,recorded PBMC pipeline
pbmc_parameter_and_calibration,runs/pbmc_ifnb_cd8_t_cells_stim_seed1_taumin0p5_taumax1p5_alpha4_coreot_full/scoring/incomplete_reference/pca30_k100/scoring_manifest.yaml,nan,f36e1984154ed5c8ed7c96a8af9f3cf926f27daa1050367c6d9c6c226f1bf274,2046,False,resolved scoring policy manifest,recorded PBMC pipeline
pbmc_parameter_and_calibration,runs/pbmc_ifnb_cd8_t_cells_stim_seed1_taumin0p5_taumax1p5_alpha4_coreot_full/scoring/full_reference_control/pca30_k100/cell_scores.parquet,nan,976d0a57fe1c0c1f9474484adaebeb428bddaa7bb7b6e25ba59bb51515f564ba,535050,False,selected-run scores,recorded PBMC pipeline
pbmc_parameter_and_calibration,runs/pbmc_ifnb_cd8_t_cells_stim_seed1_taumin0p5_taumax1p5_alpha4_coreot_full/scoring/full_reference_control/pca30_k100/scoring_manifest.yaml,nan,f189a53ebb21754931b6e2b109726da80546e91c7134b11eb7c1c331af5c3e96,2054,False,resolved scoring policy manifest,recorded PBMC pipeline
pbmc_parameter_and_calibration,runs/pbmc_ifnb_cd8_t_cells_stim_seed2_taumin0p5_taumax1p5_alpha4_coreot_full/benchmark/incomplete_reference/evaluation_truth/query_truth.csv,nan,1509144867c27a97b46aa3e191b8080dd35f2f8446d3e4edf5e64ce33fc0d2d9,137571,False,query truth,recorded PBMC pipeline
pbmc_parameter_and_calibration,runs/pbmc_ifnb_cd8_t_cells_stim_seed2_taumin0p5_taumax1p5_alpha4_coreot_full/scoring/incomplete_reference/pca30_k100/cell_scores.parquet,nan,6530b1ed84da7fe32b71944a69a93f031c4d038d37d3e158b1ffad992f525528,566334,False,selected-run scores,recorded PBMC pipeline
pbmc_parameter_and_calibration,runs/pbmc_ifnb_cd8_t_cells_stim_seed2_taumin0p5_taumax1p5_alpha4_coreot_full/scoring/incomplete_reference/pca30_k100/scoring_manifest.yaml,nan,eb9f4200b267f087148a5a6be43cdae97efddf38ba4673a9d76acb9c11f33cc0,2046,False,resolved scoring policy manifest,recorded PBMC pipeline
pbmc_parameter_and_calibration,runs/pbmc_ifnb_cd8_t_cells_stim_seed2_taumin0p5_taumax1p5_alpha4_coreot_full/scoring/full_reference_control/pca30_k100/cell_scores.parquet,nan,37ba86477a9e1cb97eab133a779fe13546f4af7d66ae66f2bd0d540cf0833385,571159,False,selected-run scores,recorded PBMC pipeline
pbmc_parameter_and_calibration,runs/pbmc_ifnb_cd8_t_cells_stim_seed2_taumin0p5_taumax1p5_alpha4_coreot_full/scoring/full_reference_control/pca30_k100/scoring_manifest.yaml,nan,782cdc85179d14cd1b3826a5b175cbabfc7b31c59c39920712916a462abb5219,2054,False,resolved scoring policy manifest,recorded PBMC pipeline
pbmc_parameter_and_calibration,runs/pbmc_ifnb_cd8_t_cells_stim_seed3_taumin0p5_taumax1p5_alpha4_coreot_full/benchmark/incomplete_reference/evaluation_truth/query_truth.csv,nan,9220d73acf91b95d0bdf2bc1a2009cb2a23447ff2b1385a74d79d41a879e2871,145827,False,query truth,recorded PBMC pipeline
pbmc_parameter_and_calibration,runs/pbmc_ifnb_cd8_t_cells_stim_seed3_taumin0p5_taumax1p5_alpha4_coreot_full/scoring/incomplete_reference/pca30_k100/cell_scores.parquet,nan,b00654fcb082117293c646905a7a7208977e9349808099c94f1665a41f22c99f,598820,False,selected-run scores,recorded PBMC pipeline
pbmc_parameter_and_calibration,runs/pbmc_ifnb_cd8_t_cells_stim_seed3_taumin0p5_taumax1p5_alpha4_coreot_full/scoring/incomplete_reference/pca30_k100/scoring_manifest.yaml,nan,cd9f4e357218c330de52ae1bfbc74e9e439288d2f7e5a0c3d54687eb8cbda897,2046,False,resolved scoring policy manifest,recorded PBMC pipeline
pbmc_parameter_and_calibration,runs/pbmc_ifnb_cd8_t_cells_stim_seed3_taumin0p5_taumax1p5_alpha4_coreot_full/scoring/full_reference_control/pca30_k100/cell_scores.parquet,nan,557844a62e812fb2f6747248f6d3edbb52fe5e929eb668837ef12522bf273a70,605684,False,selected-run scores,recorded PBMC pipeline
pbmc_parameter_and_calibration,runs/pbmc_ifnb_cd8_t_cells_stim_seed3_taumin0p5_taumax1p5_alpha4_coreot_full/scoring/full_reference_control/pca30_k100/scoring_manifest.yaml,nan,be088167ddff2d260c59e333ff993660590a9adf7f93f17610748af2a3e83736,2054,False,resolved scoring policy manifest,recorded PBMC pipeline
pbmc_parameter_and_calibration,runs/pbmc_ifnb_cd8_t_cells_stim_seed4_taumin0p5_taumax1p5_alpha4_coreot_full/benchmark/incomplete_reference/evaluation_truth/query_truth.csv,nan,6e611ab3cef7d74a8726cc7dc34f54d132f3180358823dd239fd2a4c2bcebd0d,164322,False,query truth,recorded PBMC pipeline
pbmc_parameter_and_calibration,runs/pbmc_ifnb_cd8_t_cells_stim_seed4_taumin0p5_taumax1p5_alpha4_coreot_full/scoring/incomplete_reference/pca30_k100/cell_scores.parquet,nan,66b34180d3a7880dc0885c870486a5e350613d397824ef8bb9b33977ebe8a895,701314,False,selected-run scores,recorded PBMC pipeline
pbmc_parameter_and_calibration,runs/pbmc_ifnb_cd8_t_cells_stim_seed4_taumin0p5_taumax1p5_alpha4_coreot_full/scoring/incomplete_reference/pca30_k100/scoring_manifest.yaml,nan,2ed8d41376a9738d4b2322509327b2842744034e7117747d6e38ea069feba436,2046,False,resolved scoring policy manifest,recorded PBMC pipeline
pbmc_parameter_and_calibration,runs/pbmc_ifnb_cd8_t_cells_stim_seed4_taumin0p5_taumax1p5_alpha4_coreot_full/scoring/full_reference_control/pca30_k100/cell_scores.parquet,nan,0a89523814a828879865f18dbac49d7358378d22f40f750e9dbc317adc4a09c7,709542,False,selected-run scores,recorded PBMC pipeline
pbmc_parameter_and_calibration,runs/pbmc_ifnb_cd8_t_cells_stim_seed4_taumin0p5_taumax1p5_alpha4_coreot_full/scoring/full_reference_control/pca30_k100/scoring_manifest.yaml,nan,ee5c1d89dbcf1abb149250806d377e7fbea7ea1e679f335fa2f954bdc80b0a3c,2054,False,resolved scoring policy manifest,recorded PBMC pipeline
pbmc_parameter_and_calibration,runs/pbmc_ifnb_cd8_t_cells_stim_seed5_taumin0p5_taumax1p5_alpha4_coreot_full/benchmark/incomplete_reference/evaluation_truth/query_truth.csv,nan,ad978414cfe906c927a102fac5c0f4b1e6373fbf8cdfd4771ce1865ea4733159,135157,False,query truth,recorded PBMC pipeline
pbmc_parameter_and_calibration,runs/pbmc_ifnb_cd8_t_cells_stim_seed5_taumin0p5_taumax1p5_alpha4_coreot_full/scoring/incomplete_reference/pca30_k100/cell_scores.parquet,nan,d1461adc94e44ccc913fe89c821dd7b53c2fe48f539cd852c9ca6808b5a07f08,558368,False,selected-run scores,recorded PBMC pipeline
pbmc_parameter_and_calibration,runs/pbmc_ifnb_cd8_t_cells_stim_seed5_taumin0p5_taumax1p5_alpha4_coreot_full/scoring/incomplete_reference/pca30_k100/scoring_manifest.yaml,nan,94ac90c03a401cf5344526c4d34733db4c64d806619b78a19e1727afe024e201,2046,False,resolved scoring policy manifest,recorded PBMC pipeline
pbmc_parameter_and_calibration,runs/pbmc_ifnb_cd8_t_cells_stim_seed5_taumin0p5_taumax1p5_alpha4_coreot_full/scoring/full_reference_control/pca30_k100/cell_scores.parquet,nan,3bcc7d9baeb4abde51e91dc860e007d2714ecc259483858e1b13ba37cdf775c4,561710,False,selected-run scores,recorded PBMC pipeline
pbmc_parameter_and_calibration,runs/pbmc_ifnb_cd8_t_cells_stim_seed5_taumin0p5_taumax1p5_alpha4_coreot_full/scoring/full_reference_control/pca30_k100/scoring_manifest.yaml,nan,5efeb44a4ccb208bdacd52ba28af1ae4e1aff0c91feea1d2a0568cc82f252bd5,2054,False,resolved scoring policy manifest,recorded PBMC pipeline
pbmc_parameter_and_calibration,runs/pbmc_ifnb_dendritic_cells_stim_seed1_taumin0p75_taumax1_alpha3_coreot_full/benchmark/incomplete_reference/evaluation_truth/query_truth.csv,nan,ff37d17f605a483dc21e465f4c5ae4259fdbdeea5157e4ba1169f8e081baf461,133034,False,query truth,recorded PBMC pipeline
pbmc_parameter_and_calibration,runs/pbmc_ifnb_dendritic_cells_stim_seed1_taumin0p75_taumax1_alpha3_coreot_full/scoring/incomplete_reference/pca30_k100/cell_scores.parquet,nan,b3658606272be15fa8b7ea640baad46e83c959a052af5a336406d413300ecb06,538829,False,selected-run scores,recorded PBMC pipeline
pbmc_parameter_and_calibration,runs/pbmc_ifnb_dendritic_cells_stim_seed1_taumin0p75_taumax1_alpha3_coreot_full/scoring/incomplete_reference/pca30_k100/scoring_manifest.yaml,nan,0fa1187e3ac0456abca366d11ab3de57e97c3c706797467880308d2cfa9bbbd8,2055,False,resolved scoring policy manifest,recorded PBMC pipeline
pbmc_parameter_and_calibration,runs/pbmc_ifnb_dendritic_cells_stim_seed1_taumin0p75_taumax1_alpha3_coreot_full/scoring/full_reference_control/pca30_k100/cell_scores.parquet,nan,f81089c80c838e305ecbff77a773f5a0cccca46c5cfae47d247ef1bc698a3413,539062,False,selected-run scores,recorded PBMC pipeline
pbmc_parameter_and_calibration,runs/pbmc_ifnb_dendritic_cells_stim_seed1_taumin0p75_taumax1_alpha3_coreot_full/scoring/full_reference_control/pca30_k100/scoring_manifest.yaml,nan,7870717d786d118423a683cddbd12e65b06de16b32d5a696618b3e51d131e7dd,2063,False,resolved scoring policy manifest,recorded PBMC pipeline
pbmc_parameter_and_calibration,runs/pbmc_ifnb_dendritic_cells_stim_seed2_taumin0p75_taumax1_alpha3_coreot_full/benchmark/incomplete_reference/evaluation_truth/query_truth.csv,nan,17c2ea52cc4cbadca916831f6f4be94cae47cf8673962a761da679dfef613254,148131,False,query truth,recorded PBMC pipeline
pbmc_parameter_and_calibration,runs/pbmc_ifnb_dendritic_cells_stim_seed2_taumin0p75_taumax1_alpha3_coreot_full/scoring/incomplete_reference/pca30_k100/cell_scores.parquet,nan,46cefdabd164205c9c8865480dadd5e923b2a112befd7d26c933e5ca2c899696,577410,False,selected-run scores,recorded PBMC pipeline
pbmc_parameter_and_calibration,runs/pbmc_ifnb_dendritic_cells_stim_seed2_taumin0p75_taumax1_alpha3_coreot_full/scoring/incomplete_reference/pca30_k100/scoring_manifest.yaml,nan,d304397c7cf231e3ee73068c295e5b5794109720538638af8f06a259a8beb34a,2055,False,resolved scoring policy manifest,recorded PBMC pipeline
pbmc_parameter_and_calibration,runs/pbmc_ifnb_dendritic_cells_stim_seed2_taumin0p75_taumax1_alpha3_coreot_full/scoring/full_reference_control/pca30_k100/cell_scores.parquet,nan,de1e3cdf053bc39d5a2185e0388ed364a3124a423c01b705469f16269f8a1891,576895,False,selected-run scores,recorded PBMC pipeline
pbmc_parameter_and_calibration,runs/pbmc_ifnb_dendritic_cells_stim_seed2_taumin0p75_taumax1_alpha3_coreot_full/scoring/full_reference_control/pca30_k100/scoring_manifest.yaml,nan,6a8a91e4f642436a7979df696faee50ea61dc39f22048a5bb7afac6e1057aa21,2063,False,resolved scoring policy manifest,recorded PBMC pipeline
pbmc_parameter_and_calibration,runs/pbmc_ifnb_dendritic_cells_stim_seed3_taumin0p75_taumax1_alpha3_coreot_full/benchmark/incomplete_reference/evaluation_truth/query_truth.csv,nan,69ffb76930ce111240bf733854031e4519cd255307256be6082a4a7585e97319,156971,False,query truth,recorded PBMC pipeline
pbmc_parameter_and_calibration,runs/pbmc_ifnb_dendritic_cells_stim_seed3_taumin0p75_taumax1_alpha3_coreot_full/scoring/incomplete_reference/pca30_k100/cell_scores.parquet,nan,0cd020cdd1c180c88293a0a239b551f275f40bcf0e1776a35b81a3473545a667,610426,False,selected-run scores,recorded PBMC pipeline
pbmc_parameter_and_calibration,runs/pbmc_ifnb_dendritic_cells_stim_seed3_taumin0p75_taumax1_alpha3_coreot_full/scoring/incomplete_reference/pca30_k100/scoring_manifest.yaml,nan,e25a6831a23ecdb842dbe61fae630c91082f4d90db4d1f3fdf241b075baaf414,2055,False,resolved scoring policy manifest,recorded PBMC pipeline
pbmc_parameter_and_calibration,runs/pbmc_ifnb_dendritic_cells_stim_seed3_taumin0p75_taumax1_alpha3_coreot_full/scoring/full_reference_control/pca30_k100/cell_scores.parquet,nan,82f48abb609fffea91b90b21f16763e5eb5005d75f2f129b7d3c3462aae9ccb9,609769,False,selected-run scores,recorded PBMC pipeline
pbmc_parameter_and_calibration,runs/pbmc_ifnb_dendritic_cells_stim_seed3_taumin0p75_taumax1_alpha3_coreot_full/scoring/full_reference_control/pca30_k100/scoring_manifest.yaml,nan,01eaaa052e9cfa606950a6e919055ea31422e2d80734562fccda8df5749ccbfc,2063,False,resolved scoring policy manifest,recorded PBMC pipeline
pbmc_parameter_and_calibration,runs/pbmc_ifnb_dendritic_cells_stim_seed4_taumin0p75_taumax1_alpha3_coreot_full/benchmark/incomplete_reference/evaluation_truth/query_truth.csv,nan,dd8cbc479ee2106ba02b2d60ebae81b08fecfe0d9c17ca4c4b59d5f36f3911e0,176806,False,query truth,recorded PBMC pipeline
pbmc_parameter_and_calibration,runs/pbmc_ifnb_dendritic_cells_stim_seed4_taumin0p75_taumax1_alpha3_coreot_full/scoring/incomplete_reference/pca30_k100/cell_scores.parquet,nan,b962cd0e2420a163005f92fb0f934a171915f81e118532bd59919a7bd6e320fa,711605,False,selected-run scores,recorded PBMC pipeline
pbmc_parameter_and_calibration,runs/pbmc_ifnb_dendritic_cells_stim_seed4_taumin0p75_taumax1_alpha3_coreot_full/scoring/incomplete_reference/pca30_k100/scoring_manifest.yaml,nan,1d7d06b2b400557e0d9ab4851f6346d8a11cb397757213eed48fbee0a86811d8,2055,False,resolved scoring policy manifest,recorded PBMC pipeline
pbmc_parameter_and_calibration,runs/pbmc_ifnb_dendritic_cells_stim_seed4_taumin0p75_taumax1_alpha3_coreot_full/scoring/full_reference_control/pca30_k100/cell_scores.parquet,nan,341f1693b91f793dcba59b34c4edb7313cbed39cb0395a0bd9637906fec266d8,713411,False,selected-run scores,recorded PBMC pipeline
pbmc_parameter_and_calibration,runs/pbmc_ifnb_dendritic_cells_stim_seed4_taumin0p75_taumax1_alpha3_coreot_full/scoring/full_reference_control/pca30_k100/scoring_manifest.yaml,nan,f8631d9af716e967d7071805f4d7b56f626fe80f60a156508e95a1f0bf7c5384,2063,False,resolved scoring policy manifest,recorded PBMC pipeline
pbmc_parameter_and_calibration,runs/pbmc_ifnb_dendritic_cells_stim_seed5_taumin0p75_taumax1_alpha3_coreot_full/benchmark/incomplete_reference/evaluation_truth/query_truth.csv,nan,f2ff9a7a659709c9d6b82dea8cc322ea9f5ebfe04c17de8a6759426ae7c75d1e,145445,False,query truth,recorded PBMC pipeline
pbmc_parameter_and_calibration,runs/pbmc_ifnb_dendritic_cells_stim_seed5_taumin0p75_taumax1_alpha3_coreot_full/scoring/incomplete_reference/pca30_k100/cell_scores.parquet,nan,e7b62280c5d2c5288c00d9c9b78587bf406fef8eb99f466d7b796895858fa815,564758,False,selected-run scores,recorded PBMC pipeline
pbmc_parameter_and_calibration,runs/pbmc_ifnb_dendritic_cells_stim_seed5_taumin0p75_taumax1_alpha3_coreot_full/scoring/incomplete_reference/pca30_k100/scoring_manifest.yaml,nan,91f6c053790ef3d8167300e17727d5059c35a4ebfeadae4caa6032684ef4016a,2055,False,resolved scoring policy manifest,recorded PBMC pipeline
pbmc_parameter_and_calibration,runs/pbmc_ifnb_dendritic_cells_stim_seed5_taumin0p75_taumax1_alpha3_coreot_full/scoring/full_reference_control/pca30_k100/cell_scores.parquet,nan,3ee05b8cd5f5e76f686c6935ed1c3a0c8ccdbf07c977bc09120b8d0c8411e000,567703,False,selected-run scores,recorded PBMC pipeline
pbmc_parameter_and_calibration,runs/pbmc_ifnb_dendritic_cells_stim_seed5_taumin0p75_taumax1_alpha3_coreot_full/scoring/full_reference_control/pca30_k100/scoring_manifest.yaml,nan,5f8895c4bd36a9c940affa7901875e879e3ca27a1c7b1b1b36f6eb7f3b531406,2063,False,resolved scoring policy manifest,recorded PBMC pipeline
pbmc_parameter_and_calibration,runs/pbmc_ifnb_nk_cells_stim_seed1_taumin0p5_taumax1_alpha2_coreot_full/benchmark/incomplete_reference/evaluation_truth/query_truth.csv,nan,2475a14e976eac8d7b7a9b6dcac0e0f271128f0035a40ae9fa0fffa3076ace1d,116563,False,query truth,recorded PBMC pipeline
pbmc_parameter_and_calibration,runs/pbmc_ifnb_nk_cells_stim_seed1_taumin0p5_taumax1_alpha2_coreot_full/scoring/incomplete_reference/pca30_k100/cell_scores.parquet,nan,f2deea2f6affa8b613e2bb9d4c02dbf44ab8289ae416774b47f847f642ef13b7,546501,False,selected-run scores,recorded PBMC pipeline
pbmc_parameter_and_calibration,runs/pbmc_ifnb_nk_cells_stim_seed1_taumin0p5_taumax1_alpha2_coreot_full/scoring/incomplete_reference/pca30_k100/scoring_manifest.yaml,nan,cee18835d0b992e53abc04d35b888f1744c1160b3e6a93492949ee6a5dd7bab1,2031,False,resolved scoring policy manifest,recorded PBMC pipeline
pbmc_parameter_and_calibration,runs/pbmc_ifnb_nk_cells_stim_seed1_taumin0p5_taumax1_alpha2_coreot_full/scoring/full_reference_control/pca30_k100/cell_scores.parquet,nan,17f833fb3adc49bd02446e6e5df5b35de0899165044a6311d700d761dc991332,540076,False,selected-run scores,recorded PBMC pipeline
pbmc_parameter_and_calibration,runs/pbmc_ifnb_nk_cells_stim_seed1_taumin0p5_taumax1_alpha2_coreot_full/scoring/full_reference_control/pca30_k100/scoring_manifest.yaml,nan,6f102b204bc56a6d7f12007fde3e5913081adb237f0b070528059cc91aa91a48,2039,False,resolved scoring policy manifest,recorded PBMC pipeline
pbmc_parameter_and_calibration,runs/pbmc_ifnb_nk_cells_stim_seed2_taumin0p5_taumax1_alpha2_coreot_full/benchmark/incomplete_reference/evaluation_truth/query_truth.csv,nan,093a96d16e74e99b6340e62809df904ee9a5f530c8df8d7a192c0b8b7f8229e0,129651,False,query truth,recorded PBMC pipeline
pbmc_parameter_and_calibration,runs/pbmc_ifnb_nk_cells_stim_seed2_taumin0p5_taumax1_alpha2_coreot_full/scoring/incomplete_reference/pca30_k100/cell_scores.parquet,nan,14963c53a1146233a3d03c4073f1dc60c11e7a94fb3a507209e2e5e895c7bc06,583047,False,selected-run scores,recorded PBMC pipeline
pbmc_parameter_and_calibration,runs/pbmc_ifnb_nk_cells_stim_seed2_taumin0p5_taumax1_alpha2_coreot_full/scoring/incomplete_reference/pca30_k100/scoring_manifest.yaml,nan,cecdfb2dcbacaeaae40517779f160419695ded40a77cc1ad6b20b72643e7c463,2031,False,resolved scoring policy manifest,recorded PBMC pipeline
pbmc_parameter_and_calibration,runs/pbmc_ifnb_nk_cells_stim_seed2_taumin0p5_taumax1_alpha2_coreot_full/scoring/full_reference_control/pca30_k100/cell_scores.parquet,nan,a2026745573682dda867cef257f658d85bdf58dc93a609b8f90198b4c30267a5,578903,False,selected-run scores,recorded PBMC pipeline
pbmc_parameter_and_calibration,runs/pbmc_ifnb_nk_cells_stim_seed2_taumin0p5_taumax1_alpha2_coreot_full/scoring/full_reference_control/pca30_k100/scoring_manifest.yaml,nan,1126adcf025fa95810cdbc097a6028353a200c9bb4b4a8fdffff4fdd01d7c114,2039,False,resolved scoring policy manifest,recorded PBMC pipeline
pbmc_parameter_and_calibration,runs/pbmc_ifnb_nk_cells_stim_seed3_taumin0p5_taumax1_alpha2_coreot_full/benchmark/incomplete_reference/evaluation_truth/query_truth.csv,nan,8653f0eef31e20467aee27c8990b5ceefe0ec8a26168123820c16bea1c6fffea,137469,False,query truth,recorded PBMC pipeline
pbmc_parameter_and_calibration,runs/pbmc_ifnb_nk_cells_stim_seed3_taumin0p5_taumax1_alpha2_coreot_full/scoring/incomplete_reference/pca30_k100/cell_scores.parquet,nan,c25f6c1be9f6bcd5a3319730cd8568f7cbc5a4a5cd76a90cd48e0388ee1ae5dd,613488,False,selected-run scores,recorded PBMC pipeline
pbmc_parameter_and_calibration,runs/pbmc_ifnb_nk_cells_stim_seed3_taumin0p5_taumax1_alpha2_coreot_full/scoring/incomplete_reference/pca30_k100/scoring_manifest.yaml,nan,9a1b4bc035d6277f40cf765819ac229950284c68372a4c6bef41aaff761980ac,2031,False,resolved scoring policy manifest,recorded PBMC pipeline
pbmc_parameter_and_calibration,runs/pbmc_ifnb_nk_cells_stim_seed3_taumin0p5_taumax1_alpha2_coreot_full/scoring/full_reference_control/pca30_k100/cell_scores.parquet,nan,aebd68c5f5aa4ad23227810f28eb1fa116516713d5d54cb81e7317f93d5050ed,609689,False,selected-run scores,recorded PBMC pipeline
pbmc_parameter_and_calibration,runs/pbmc_ifnb_nk_cells_stim_seed3_taumin0p5_taumax1_alpha2_coreot_full/scoring/full_reference_control/pca30_k100/scoring_manifest.yaml,nan,18f875ef65c997e32aaf3ea239e41fdd593fb989b5605a29edf3733645236253,2039,False,resolved scoring policy manifest,recorded PBMC pipeline
pbmc_parameter_and_calibration,runs/pbmc_ifnb_nk_cells_stim_seed4_taumin0p5_taumax1_alpha2_coreot_full/benchmark/incomplete_reference/evaluation_truth/query_truth.csv,nan,a74f722a765f65396dd5ca3af121058dbec62f4e98b673dec94a068174733678,154959,False,query truth,recorded PBMC pipeline
pbmc_parameter_and_calibration,runs/pbmc_ifnb_nk_cells_stim_seed4_taumin0p5_taumax1_alpha2_coreot_full/scoring/incomplete_reference/pca30_k100/cell_scores.parquet,nan,3b29075509e305ed52f5aa9592a9f434cee92c406cccd2bfe34ed983db3d0962,713265,False,selected-run scores,recorded PBMC pipeline
pbmc_parameter_and_calibration,runs/pbmc_ifnb_nk_cells_stim_seed4_taumin0p5_taumax1_alpha2_coreot_full/scoring/incomplete_reference/pca30_k100/scoring_manifest.yaml,nan,82f8682b5fa9c1ab4000fe4108ba0c39d728558a9ae88088572fcabf986234d1,2031,False,resolved scoring policy manifest,recorded PBMC pipeline
pbmc_parameter_and_calibration,runs/pbmc_ifnb_nk_cells_stim_seed4_taumin0p5_taumax1_alpha2_coreot_full/scoring/full_reference_control/pca30_k100/cell_scores.parquet,nan,0f4c7145d7a8663cef0625b4f75ff11c40252503331ce207ea5188e62015f3a3,717101,False,selected-run scores,recorded PBMC pipeline
pbmc_parameter_and_calibration,runs/pbmc_ifnb_nk_cells_stim_seed4_taumin0p5_taumax1_alpha2_coreot_full/scoring/full_reference_control/pca30_k100/scoring_manifest.yaml,nan,4912bd33c95e0482295d2835adba3ae6b05b9dfe29b8c0a3896b8053e67f742c,2039,False,resolved scoring policy manifest,recorded PBMC pipeline
pbmc_parameter_and_calibration,runs/pbmc_ifnb_nk_cells_stim_seed5_taumin0p5_taumax1_alpha2_coreot_full/benchmark/incomplete_reference/evaluation_truth/query_truth.csv,nan,83d6a399ca56dfb82b3442d81e34003310672e500de4918938841478ffe75f1d,127441,False,query truth,recorded PBMC pipeline
pbmc_parameter_and_calibration,runs/pbmc_ifnb_nk_cells_stim_seed5_taumin0p5_taumax1_alpha2_coreot_full/scoring/incomplete_reference/pca30_k100/cell_scores.parquet,nan,71182bf92d95f04d0aa12bad5b669e8813da5779a5f4fe175f0c902c78a52f39,572445,False,selected-run scores,recorded PBMC pipeline
pbmc_parameter_and_calibration,runs/pbmc_ifnb_nk_cells_stim_seed5_taumin0p5_taumax1_alpha2_coreot_full/scoring/incomplete_reference/pca30_k100/scoring_manifest.yaml,nan,c4def98c07353da22be1822bd50fa565b6b0c71718c7a5ceb3e0df39ef6fdf49,2031,False,resolved scoring policy manifest,recorded PBMC pipeline
pbmc_parameter_and_calibration,runs/pbmc_ifnb_nk_cells_stim_seed5_taumin0p5_taumax1_alpha2_coreot_full/scoring/full_reference_control/pca30_k100/cell_scores.parquet,nan,810cc81c74a3420d089114fb6def334c989eb9f3cc44c1a60a2335f34a298c34,565854,False,selected-run scores,recorded PBMC pipeline
pbmc_parameter_and_calibration,runs/pbmc_ifnb_nk_cells_stim_seed5_taumin0p5_taumax1_alpha2_coreot_full/scoring/full_reference_control/pca30_k100/scoring_manifest.yaml,nan,ec72967061fa65918a633e64b31fed3a46644b67154b58710574155a774bc248,2039,False,resolved scoring policy manifest,recorded PBMC pipeline
pbmc_prior_dependence,data/raw/kang_2018.h5ad,GSE96583; Figshare file 34464122,229d767ff229cda5b8ec335ead831ef9eee3908bd763055515ce25874428deff,123669441,False,canonical analyzed PBMC object,Pertpy object
pbmc_prior_dependence,runs/pbmc_ifnb_b_cells_stim_seed1_taumin0p5_taumax1_alpha4_coreot_full/benchmark/incomplete_reference/evaluation_truth/query_truth.csv,nan,fb2058006409995d05dc27f48cdb876e43fa2ba35efeef5972cd9951ea26e3ee,114210,False,incomplete-reference query truth,recorded PBMC pipeline
pbmc_prior_dependence,runs/pbmc_ifnb_b_cells_stim_seed1_taumin0p5_taumax1_alpha4_coreot_full/scoring/incomplete_reference/pca30_k100/cell_scores.parquet,nan,9d71e1f0d9603a559189f82fdb262c0f61db4552eb45f14b3d2fba794a2dafff,534539,False,raw deficit and prior-risk scores,recorded PBMC pipeline
pbmc_prior_dependence,runs/pbmc_ifnb_b_cells_stim_seed1_taumin0p5_taumax1_alpha4_coreot_full/scoring/incomplete_reference/pca30_k100/scoring_manifest.yaml,nan,44805a8bf9e5cb37d9c1a2ca9c9cea15398af2a80973a4d50a32effb9cf16f76,2028,False,scoring manifest,recorded PBMC pipeline
pbmc_prior_dependence,runs/pbmc_ifnb_b_cells_stim_seed1_taumin0p5_taumax1_alpha4_coreot_full/transport/incomplete_reference/pca30_k100/coreot_full/method_params.yaml,nan,6d6f3ea4adba0af735ad30e919fed81091ada8e123c5468b242c4d15643de6ad,139,False,resolved CoRe-OT parameters,recorded PBMC pipeline
pbmc_prior_dependence,runs/pbmc_ifnb_b_cells_stim_seed1_taumin0p5_taumax1_alpha4_coreot_full/transport/incomplete_reference/pca30_k100/coreot_full/transport_manifest.yaml,nan,84b152d5d4a53c7e1db56f8dfb005622f86072a63c722b3db53ee1be6bb1533d,1015,False,transport manifest,recorded PBMC pipeline
pbmc_prior_dependence,runs/pbmc_ifnb_b_cells_stim_seed1_taumin0p5_taumax1_alpha4_coreot_full/transport/provider_reliability/pca30/source_rho.csv,nan,90ca7ffd62598275274877a5f0bc0ad6e541f7a604268290c41f8581ada50b79,192741,False,calibrated provider reliability,recorded PBMC pipeline
pbmc_prior_dependence,runs/pbmc_ifnb_b_cells_stim_seed1_taumin0p5_taumax1_alpha4_coreot_full/transport/provider_reliability/pca30/rho_metadata.yaml,nan,9af579f504d0f66bfc1297fb68f3945c9c7a1a64f3119e527eeb0f5722339dd8,918,False,provider calibration metadata,recorded PBMC pipeline
pbmc_prior_dependence,runs/pbmc_ifnb_b_cells_stim_seed2_taumin0p5_taumax1_alpha4_coreot_full/benchmark/incomplete_reference/evaluation_truth/query_truth.csv,nan,7f03ef19746e2d831e8178a8c5314ff3c30ae0252f50ad362961120d3efdd9b7,127011,False,incomplete-reference query truth,recorded PBMC pipeline
pbmc_prior_dependence,runs/pbmc_ifnb_b_cells_stim_seed2_taumin0p5_taumax1_alpha4_coreot_full/scoring/incomplete_reference/pca30_k100/cell_scores.parquet,nan,e42552f0f643401822040571dcd8c653415eae02534f45830f89c3afee105f7d,572225,False,raw deficit and prior-risk scores,recorded PBMC pipeline
pbmc_prior_dependence,runs/pbmc_ifnb_b_cells_stim_seed2_taumin0p5_taumax1_alpha4_coreot_full/scoring/incomplete_reference/pca30_k100/scoring_manifest.yaml,nan,19ded60473ca0421e811e3534fb832fc5f7b6d270b273b90ca210ad332deeab5,2028,False,scoring manifest,recorded PBMC pipeline
pbmc_prior_dependence,runs/pbmc_ifnb_b_cells_stim_seed2_taumin0p5_taumax1_alpha4_coreot_full/transport/incomplete_reference/pca30_k100/coreot_full/method_params.yaml,nan,6d6f3ea4adba0af735ad30e919fed81091ada8e123c5468b242c4d15643de6ad,139,False,resolved CoRe-OT parameters,recorded PBMC pipeline
pbmc_prior_dependence,runs/pbmc_ifnb_b_cells_stim_seed2_taumin0p5_taumax1_alpha4_coreot_full/transport/incomplete_reference/pca30_k100/coreot_full/transport_manifest.yaml,nan,57299c6e9e014a479a5d02c694e06aae35a7dabc84e25c1de7b592c233d2df09,1024,False,transport manifest,recorded PBMC pipeline
pbmc_prior_dependence,runs/pbmc_ifnb_b_cells_stim_seed2_taumin0p5_taumax1_alpha4_coreot_full/transport/provider_reliability/pca30/source_rho.csv,nan,58282041335c7fbf5b9a14fb8f07fca9218c7892b0d19c421f122988b07429db,225582,False,calibrated provider reliability,recorded PBMC pipeline
pbmc_prior_dependence,runs/pbmc_ifnb_b_cells_stim_seed2_taumin0p5_taumax1_alpha4_coreot_full/transport/provider_reliability/pca30/rho_metadata.yaml,nan,60902da002ecfbf74fae59cf4d54144b0443bbf2150fc8711effd789eb7cf562,928,False,provider calibration metadata,recorded PBMC pipeline
pbmc_prior_dependence,runs/pbmc_ifnb_b_cells_stim_seed3_taumin0p5_taumax1_alpha4_coreot_full/benchmark/incomplete_reference/evaluation_truth/query_truth.csv,nan,29065279df32bfaf68efd3b7bc33f40b4d2e12ef015a277b095a2f4a22dbf170,134683,False,incomplete-reference query truth,recorded PBMC pipeline
pbmc_prior_dependence,runs/pbmc_ifnb_b_cells_stim_seed3_taumin0p5_taumax1_alpha4_coreot_full/scoring/incomplete_reference/pca30_k100/cell_scores.parquet,nan,323c8fcd8122766c59744e5bd7d5a2e002bd16b624aaff0f31c19f64daee5e63,605637,False,raw deficit and prior-risk scores,recorded PBMC pipeline
pbmc_prior_dependence,runs/pbmc_ifnb_b_cells_stim_seed3_taumin0p5_taumax1_alpha4_coreot_full/scoring/incomplete_reference/pca30_k100/scoring_manifest.yaml,nan,34315bef787c9fe77c15526c90076084a8ade2f85dcda88b1ea0b21add160c96,2028,False,scoring manifest,recorded PBMC pipeline
pbmc_prior_dependence,runs/pbmc_ifnb_b_cells_stim_seed3_taumin0p5_taumax1_alpha4_coreot_full/transport/incomplete_reference/pca30_k100/coreot_full/method_params.yaml,nan,6d6f3ea4adba0af735ad30e919fed81091ada8e123c5468b242c4d15643de6ad,139,False,resolved CoRe-OT parameters,recorded PBMC pipeline
pbmc_prior_dependence,runs/pbmc_ifnb_b_cells_stim_seed3_taumin0p5_taumax1_alpha4_coreot_full/transport/incomplete_reference/pca30_k100/coreot_full/transport_manifest.yaml,nan,100243a4a777022da18910ca0006a38e5570a2c224191d7025f0da74b14e085d,1015,False,transport manifest,recorded PBMC pipeline
pbmc_prior_dependence,runs/pbmc_ifnb_b_cells_stim_seed3_taumin0p5_taumax1_alpha4_coreot_full/transport/provider_reliability/pca30/source_rho.csv,nan,e982f72c08ba5bc0ba4a4d4404597bfc30df4cb667452206b1b4004d432e57dd,225495,False,calibrated provider reliability,recorded PBMC pipeline
pbmc_prior_dependence,runs/pbmc_ifnb_b_cells_stim_seed3_taumin0p5_taumax1_alpha4_coreot_full/transport/provider_reliability/pca30/rho_metadata.yaml,nan,5e2c29288817bd138972bc6a38fa862848e21cd0579104fd4ebc673cd4dd6468,915,False,provider calibration metadata,recorded PBMC pipeline
pbmc_prior_dependence,runs/pbmc_ifnb_b_cells_stim_seed4_taumin0p5_taumax1_alpha4_coreot_full/benchmark/incomplete_reference/evaluation_truth/query_truth.csv,nan,1c71a0946cc0d7243b8bc9c97a5540f860be376fb998846a3eae0ec6485fa297,151838,False,incomplete-reference query truth,recorded PBMC pipeline
pbmc_prior_dependence,runs/pbmc_ifnb_b_cells_stim_seed4_taumin0p5_taumax1_alpha4_coreot_full/scoring/incomplete_reference/pca30_k100/cell_scores.parquet,nan,a1e6057541fc91c8923c75a1a09c833a60693e3f81b1b15036207df5f3318322,708902,False,raw deficit and prior-risk scores,recorded PBMC pipeline
pbmc_prior_dependence,runs/pbmc_ifnb_b_cells_stim_seed4_taumin0p5_taumax1_alpha4_coreot_full/scoring/incomplete_reference/pca30_k100/scoring_manifest.yaml,nan,a5254692886ed6fb8cd3935768ab52097e08446c78693d1763211fec1baeb623,2028,False,scoring manifest,recorded PBMC pipeline
pbmc_prior_dependence,runs/pbmc_ifnb_b_cells_stim_seed4_taumin0p5_taumax1_alpha4_coreot_full/transport/incomplete_reference/pca30_k100/coreot_full/method_params.yaml,nan,6d6f3ea4adba0af735ad30e919fed81091ada8e123c5468b242c4d15643de6ad,139,False,resolved CoRe-OT parameters,recorded PBMC pipeline
pbmc_prior_dependence,runs/pbmc_ifnb_b_cells_stim_seed4_taumin0p5_taumax1_alpha4_coreot_full/transport/incomplete_reference/pca30_k100/coreot_full/transport_manifest.yaml,nan,944529a9a2d3ff30b821176a4ca5bbfbb761f3098488560aa051b5ababed8ec5,1024,False,transport manifest,recorded PBMC pipeline
pbmc_prior_dependence,runs/pbmc_ifnb_b_cells_stim_seed4_taumin0p5_taumax1_alpha4_coreot_full/transport/provider_reliability/pca30/source_rho.csv,nan,4014a493ff850a80f74349cbf96b89a71df637965d07152e5c2c64050d81a758,249693,False,calibrated provider reliability,recorded PBMC pipeline
pbmc_prior_dependence,runs/pbmc_ifnb_b_cells_stim_seed4_taumin0p5_taumax1_alpha4_coreot_full/transport/provider_reliability/pca30/rho_metadata.yaml,nan,050f60ec493139eb64e324d8ae47d40ff8c46c9c19219bbccbabee43e42b27cb,928,False,provider calibration metadata,recorded PBMC pipeline
pbmc_prior_dependence,runs/pbmc_ifnb_b_cells_stim_seed5_taumin0p5_taumax1_alpha4_coreot_full/benchmark/incomplete_reference/evaluation_truth/query_truth.csv,nan,a9d6e8e6037cf7cc992e57a1134cbd2974dfc011ee6e4c803917686ec77178ce,124869,False,incomplete-reference query truth,recorded PBMC pipeline
pbmc_prior_dependence,runs/pbmc_ifnb_b_cells_stim_seed5_taumin0p5_taumax1_alpha4_coreot_full/scoring/incomplete_reference/pca30_k100/cell_scores.parquet,nan,b91562b0e1ed4f92095df9e6281fccd29b59e4c6483d16c3b6f93a917aabc2db,560951,False,raw deficit and prior-risk scores,recorded PBMC pipeline
pbmc_prior_dependence,runs/pbmc_ifnb_b_cells_stim_seed5_taumin0p5_taumax1_alpha4_coreot_full/scoring/incomplete_reference/pca30_k100/scoring_manifest.yaml,nan,e45ecd9c67cb19c8661374862ebea0df86796b85b336a4f9652f13d1d4a15db9,2028,False,scoring manifest,recorded PBMC pipeline
pbmc_prior_dependence,runs/pbmc_ifnb_b_cells_stim_seed5_taumin0p5_taumax1_alpha4_coreot_full/transport/incomplete_reference/pca30_k100/coreot_full/method_params.yaml,nan,6d6f3ea4adba0af735ad30e919fed81091ada8e123c5468b242c4d15643de6ad,139,False,resolved CoRe-OT parameters,recorded PBMC pipeline
pbmc_prior_dependence,runs/pbmc_ifnb_b_cells_stim_seed5_taumin0p5_taumax1_alpha4_coreot_full/transport/incomplete_reference/pca30_k100/coreot_full/transport_manifest.yaml,nan,313bd6d99dcb4e18c11f4eab710185f6d4881fe1de36523d39f2c233beb200e7,1014,False,transport manifest,recorded PBMC pipeline
pbmc_prior_dependence,runs/pbmc_ifnb_b_cells_stim_seed5_taumin0p5_taumax1_alpha4_coreot_full/transport/provider_reliability/pca30/source_rho.csv,nan,3e6ccd22c930cec1ef267eedd2386b16f5cf0fc10b3f40d2996a7721bda0c39e,192847,False,calibrated provider reliability,recorded PBMC pipeline
pbmc_prior_dependence,runs/pbmc_ifnb_b_cells_stim_seed5_taumin0p5_taumax1_alpha4_coreot_full/transport/provider_reliability/pca30/rho_metadata.yaml,nan,f5cb9152b62f1bd008d506943586199ca89eee53a91c8fdb3d2d6c89bcb15207,918,False,provider calibration metadata,recorded PBMC pipeline
pbmc_prior_dependence,runs/pbmc_ifnb_nk_cells_stim_seed1_taumin0p5_taumax1_alpha2_coreot_full/benchmark/incomplete_reference/evaluation_truth/query_truth.csv,nan,2475a14e976eac8d7b7a9b6dcac0e0f271128f0035a40ae9fa0fffa3076ace1d,116563,False,incomplete-reference query truth,recorded PBMC pipeline
pbmc_prior_dependence,runs/pbmc_ifnb_nk_cells_stim_seed1_taumin0p5_taumax1_alpha2_coreot_full/scoring/incomplete_reference/pca30_k100/cell_scores.parquet,nan,f2deea2f6affa8b613e2bb9d4c02dbf44ab8289ae416774b47f847f642ef13b7,546501,False,raw deficit and prior-risk scores,recorded PBMC pipeline
pbmc_prior_dependence,runs/pbmc_ifnb_nk_cells_stim_seed1_taumin0p5_taumax1_alpha2_coreot_full/scoring/incomplete_reference/pca30_k100/scoring_manifest.yaml,nan,cee18835d0b992e53abc04d35b888f1744c1160b3e6a93492949ee6a5dd7bab1,2031,False,scoring manifest,recorded PBMC pipeline
pbmc_prior_dependence,runs/pbmc_ifnb_nk_cells_stim_seed1_taumin0p5_taumax1_alpha2_coreot_full/transport/incomplete_reference/pca30_k100/coreot_full/method_params.yaml,nan,00475dd5cf06730655955f53a4b323d31a914690b6fced737fbdabd9c91b1f98,139,False,resolved CoRe-OT parameters,recorded PBMC pipeline
pbmc_prior_dependence,runs/pbmc_ifnb_nk_cells_stim_seed1_taumin0p5_taumax1_alpha2_coreot_full/transport/incomplete_reference/pca30_k100/coreot_full/transport_manifest.yaml,nan,b00643b39397d6983a664ac1415f0b0ee17c3e32c71648b3354d313a91d2e1f4,1019,False,transport manifest,recorded PBMC pipeline
pbmc_prior_dependence,runs/pbmc_ifnb_nk_cells_stim_seed1_taumin0p5_taumax1_alpha2_coreot_full/transport/provider_reliability/pca30/source_rho.csv,nan,70ec88b84349231cb6110132444152c0d68716e33c8a19b8fa785a29e70b27e9,201818,False,calibrated provider reliability,recorded PBMC pipeline
pbmc_prior_dependence,runs/pbmc_ifnb_nk_cells_stim_seed1_taumin0p5_taumax1_alpha2_coreot_full/transport/provider_reliability/pca30/rho_metadata.yaml,nan,783f32c3149c1beafc78b17cbe787d413d9075e982a6c214da93398df06b7e58,919,False,provider calibration metadata,recorded PBMC pipeline
pbmc_prior_dependence,runs/pbmc_ifnb_nk_cells_stim_seed2_taumin0p5_taumax1_alpha2_coreot_full/benchmark/incomplete_reference/evaluation_truth/query_truth.csv,nan,093a96d16e74e99b6340e62809df904ee9a5f530c8df8d7a192c0b8b7f8229e0,129651,False,incomplete-reference query truth,recorded PBMC pipeline
pbmc_prior_dependence,runs/pbmc_ifnb_nk_cells_stim_seed2_taumin0p5_taumax1_alpha2_coreot_full/scoring/incomplete_reference/pca30_k100/cell_scores.parquet,nan,14963c53a1146233a3d03c4073f1dc60c11e7a94fb3a507209e2e5e895c7bc06,583047,False,raw deficit and prior-risk scores,recorded PBMC pipeline
pbmc_prior_dependence,runs/pbmc_ifnb_nk_cells_stim_seed2_taumin0p5_taumax1_alpha2_coreot_full/scoring/incomplete_reference/pca30_k100/scoring_manifest.yaml,nan,cecdfb2dcbacaeaae40517779f160419695ded40a77cc1ad6b20b72643e7c463,2031,False,scoring manifest,recorded PBMC pipeline
pbmc_prior_dependence,runs/pbmc_ifnb_nk_cells_stim_seed2_taumin0p5_taumax1_alpha2_coreot_full/transport/incomplete_reference/pca30_k100/coreot_full/method_params.yaml,nan,00475dd5cf06730655955f53a4b323d31a914690b6fced737fbdabd9c91b1f98,139,False,resolved CoRe-OT parameters,recorded PBMC pipeline
pbmc_prior_dependence,runs/pbmc_ifnb_nk_cells_stim_seed2_taumin0p5_taumax1_alpha2_coreot_full/transport/incomplete_reference/pca30_k100/coreot_full/transport_manifest.yaml,nan,eb9e4b0cbed00437998d47c7cdf95402da700ffaaefd3c5fec1468f4019e8cf7,1019,False,transport manifest,recorded PBMC pipeline
pbmc_prior_dependence,runs/pbmc_ifnb_nk_cells_stim_seed2_taumin0p5_taumax1_alpha2_coreot_full/transport/provider_reliability/pca30/source_rho.csv,nan,5407ec47d955a31e1d8b7393ef30092b72e5bc2137cd445b3fa2285e160de82b,230140,False,calibrated provider reliability,recorded PBMC pipeline
pbmc_prior_dependence,runs/pbmc_ifnb_nk_cells_stim_seed2_taumin0p5_taumax1_alpha2_coreot_full/transport/provider_reliability/pca30/rho_metadata.yaml,nan,4d21b143d2379ee623c246916897fea4db53a0411d85842f06f16190a4ca73c4,916,False,provider calibration metadata,recorded PBMC pipeline
pbmc_prior_dependence,runs/pbmc_ifnb_nk_cells_stim_seed3_taumin0p5_taumax1_alpha2_coreot_full/benchmark/incomplete_reference/evaluation_truth/query_truth.csv,nan,8653f0eef31e20467aee27c8990b5ceefe0ec8a26168123820c16bea1c6fffea,137469,False,incomplete-reference query truth,recorded PBMC pipeline
pbmc_prior_dependence,runs/pbmc_ifnb_nk_cells_stim_seed3_taumin0p5_taumax1_alpha2_coreot_full/scoring/incomplete_reference/pca30_k100/cell_scores.parquet,nan,c25f6c1be9f6bcd5a3319730cd8568f7cbc5a4a5cd76a90cd48e0388ee1ae5dd,613488,False,raw deficit and prior-risk scores,recorded PBMC pipeline
pbmc_prior_dependence,runs/pbmc_ifnb_nk_cells_stim_seed3_taumin0p5_taumax1_alpha2_coreot_full/scoring/incomplete_reference/pca30_k100/scoring_manifest.yaml,nan,9a1b4bc035d6277f40cf765819ac229950284c68372a4c6bef41aaff761980ac,2031,False,scoring manifest,recorded PBMC pipeline
pbmc_prior_dependence,runs/pbmc_ifnb_nk_cells_stim_seed3_taumin0p5_taumax1_alpha2_coreot_full/transport/incomplete_reference/pca30_k100/coreot_full/method_params.yaml,nan,00475dd5cf06730655955f53a4b323d31a914690b6fced737fbdabd9c91b1f98,139,False,resolved CoRe-OT parameters,recorded PBMC pipeline
pbmc_prior_dependence,runs/pbmc_ifnb_nk_cells_stim_seed3_taumin0p5_taumax1_alpha2_coreot_full/transport/incomplete_reference/pca30_k100/coreot_full/transport_manifest.yaml,nan,f28befa96be7e18e3cc276152dd390ba8d1c7f2a81c3a6e0ca5fedbc54f34c03,1019,False,transport manifest,recorded PBMC pipeline
pbmc_prior_dependence,runs/pbmc_ifnb_nk_cells_stim_seed3_taumin0p5_taumax1_alpha2_coreot_full/transport/provider_reliability/pca30/source_rho.csv,nan,3dfd4ddbf5d579c0bfa30b9684e64b471315e1957b280e337e8ae572c37daf4e,244022,False,calibrated provider reliability,recorded PBMC pipeline
pbmc_prior_dependence,runs/pbmc_ifnb_nk_cells_stim_seed3_taumin0p5_taumax1_alpha2_coreot_full/transport/provider_reliability/pca30/rho_metadata.yaml,nan,9f789a15c9d0bc6145fc71b10c65b45a29810f0333452232a4a4a88bdd5cb270,917,False,provider calibration metadata,recorded PBMC pipeline
pbmc_prior_dependence,runs/pbmc_ifnb_nk_cells_stim_seed4_taumin0p5_taumax1_alpha2_coreot_full/benchmark/incomplete_reference/evaluation_truth/query_truth.csv,nan,a74f722a765f65396dd5ca3af121058dbec62f4e98b673dec94a068174733678,154959,False,incomplete-reference query truth,recorded PBMC pipeline
pbmc_prior_dependence,runs/pbmc_ifnb_nk_cells_stim_seed4_taumin0p5_taumax1_alpha2_coreot_full/scoring/incomplete_reference/pca30_k100/cell_scores.parquet,nan,3b29075509e305ed52f5aa9592a9f434cee92c406cccd2bfe34ed983db3d0962,713265,False,raw deficit and prior-risk scores,recorded PBMC pipeline
pbmc_prior_dependence,runs/pbmc_ifnb_nk_cells_stim_seed4_taumin0p5_taumax1_alpha2_coreot_full/scoring/incomplete_reference/pca30_k100/scoring_manifest.yaml,nan,82f8682b5fa9c1ab4000fe4108ba0c39d728558a9ae88088572fcabf986234d1,2031,False,scoring manifest,recorded PBMC pipeline
pbmc_prior_dependence,runs/pbmc_ifnb_nk_cells_stim_seed4_taumin0p5_taumax1_alpha2_coreot_full/transport/incomplete_reference/pca30_k100/coreot_full/method_params.yaml,nan,00475dd5cf06730655955f53a4b323d31a914690b6fced737fbdabd9c91b1f98,139,False,resolved CoRe-OT parameters,recorded PBMC pipeline
pbmc_prior_dependence,runs/pbmc_ifnb_nk_cells_stim_seed4_taumin0p5_taumax1_alpha2_coreot_full/transport/incomplete_reference/pca30_k100/coreot_full/transport_manifest.yaml,nan,e52cb6682bf367d0ab57915aa8c200a8caf804cc48cbfa2dd37f05ff9478e585,1028,False,transport manifest,recorded PBMC pipeline
pbmc_prior_dependence,runs/pbmc_ifnb_nk_cells_stim_seed4_taumin0p5_taumax1_alpha2_coreot_full/transport/provider_reliability/pca30/source_rho.csv,nan,d3e697cd25a4293d38ae0634505942cda473a17a100ddb33c2379d50aba0fb58,262067,False,calibrated provider reliability,recorded PBMC pipeline
pbmc_prior_dependence,runs/pbmc_ifnb_nk_cells_stim_seed4_taumin0p5_taumax1_alpha2_coreot_full/transport/provider_reliability/pca30/rho_metadata.yaml,nan,d9c05a4f15a2d6005c6d205a013c21d5d3b203a210efb00d1b9ef1b090197346,928,False,provider calibration metadata,recorded PBMC pipeline
pbmc_prior_dependence,runs/pbmc_ifnb_nk_cells_stim_seed5_taumin0p5_taumax1_alpha2_coreot_full/benchmark/incomplete_reference/evaluation_truth/query_truth.csv,nan,83d6a399ca56dfb82b3442d81e34003310672e500de4918938841478ffe75f1d,127441,False,incomplete-reference query truth,recorded PBMC pipeline
pbmc_prior_dependence,runs/pbmc_ifnb_nk_cells_stim_seed5_taumin0p5_taumax1_alpha2_coreot_full/scoring/incomplete_reference/pca30_k100/cell_scores.parquet,nan,71182bf92d95f04d0aa12bad5b669e8813da5779a5f4fe175f0c902c78a52f39,572445,False,raw deficit and prior-risk scores,recorded PBMC pipeline
pbmc_prior_dependence,runs/pbmc_ifnb_nk_cells_stim_seed5_taumin0p5_taumax1_alpha2_coreot_full/scoring/incomplete_reference/pca30_k100/scoring_manifest.yaml,nan,c4def98c07353da22be1822bd50fa565b6b0c71718c7a5ceb3e0df39ef6fdf49,2031,False,scoring manifest,recorded PBMC pipeline
pbmc_prior_dependence,runs/pbmc_ifnb_nk_cells_stim_seed5_taumin0p5_taumax1_alpha2_coreot_full/transport/incomplete_reference/pca30_k100/coreot_full/method_params.yaml,nan,00475dd5cf06730655955f53a4b323d31a914690b6fced737fbdabd9c91b1f98,139,False,resolved CoRe-OT parameters,recorded PBMC pipeline
pbmc_prior_dependence,runs/pbmc_ifnb_nk_cells_stim_seed5_taumin0p5_taumax1_alpha2_coreot_full/transport/incomplete_reference/pca30_k100/coreot_full/transport_manifest.yaml,nan,9a19863ea3f19be05deea3b376b4b7fe7af8ed0c23bbc9e48bb4ce9d42fc1eb9,1028,False,transport manifest,recorded PBMC pipeline
pbmc_prior_dependence,runs/pbmc_ifnb_nk_cells_stim_seed5_taumin0p5_taumax1_alpha2_coreot_full/transport/provider_reliability/pca30/source_rho.csv,nan,85e7a20f6b38c8be3d15e672bd56a2ad62ad9e6c9260144be1cb30cd6aee775a,184121,False,calibrated provider reliability,recorded PBMC pipeline
pbmc_prior_dependence,runs/pbmc_ifnb_nk_cells_stim_seed5_taumin0p5_taumax1_alpha2_coreot_full/transport/provider_reliability/pca30/rho_metadata.yaml,nan,624bd4c35fdc5c52954d4c664cae59458d2716455411e36060a649351c34b579,929,False,provider calibration metadata,recorded PBMC pipeline
pbmc_prior_dependence,runs/pbmc_ifnb_dendritic_cells_stim_seed1_taumin0p75_taumax1_alpha3_coreot_full/benchmark/incomplete_reference/evaluation_truth/query_truth.csv,nan,ff37d17f605a483dc21e465f4c5ae4259fdbdeea5157e4ba1169f8e081baf461,133034,False,incomplete-reference query truth,recorded PBMC pipeline
pbmc_prior_dependence,runs/pbmc_ifnb_dendritic_cells_stim_seed1_taumin0p75_taumax1_alpha3_coreot_full/scoring/incomplete_reference/pca30_k100/cell_scores.parquet,nan,b3658606272be15fa8b7ea640baad46e83c959a052af5a336406d413300ecb06,538829,False,raw deficit and prior-risk scores,recorded PBMC pipeline
pbmc_prior_dependence,runs/pbmc_ifnb_dendritic_cells_stim_seed1_taumin0p75_taumax1_alpha3_coreot_full/scoring/incomplete_reference/pca30_k100/scoring_manifest.yaml,nan,0fa1187e3ac0456abca366d11ab3de57e97c3c706797467880308d2cfa9bbbd8,2055,False,scoring manifest,recorded PBMC pipeline
pbmc_prior_dependence,runs/pbmc_ifnb_dendritic_cells_stim_seed1_taumin0p75_taumax1_alpha3_coreot_full/transport/incomplete_reference/pca30_k100/coreot_full/method_params.yaml,nan,a61acecee2d55445a584a6a5c8705e2a31ead0c0a1bd1c8b420a0433a3af5300,140,False,resolved CoRe-OT parameters,recorded PBMC pipeline
pbmc_prior_dependence,runs/pbmc_ifnb_dendritic_cells_stim_seed1_taumin0p75_taumax1_alpha3_coreot_full/transport/incomplete_reference/pca30_k100/coreot_full/transport_manifest.yaml,nan,ebec0bd3e0e16c9a02dfacb7ee2ba9d3b662bd686fa0b049f894962969f66cf1,1051,False,transport manifest,recorded PBMC pipeline
pbmc_prior_dependence,runs/pbmc_ifnb_dendritic_cells_stim_seed1_taumin0p75_taumax1_alpha3_coreot_full/transport/provider_reliability/pca30/source_rho.csv,nan,d5441cb8873836d9799347d5676f625235592c671c88e115893eb4ab37d70da1,177145,False,calibrated provider reliability,recorded PBMC pipeline
pbmc_prior_dependence,runs/pbmc_ifnb_dendritic_cells_stim_seed1_taumin0p75_taumax1_alpha3_coreot_full/transport/provider_reliability/pca30/rho_metadata.yaml,nan,564d421ace765790092ac93b9ceb6e34ace8c83be1f1d656b12da13194d30129,930,False,provider calibration metadata,recorded PBMC pipeline
pbmc_prior_dependence,runs/pbmc_ifnb_dendritic_cells_stim_seed2_taumin0p75_taumax1_alpha3_coreot_full/benchmark/incomplete_reference/evaluation_truth/query_truth.csv,nan,17c2ea52cc4cbadca916831f6f4be94cae47cf8673962a761da679dfef613254,148131,False,incomplete-reference query truth,recorded PBMC pipeline
pbmc_prior_dependence,runs/pbmc_ifnb_dendritic_cells_stim_seed2_taumin0p75_taumax1_alpha3_coreot_full/scoring/incomplete_reference/pca30_k100/cell_scores.parquet,nan,46cefdabd164205c9c8865480dadd5e923b2a112befd7d26c933e5ca2c899696,577410,False,raw deficit and prior-risk scores,recorded PBMC pipeline
pbmc_prior_dependence,runs/pbmc_ifnb_dendritic_cells_stim_seed2_taumin0p75_taumax1_alpha3_coreot_full/scoring/incomplete_reference/pca30_k100/scoring_manifest.yaml,nan,d304397c7cf231e3ee73068c295e5b5794109720538638af8f06a259a8beb34a,2055,False,scoring manifest,recorded PBMC pipeline
pbmc_prior_dependence,runs/pbmc_ifnb_dendritic_cells_stim_seed2_taumin0p75_taumax1_alpha3_coreot_full/transport/incomplete_reference/pca30_k100/coreot_full/method_params.yaml,nan,a61acecee2d55445a584a6a5c8705e2a31ead0c0a1bd1c8b420a0433a3af5300,140,False,resolved CoRe-OT parameters,recorded PBMC pipeline
pbmc_prior_dependence,runs/pbmc_ifnb_dendritic_cells_stim_seed2_taumin0p75_taumax1_alpha3_coreot_full/transport/incomplete_reference/pca30_k100/coreot_full/transport_manifest.yaml,nan,195edd3e1600f65e691cab82b6f00f10ad54f3d65196fa6a2e92b401cd8520d3,1051,False,transport manifest,recorded PBMC pipeline
pbmc_prior_dependence,runs/pbmc_ifnb_dendritic_cells_stim_seed2_taumin0p75_taumax1_alpha3_coreot_full/transport/provider_reliability/pca30/source_rho.csv,nan,b5b964c3722f8423391a6513fd5cd87a77e1c865614d3622ca788f6efc7c76a4,205698,False,calibrated provider reliability,recorded PBMC pipeline
pbmc_prior_dependence,runs/pbmc_ifnb_dendritic_cells_stim_seed2_taumin0p75_taumax1_alpha3_coreot_full/transport/provider_reliability/pca30/rho_metadata.yaml,nan,4e4922912a34aa448a0f8274aede484b6cb3a38b44c42244ebb84942a94fe9d9,928,False,provider calibration metadata,recorded PBMC pipeline
pbmc_prior_dependence,runs/pbmc_ifnb_dendritic_cells_stim_seed3_taumin0p75_taumax1_alpha3_coreot_full/benchmark/incomplete_reference/evaluation_truth/query_truth.csv,nan,69ffb76930ce111240bf733854031e4519cd255307256be6082a4a7585e97319,156971,False,incomplete-reference query truth,recorded PBMC pipeline
pbmc_prior_dependence,runs/pbmc_ifnb_dendritic_cells_stim_seed3_taumin0p75_taumax1_alpha3_coreot_full/scoring/incomplete_reference/pca30_k100/cell_scores.parquet,nan,0cd020cdd1c180c88293a0a239b551f275f40bcf0e1776a35b81a3473545a667,610426,False,raw deficit and prior-risk scores,recorded PBMC pipeline
pbmc_prior_dependence,runs/pbmc_ifnb_dendritic_cells_stim_seed3_taumin0p75_taumax1_alpha3_coreot_full/scoring/incomplete_reference/pca30_k100/scoring_manifest.yaml,nan,e25a6831a23ecdb842dbe61fae630c91082f4d90db4d1f3fdf241b075baaf414,2055,False,scoring manifest,recorded PBMC pipeline
pbmc_prior_dependence,runs/pbmc_ifnb_dendritic_cells_stim_seed3_taumin0p75_taumax1_alpha3_coreot_full/transport/incomplete_reference/pca30_k100/coreot_full/method_params.yaml,nan,a61acecee2d55445a584a6a5c8705e2a31ead0c0a1bd1c8b420a0433a3af5300,140,False,resolved CoRe-OT parameters,recorded PBMC pipeline
pbmc_prior_dependence,runs/pbmc_ifnb_dendritic_cells_stim_seed3_taumin0p75_taumax1_alpha3_coreot_full/transport/incomplete_reference/pca30_k100/coreot_full/transport_manifest.yaml,nan,02d6bea0f4549c7a67837949838e8f356730e1a7a75dd8ecbb523cb41580c64b,1052,False,transport manifest,recorded PBMC pipeline
pbmc_prior_dependence,runs/pbmc_ifnb_dendritic_cells_stim_seed3_taumin0p75_taumax1_alpha3_coreot_full/transport/provider_reliability/pca30/source_rho.csv,nan,85c92deeb1f934f5ae85feb95f41ca3ce53699e871ff1b355e1c46027e3e6586,227522,False,calibrated provider reliability,recorded PBMC pipeline
pbmc_prior_dependence,runs/pbmc_ifnb_dendritic_cells_stim_seed3_taumin0p75_taumax1_alpha3_coreot_full/transport/provider_reliability/pca30/rho_metadata.yaml,nan,516a8cc5d8561cbf607355b64e5c04f7b28214825888553894b4b837b7b5f305,930,False,provider calibration metadata,recorded PBMC pipeline
pbmc_prior_dependence,runs/pbmc_ifnb_dendritic_cells_stim_seed4_taumin0p75_taumax1_alpha3_coreot_full/benchmark/incomplete_reference/evaluation_truth/query_truth.csv,nan,dd8cbc479ee2106ba02b2d60ebae81b08fecfe0d9c17ca4c4b59d5f36f3911e0,176806,False,incomplete-reference query truth,recorded PBMC pipeline
pbmc_prior_dependence,runs/pbmc_ifnb_dendritic_cells_stim_seed4_taumin0p75_taumax1_alpha3_coreot_full/scoring/incomplete_reference/pca30_k100/cell_scores.parquet,nan,b962cd0e2420a163005f92fb0f934a171915f81e118532bd59919a7bd6e320fa,711605,False,raw deficit and prior-risk scores,recorded PBMC pipeline
pbmc_prior_dependence,runs/pbmc_ifnb_dendritic_cells_stim_seed4_taumin0p75_taumax1_alpha3_coreot_full/scoring/incomplete_reference/pca30_k100/scoring_manifest.yaml,nan,1d7d06b2b400557e0d9ab4851f6346d8a11cb397757213eed48fbee0a86811d8,2055,False,scoring manifest,recorded PBMC pipeline
pbmc_prior_dependence,runs/pbmc_ifnb_dendritic_cells_stim_seed4_taumin0p75_taumax1_alpha3_coreot_full/transport/incomplete_reference/pca30_k100/coreot_full/method_params.yaml,nan,a61acecee2d55445a584a6a5c8705e2a31ead0c0a1bd1c8b420a0433a3af5300,140,False,resolved CoRe-OT parameters,recorded PBMC pipeline
pbmc_prior_dependence,runs/pbmc_ifnb_dendritic_cells_stim_seed4_taumin0p75_taumax1_alpha3_coreot_full/transport/incomplete_reference/pca30_k100/coreot_full/transport_manifest.yaml,nan,e80bece5b847c41c18cd2c129f729a4325c72a0cd601bda0e1fc29173d43ba5c,1052,False,transport manifest,recorded PBMC pipeline
pbmc_prior_dependence,runs/pbmc_ifnb_dendritic_cells_stim_seed4_taumin0p75_taumax1_alpha3_coreot_full/transport/provider_reliability/pca30/source_rho.csv,nan,5c0126bcdfa725c6559fc4e5a7e15db482a68f77f7ddbe6f0899a711c5f10abf,260290,False,calibrated provider reliability,recorded PBMC pipeline
pbmc_prior_dependence,runs/pbmc_ifnb_dendritic_cells_stim_seed4_taumin0p75_taumax1_alpha3_coreot_full/transport/provider_reliability/pca30/rho_metadata.yaml,nan,f82c65722b81d91cdfc1f0787f294f66ef1e327a62d0ab20645081ada138d526,930,False,provider calibration metadata,recorded PBMC pipeline
pbmc_prior_dependence,runs/pbmc_ifnb_dendritic_cells_stim_seed5_taumin0p75_taumax1_alpha3_coreot_full/benchmark/incomplete_reference/evaluation_truth/query_truth.csv,nan,f2ff9a7a659709c9d6b82dea8cc322ea9f5ebfe04c17de8a6759426ae7c75d1e,145445,False,incomplete-reference query truth,recorded PBMC pipeline
pbmc_prior_dependence,runs/pbmc_ifnb_dendritic_cells_stim_seed5_taumin0p75_taumax1_alpha3_coreot_full/scoring/incomplete_reference/pca30_k100/cell_scores.parquet,nan,e7b62280c5d2c5288c00d9c9b78587bf406fef8eb99f466d7b796895858fa815,564758,False,raw deficit and prior-risk scores,recorded PBMC pipeline
pbmc_prior_dependence,runs/pbmc_ifnb_dendritic_cells_stim_seed5_taumin0p75_taumax1_alpha3_coreot_full/scoring/incomplete_reference/pca30_k100/scoring_manifest.yaml,nan,91f6c053790ef3d8167300e17727d5059c35a4ebfeadae4caa6032684ef4016a,2055,False,scoring manifest,recorded PBMC pipeline
pbmc_prior_dependence,runs/pbmc_ifnb_dendritic_cells_stim_seed5_taumin0p75_taumax1_alpha3_coreot_full/transport/incomplete_reference/pca30_k100/coreot_full/method_params.yaml,nan,a61acecee2d55445a584a6a5c8705e2a31ead0c0a1bd1c8b420a0433a3af5300,140,False,resolved CoRe-OT parameters,recorded PBMC pipeline
pbmc_prior_dependence,runs/pbmc_ifnb_dendritic_cells_stim_seed5_taumin0p75_taumax1_alpha3_coreot_full/transport/incomplete_reference/pca30_k100/coreot_full/transport_manifest.yaml,nan,608f6bcae0178929f80e80cfc86394ab084659cb7952acb7fbf3ba8351766b09,1051,False,transport manifest,recorded PBMC pipeline
pbmc_prior_dependence,runs/pbmc_ifnb_dendritic_cells_stim_seed5_taumin0p75_taumax1_alpha3_coreot_full/transport/provider_reliability/pca30/source_rho.csv,nan,60bec3676baf1c6880a63d7f9f22a54b5c2ad9dce42f211d995b7a164b948260,199218,False,calibrated provider reliability,recorded PBMC pipeline
pbmc_prior_dependence,runs/pbmc_ifnb_dendritic_cells_stim_seed5_taumin0p75_taumax1_alpha3_coreot_full/transport/provider_reliability/pca30/rho_metadata.yaml,nan,defb7830d8ae7f9e74ed96890647b7c94ba5c69a1db9835976192a9d28d01d39,931,False,provider calibration metadata,recorded PBMC pipeline
mouse_spleen_primary,data/raw/rna.h5ad,ftp://ngs.sanger.ac.uk/production/teichmann/MultiMAP/rna.h5ad,8c97563d3c6ed480187c4084536b6a41c989a42120b35d785f04347b2a794029,43560924,False,raw RNA expression input,source public object
mouse_spleen_primary,data/raw/atac-genes.h5ad,ftp://ngs.sanger.ac.uk/production/teichmann/MultiMAP/atac-genes.h5ad,98ff6945fc0f8cb4b29f317a634806ae0d89f80c1c01b17c37e41c6555a3ff23,198600556,False,raw ATAC gene-activity input,source public object
mouse_spleen_primary,data/raw/atac-peaks.h5ad,ftp://ngs.sanger.ac.uk/production/teichmann/MultiMAP/atac-peaks.h5ad,1acc879d1c7454fe9669dd9558e4e258ff41ea1887780331f33a1edc95bb9cc7,351049964,False,raw ATAC peak input used for fixed MultiMAP embedding,source public object
mouse_spleen_primary,results/mouse_spleen_core_ot/natural_mismatch/compare_baselines/input/model_visible_pseudocounts.h5ad,nan,2d88258b4abf1de35daff097808931571faa66d695f9597b0e08df182279500e,80077452,False,normalized external-baseline expression pseudocount object,experiments/mouse_spleen/pipeline.py:prepare_natural_baselines
mouse_spleen_compatibility_sensitivity,data/raw/rna.h5ad,ftp://ngs.sanger.ac.uk/production/teichmann/MultiMAP/rna.h5ad,8c97563d3c6ed480187c4084536b6a41c989a42120b35d785f04347b2a794029,43560924,False,raw RNA expression input,source public object
mouse_spleen_compatibility_sensitivity,data/raw/atac-genes.h5ad,ftp://ngs.sanger.ac.uk/production/teichmann/MultiMAP/atac-genes.h5ad,98ff6945fc0f8cb4b29f317a634806ae0d89f80c1c01b17c37e41c6555a3ff23,198600556,False,raw ATAC gene-activity input,source public object
mouse_spleen_compatibility_sensitivity,data/raw/atac-peaks.h5ad,ftp://ngs.sanger.ac.uk/production/teichmann/MultiMAP/atac-peaks.h5ad,1acc879d1c7454fe9669dd9558e4e258ff41ea1887780331f33a1edc95bb9cc7,351049964,False,raw ATAC peak input used for fixed MultiMAP embedding,source public object
mouse_spleen_matchability_attribution,data/raw/rna.h5ad,ftp://ngs.sanger.ac.uk/production/teichmann/MultiMAP/rna.h5ad,8c97563d3c6ed480187c4084536b6a41c989a42120b35d785f04347b2a794029,43560924,False,raw RNA expression input,source public object
mouse_spleen_matchability_attribution,data/raw/atac-genes.h5ad,ftp://ngs.sanger.ac.uk/production/teichmann/MultiMAP/atac-genes.h5ad,98ff6945fc0f8cb4b29f317a634806ae0d89f80c1c01b17c37e41c6555a3ff23,198600556,False,raw ATAC gene-activity input,source public object
mouse_spleen_matchability_attribution,data/raw/atac-peaks.h5ad,ftp://ngs.sanger.ac.uk/production/teichmann/MultiMAP/atac-peaks.h5ad,1acc879d1c7454fe9669dd9558e4e258ff41ea1887780331f33a1edc95bb9cc7,351049964,False,raw ATAC peak input used for fixed MultiMAP embedding,source public object
mouse_spleen_parameter_sensitivity,data/raw/rna.h5ad,ftp://ngs.sanger.ac.uk/production/teichmann/MultiMAP/rna.h5ad,8c97563d3c6ed480187c4084536b6a41c989a42120b35d785f04347b2a794029,43560924,False,raw RNA expression input,source public object
mouse_spleen_parameter_sensitivity,data/raw/atac-genes.h5ad,ftp://ngs.sanger.ac.uk/production/teichmann/MultiMAP/atac-genes.h5ad,98ff6945fc0f8cb4b29f317a634806ae0d89f80c1c01b17c37e41c6555a3ff23,198600556,False,raw ATAC gene-activity input,source public object
mouse_spleen_parameter_sensitivity,data/raw/atac-peaks.h5ad,ftp://ngs.sanger.ac.uk/production/teichmann/MultiMAP/atac-peaks.h5ad,1acc879d1c7454fe9669dd9558e4e258ff41ea1887780331f33a1edc95bb9cc7,351049964,False,raw ATAC peak input used for fixed MultiMAP embedding,source public object
mouse_spleen_prior_dependence,data/raw/rna.h5ad,ftp://ngs.sanger.ac.uk/production/teichmann/MultiMAP/rna.h5ad,8c97563d3c6ed480187c4084536b6a41c989a42120b35d785f04347b2a794029,43560924,False,raw RNA expression input,source public object
mouse_spleen_prior_dependence,data/raw/atac-genes.h5ad,ftp://ngs.sanger.ac.uk/production/teichmann/MultiMAP/atac-genes.h5ad,98ff6945fc0f8cb4b29f317a634806ae0d89f80c1c01b17c37e41c6555a3ff23,198600556,False,raw ATAC gene-activity input,source public object
mouse_spleen_prior_dependence,data/raw/atac-peaks.h5ad,ftp://ngs.sanger.ac.uk/production/teichmann/MultiMAP/atac-peaks.h5ad,1acc879d1c7454fe9669dd9558e4e258ff41ea1887780331f33a1edc95bb9cc7,351049964,False,raw ATAC peak input used for fixed MultiMAP embedding,source public object
convergence_and_environment,results/HIHA_DC/figures/hiha_parameter_sensitivity_manifest.yaml,nan,782c46a1c14d98060f6bada26fcb19ac45b08e0b026eaf056e226246c23569d6,2416,False,retained per-fit or table-level convergence evidence source or auxiliary family-index input,retained experiment pipeline; indexed by generate_manuscript_convergence_audit.py
convergence_and_environment,results/HIHA_DC/sensitivity/component_ablation/tables/component_ablation_by_seed.csv,nan,e5aaf0cc3a2a68848197f608a0423932a9760e66bd0c62fce3e50c807f3e2825,157985,False,retained per-fit or table-level convergence evidence source or auxiliary family-index input,retained experiment pipeline; indexed by generate_manuscript_convergence_audit.py
convergence_and_environment,results/HIHA_DC/sensitivity/constant_tau_alpha/tables/detection_by_run.csv,nan,9095b6b0ba23d029cc623ad41158b4aab0bb75ebdf5066c4a070797eb7167050,295174,False,retained per-fit or table-level convergence evidence source or auxiliary family-index input,retained experiment pipeline; indexed by generate_manuscript_convergence_audit.py
convergence_and_environment,results/HIHA_DC/sensitivity/full_tau_target2_alpha2_hla/tables/detection_within_cdc2_by_run.csv,nan,af2b2959f742b98a8be56a33145a52ba85c1b59276bca1d0dc1bba04957fe8cf,32128,False,retained per-fit or table-level convergence evidence source or auxiliary family-index input,retained experiment pipeline; indexed by generate_manuscript_convergence_audit.py
convergence_and_environment,results/HIHA_DC/sensitivity/isg_tau_range_target1_alpha025_discovery/tables/discovery_by_split.csv,nan,fdb9b2fc7a7c3ad8f648666d455bee02f70cf066ef1076de2b4a18d69689d046,99155,False,retained per-fit or table-level convergence evidence source or auxiliary family-index input,retained experiment pipeline; indexed by generate_manuscript_convergence_audit.py
convergence_and_environment,results/HIHA_DC/sensitivity/rho_attribution_alpha_search/tables/rho_attribution_by_replicate.csv,nan,6e86f50cdcaef557a84ee0f054c9b15587d2ef3e7011bb79ddf509cb9027fc63,27904,False,retained per-fit or table-level convergence evidence source or auxiliary family-index input,retained experiment pipeline; indexed by generate_manuscript_convergence_audit.py
convergence_and_environment,results/HIHA_DC/sensitivity/rho_attribution_discovery_confirmation/tables/discovery_alpha0_focused025_125_by_split.csv,nan,f9c3a3e30816963d2502e056ecffa2448d89c07cb3a3d05c646b884190a827d7,100291,False,retained per-fit or table-level convergence evidence source or auxiliary family-index input,retained experiment pipeline; indexed by generate_manuscript_convergence_audit.py
convergence_and_environment,results/PBMC/manuscript/supplement/pbmc_sensitivity_by_seed.csv,nan,3131172f77f22739a66be85fa544053c60eb62f37beb81426fb798181825066a,29071,False,retained per-fit or table-level convergence evidence source or auxiliary family-index input,retained experiment pipeline; indexed by generate_manuscript_convergence_audit.py
convergence_and_environment,results/PBMC/sensitivity/component_ablation/tables/component_ablation_by_seed.csv,nan,e1d187ff6d766f7e67bdd9ce92ca1f9ef6ca039be7b869856b4ae8efb244a6c6,304418,False,retained per-fit or table-level convergence evidence source or auxiliary family-index input,retained experiment pipeline; indexed by generate_manuscript_convergence_audit.py
convergence_and_environment,results/PBMC/sensitivity/rho_attribution_alpha_search/tables/rho_attribution_by_replicate.csv,nan,223a469bc43f210502a65a0ae31b089068d01af4d21ebf29f286f62bb9f3d4de,49870,False,retained per-fit or table-level convergence evidence source or auxiliary family-index input,retained experiment pipeline; indexed by generate_manuscript_convergence_audit.py
convergence_and_environment,results/PBMC/sensitivity/rho_attribution_tau_surface_alpha0_range075_175/tables/rho_tau_surface_range075_175_by_seed.csv,nan,869744e0ddd3401237f66c5c414f9d5368babd42edc8efa9e8adc83f0f8594f0,135821,False,retained per-fit or table-level convergence evidence source or auxiliary family-index input,retained experiment pipeline; indexed by generate_manuscript_convergence_audit.py
convergence_and_environment,results/mouse_spleen_core_ot/natural_mismatch/sensitivity/component_ablation_proliferating/tables/compatibility_only_metrics.csv,nan,ced26399ad2c32472e29ac07660021291bf765b79f0daee35cd16394d4ac92b1,11920,False,retained per-fit or table-level convergence evidence source or auxiliary family-index input,retained experiment pipeline; indexed by generate_manuscript_convergence_audit.py
convergence_and_environment,results/mouse_spleen_core_ot/natural_mismatch/sensitivity/figure4_full_tau_alpha_40_tau_target_8/tables/metrics_by_grid.csv,nan,e9cf1e595005dd976db7387e1a6c781654614b911f58b6eed5fbbd803994a2ec,21261,False,retained per-fit or table-level convergence evidence source or auxiliary family-index input,retained experiment pipeline; indexed by generate_manuscript_convergence_audit.py
convergence_and_environment,results/mouse_spleen_core_ot/natural_mismatch/sensitivity/rho_attribution_tau_alpha_search/tables/rho_tau_surface_alpha5_range025_4.csv,nan,983b50ce3d17179be94d5177ae21c860f81a22128866f8b87a64bf6865d245df,5406,False,retained per-fit or table-level convergence evidence source or auxiliary family-index input,retained experiment pipeline; indexed by generate_manuscript_convergence_audit.py
convergence_and_environment,results/mouse_spleen_core_ot/runs/mouse_spleen_natural_proliferating/transport/natural_mismatch/mouse_spleen_provider_k100/coreot_constant_tau/transport_manifest.yaml,nan,f15f6271de2de008e987dc84c55584dc6916c605118a0fe2620679bb6b5942bd,1054,False,retained per-fit or table-level convergence evidence source or auxiliary family-index input,retained experiment pipeline; indexed by generate_manuscript_convergence_audit.py
convergence_and_environment,results/mouse_spleen_core_ot/runs/mouse_spleen_natural_proliferating/transport/natural_mismatch/mouse_spleen_provider_k100/coreot_full/transport_manifest.yaml,nan,c2c78d1702aa624b41c448285f639f0f479b7ec2562e8cd1dc943e866d92eafc,951,False,retained per-fit or table-level convergence evidence source or auxiliary family-index input,retained experiment pipeline; indexed by generate_manuscript_convergence_audit.py
convergence_and_environment,results/mouse_spleen_core_ot/runs/mouse_spleen_natural_proliferating/transport/natural_mismatch/mouse_spleen_provider_k100/coreot_match_only/transport_manifest.yaml,nan,8eb9d9dadb5c089b87b4e54cfe0fa9966840eaa03bf4501d78fee9690c45751c,980,False,retained per-fit or table-level convergence evidence source or auxiliary family-index input,retained experiment pipeline; indexed by generate_manuscript_convergence_audit.py
convergence_and_environment,results/mouse_spleen_core_ot/runs/mouse_spleen_natural_proliferating/transport/natural_mismatch/mouse_spleen_provider_k100/uniform_uot/transport_manifest.yaml,nan,13c04954a619b95239d5ad7f135c98dc612f4c70542e631994876ba4d5bd42e4,967,False,retained per-fit or table-level convergence evidence source or auxiliary family-index input,retained experiment pipeline; indexed by generate_manuscript_convergence_audit.py
convergence_and_environment,runs/hiha_dc_hladrhi_cdc2_seed1_report_leave_one_HIHA_DC/transport/full_reference_control/hiha_harmony30_k100/coreot_full/transport_manifest.yaml,nan,c0058cf7b60c9030b08c59772349a8c08704d7d940dbab9edf051d7419114538,913,False,retained per-fit or table-level convergence evidence source or auxiliary family-index input,retained experiment pipeline; indexed by generate_manuscript_convergence_audit.py
convergence_and_environment,runs/hiha_dc_hladrhi_cdc2_seed1_report_leave_one_HIHA_DC/transport/full_reference_control/hiha_harmony30_k100/coreot_match_only/transport_manifest.yaml,nan,af358de7166c410bafe5448fcf612b4e62cd2635917988d4ce0fca75985ef22c,943,False,retained per-fit or table-level convergence evidence source or auxiliary family-index input,retained experiment pipeline; indexed by generate_manuscript_convergence_audit.py
convergence_and_environment,runs/hiha_dc_hladrhi_cdc2_seed1_report_leave_one_HIHA_DC/transport/incomplete_reference/hiha_harmony30_k100/coreot_full/transport_manifest.yaml,nan,e642be7de9ef9b85a05427ae249d949b92dc6ee72f33a2212bff49e9e216dd67,906,False,retained per-fit or table-level convergence evidence source or auxiliary family-index input,retained experiment pipeline; indexed by generate_manuscript_convergence_audit.py
convergence_and_environment,runs/hiha_dc_hladrhi_cdc2_seed1_report_leave_one_HIHA_DC/transport/incomplete_reference/hiha_harmony30_k100/coreot_match_only/transport_manifest.yaml,nan,c1bfcff1f228411e483a9c580c94be708cd4fdabb36c1f4fc4f44a223ca26b09,936,False,retained per-fit or table-level convergence evidence source or auxiliary family-index input,retained experiment pipeline; indexed by generate_manuscript_convergence_audit.py
convergence_and_environment,runs/hiha_dc_hladrhi_cdc2_seed1_tau05_uniform/transport/full_reference_control/hiha_harmony30_k100/uniform_uot/transport_manifest.yaml,nan,1ceaf1b2435530646a38cf921ad1f5ac1ce068174fb282c8c33976a4614d9937,871,False,retained per-fit or table-level convergence evidence source or auxiliary family-index input,retained experiment pipeline; indexed by generate_manuscript_convergence_audit.py
convergence_and_environment,runs/hiha_dc_hladrhi_cdc2_seed1_tau05_uniform/transport/incomplete_reference/hiha_harmony30_k100/uniform_uot/transport_manifest.yaml,nan,631b74ab18e93d8c578d08e6426eeb689df1bdc39464eead0daa6f5768dc56bc,862,False,retained per-fit or table-level convergence evidence source or auxiliary family-index input,retained experiment pipeline; indexed by generate_manuscript_convergence_audit.py
convergence_and_environment,runs/hiha_dc_hladrhi_cdc2_seed1_taumin1_taumax2_alpha2_coreot_full/transport/incomplete_reference/hiha_harmony30_k100/coreot_full/transport_manifest.yaml,nan,4ef8687ca6d90bfa5874c562f97fc0f0f869482d9d12d03c7de2eb8f707e12ff,944,False,retained per-fit or table-level convergence evidence source or auxiliary family-index input,retained experiment pipeline; indexed by generate_manuscript_convergence_audit.py
convergence_and_environment,runs/hiha_dc_hladrhi_cdc2_seed1_taumin1_taumax2p5_alpha2_coreot_full/transport/incomplete_reference/hiha_harmony30_k100/coreot_full/transport_manifest.yaml,nan,e24e6703ec4a92d1073918eca21d35e79b33bd942f6bdbace3d35ff711230d2a,954,False,retained per-fit or table-level convergence evidence source or auxiliary family-index input,retained experiment pipeline; indexed by generate_manuscript_convergence_audit.py
convergence_and_environment,runs/hiha_dc_hladrhi_cdc2_seed1_taumin1_taumax3_alpha2_coreot_full/transport/incomplete_reference/hiha_harmony30_k100/coreot_full/transport_manifest.yaml,nan,913407e550494bb6686413031baf4e8fac6f3b99ec43f81f49e0c8f955c7ed76,944,False,retained per-fit or table-level convergence evidence source or auxiliary family-index input,retained experiment pipeline; indexed by generate_manuscript_convergence_audit.py
convergence_and_environment,runs/hiha_dc_hladrhi_cdc2_seed1_taumin1p5_taumax2_alpha2_coreot_full/transport/incomplete_reference/hiha_harmony30_k100/coreot_full/transport_manifest.yaml,nan,e527b941d7fa1cdc13320d52334613f3bdfe8599fa5ad733c65222da6f83aff0,954,False,retained per-fit or table-level convergence evidence source or auxiliary family-index input,retained experiment pipeline; indexed by generate_manuscript_convergence_audit.py
convergence_and_environment,runs/hiha_dc_hladrhi_cdc2_seed1_taumin1p5_taumax2p5_alpha2_coreot_full/transport/incomplete_reference/hiha_harmony30_k100/coreot_full/transport_manifest.yaml,nan,f3c0553410fbf80773e3695ea0b11ac48bf75d87e0760955612f4f993adc103a,960,False,retained per-fit or table-level convergence evidence source or auxiliary family-index input,retained experiment pipeline; indexed by generate_manuscript_convergence_audit.py
convergence_and_environment,runs/hiha_dc_hladrhi_cdc2_seed1_taumin1p5_taumax3_alpha2_coreot_full/transport/incomplete_reference/hiha_harmony30_k100/coreot_full/transport_manifest.yaml,nan,3a9321e0a175e4b24ec77003f8416f52b47ed15e2810b42bed1de409f2bdf8a8,954,False,retained per-fit or table-level convergence evidence source or auxiliary family-index input,retained experiment pipeline; indexed by generate_manuscript_convergence_audit.py
convergence_and_environment,runs/hiha_dc_hladrhi_cdc2_seed1_taumin2_taumax2_alpha2_coreot_full/transport/incomplete_reference/hiha_harmony30_k100/coreot_full/transport_manifest.yaml,nan,d35a20fa73758dee59c84239a0ebf5754afd1e286ea1a13fcb7fff85e24ba629,947,False,retained per-fit or table-level convergence evidence source or auxiliary family-index input,retained experiment pipeline; indexed by generate_manuscript_convergence_audit.py
convergence_and_environment,runs/hiha_dc_hladrhi_cdc2_seed1_taumin2_taumax2p5_alpha2_coreot_full/transport/incomplete_reference/hiha_harmony30_k100/coreot_full/transport_manifest.yaml,nan,8296bda44706bdb895f18dbea4d9623fca74a597001a2563dc05e8e7f17815a5,954,False,retained per-fit or table-level convergence evidence source or auxiliary family-index input,retained experiment pipeline; indexed by generate_manuscript_convergence_audit.py
convergence_and_environment,runs/hiha_dc_hladrhi_cdc2_seed1_taumin2_taumax3_alpha2_coreot_full/transport/incomplete_reference/hiha_harmony30_k100/coreot_full/transport_manifest.yaml,nan,70aa9b685e72bf950e936e9ce8ac3a1c5a7aa6374aacface9d0adf6700f07dd4,943,False,retained per-fit or table-level convergence evidence source or auxiliary family-index input,retained experiment pipeline; indexed by generate_manuscript_convergence_audit.py
convergence_and_environment,runs/hiha_dc_hladrhi_cdc2_seed2_report_leave_one_HIHA_DC/transport/full_reference_control/hiha_harmony30_k100/coreot_full/transport_manifest.yaml,nan,aab3f5c47e6177f1d530e3804f4c500cc203a6f2e550d70f1ca97a0387c9de0a,913,False,retained per-fit or table-level convergence evidence source or auxiliary family-index input,retained experiment pipeline; indexed by generate_manuscript_convergence_audit.py
convergence_and_environment,runs/hiha_dc_hladrhi_cdc2_seed2_report_leave_one_HIHA_DC/transport/full_reference_control/hiha_harmony30_k100/coreot_match_only/transport_manifest.yaml,nan,9ab13bd682d101acf9810e037ffa41ee0190fda64747b16b065c7c99bc2f0469,943,False,retained per-fit or table-level convergence evidence source or auxiliary family-index input,retained experiment pipeline; indexed by generate_manuscript_convergence_audit.py
convergence_and_environment,runs/hiha_dc_hladrhi_cdc2_seed2_report_leave_one_HIHA_DC/transport/incomplete_reference/hiha_harmony30_k100/coreot_full/transport_manifest.yaml,nan,c1d44b18b0fd773a5c8f04b3c42c28f70d46aea87520a287cb2b68041d579cd7,905,False,retained per-fit or table-level convergence evidence source or auxiliary family-index input,retained experiment pipeline; indexed by generate_manuscript_convergence_audit.py
convergence_and_environment,runs/hiha_dc_hladrhi_cdc2_seed2_report_leave_one_HIHA_DC/transport/incomplete_reference/hiha_harmony30_k100/coreot_match_only/transport_manifest.yaml,nan,f3c689f1793e58cc409aaba84eee7a0e97929588144713fb3bf721938af5c127,935,False,retained per-fit or table-level convergence evidence source or auxiliary family-index input,retained experiment pipeline; indexed by generate_manuscript_convergence_audit.py
convergence_and_environment,runs/hiha_dc_hladrhi_cdc2_seed2_tau05_uniform/transport/full_reference_control/hiha_harmony30_k100/uniform_uot/transport_manifest.yaml,nan,165b411410893e31af12cae0e1560cd71f11f303c363b83f14e4e982464f1f4b,871,False,retained per-fit or table-level convergence evidence source or auxiliary family-index input,retained experiment pipeline; indexed by generate_manuscript_convergence_audit.py
convergence_and_environment,runs/hiha_dc_hladrhi_cdc2_seed2_tau05_uniform/transport/incomplete_reference/hiha_harmony30_k100/uniform_uot/transport_manifest.yaml,nan,1c4d16f7fb37110e5c073c0f9338fcfce258498fd2088c9675e20a1326315c34,863,False,retained per-fit or table-level convergence evidence source or auxiliary family-index input,retained experiment pipeline; indexed by generate_manuscript_convergence_audit.py
convergence_and_environment,runs/hiha_dc_hladrhi_cdc2_seed2_taumin1_taumax2_alpha2_coreot_full/transport/incomplete_reference/hiha_harmony30_k100/coreot_full/transport_manifest.yaml,nan,853071c9e846034c74f54d775cabff2bc3cc5bdba1465c898f7fe32623bccc2f,944,False,retained per-fit or table-level convergence evidence source or auxiliary family-index input,retained experiment pipeline; indexed by generate_manuscript_convergence_audit.py
convergence_and_environment,runs/hiha_dc_hladrhi_cdc2_seed2_taumin1_taumax2p5_alpha2_coreot_full/transport/incomplete_reference/hiha_harmony30_k100/coreot_full/transport_manifest.yaml,nan,26e23afa19324276192eb3ea58aaca1226c11e50ba20c90aa2f60e453fc0339e,953,False,retained per-fit or table-level convergence evidence source or auxiliary family-index input,retained experiment pipeline; indexed by generate_manuscript_convergence_audit.py
convergence_and_environment,runs/hiha_dc_hladrhi_cdc2_seed2_taumin1_taumax3_alpha2_coreot_full/transport/incomplete_reference/hiha_harmony30_k100/coreot_full/transport_manifest.yaml,nan,5a82973a44c4fa99b3d87fec557468f8484a643c0bc642247bafeeb03a184b1a,944,False,retained per-fit or table-level convergence evidence source or auxiliary family-index input,retained experiment pipeline; indexed by generate_manuscript_convergence_audit.py
convergence_and_environment,runs/hiha_dc_hladrhi_cdc2_seed2_taumin1p5_taumax2_alpha2_coreot_full/transport/incomplete_reference/hiha_harmony30_k100/coreot_full/transport_manifest.yaml,nan,6fea99e2b35e2ae747e0dd00de77395f7082f7316f4f41fee8c7fa75fcbae19e,952,False,retained per-fit or table-level convergence evidence source or auxiliary family-index input,retained experiment pipeline; indexed by generate_manuscript_convergence_audit.py
convergence_and_environment,runs/hiha_dc_hladrhi_cdc2_seed2_taumin1p5_taumax2p5_alpha2_coreot_full/transport/incomplete_reference/hiha_harmony30_k100/coreot_full/transport_manifest.yaml,nan,336dd44c696b964bc9bbbd834713bdc4ebbb2f3e6d62992573db31cf842c88bf,960,False,retained per-fit or table-level convergence evidence source or auxiliary family-index input,retained experiment pipeline; indexed by generate_manuscript_convergence_audit.py
convergence_and_environment,runs/hiha_dc_hladrhi_cdc2_seed2_taumin1p5_taumax3_alpha2_coreot_full/transport/incomplete_reference/hiha_harmony30_k100/coreot_full/transport_manifest.yaml,nan,dffb79faa9a8ba02b5a7646ce26ad85aad0c4dc83f003275a4d41b844a3b9ae4,953,False,retained per-fit or table-level convergence evidence source or auxiliary family-index input,retained experiment pipeline; indexed by generate_manuscript_convergence_audit.py
convergence_and_environment,runs/hiha_dc_hladrhi_cdc2_seed2_taumin2_taumax2_alpha2_coreot_full/transport/incomplete_reference/hiha_harmony30_k100/coreot_full/transport_manifest.yaml,nan,d14017fd2f8206fb9334b661f63ab272faff16505f13c285dfb234514e4592b9,947,False,retained per-fit or table-level convergence evidence source or auxiliary family-index input,retained experiment pipeline; indexed by generate_manuscript_convergence_audit.py
convergence_and_environment,runs/hiha_dc_hladrhi_cdc2_seed2_taumin2_taumax2p5_alpha2_coreot_full/transport/incomplete_reference/hiha_harmony30_k100/coreot_full/transport_manifest.yaml,nan,197f9eb3d655df90359f575cfeef4edc6f139e0e6bc8c59baf7d77d857a87598,953,False,retained per-fit or table-level convergence evidence source or auxiliary family-index input,retained experiment pipeline; indexed by generate_manuscript_convergence_audit.py
convergence_and_environment,runs/hiha_dc_hladrhi_cdc2_seed2_taumin2_taumax3_alpha2_coreot_full/transport/incomplete_reference/hiha_harmony30_k100/coreot_full/transport_manifest.yaml,nan,619053d17e207bcbdf6ecdb0e9266239499731632978afd5b5a5f42de427511a,944,False,retained per-fit or table-level convergence evidence source or auxiliary family-index input,retained experiment pipeline; indexed by generate_manuscript_convergence_audit.py
convergence_and_environment,runs/hiha_dc_hladrhi_cdc2_seed3_report_leave_one_HIHA_DC/transport/full_reference_control/hiha_harmony30_k100/coreot_full/transport_manifest.yaml,nan,c73b13fccfa548420d78e51c830d2a40167cd42c6a8334a57bf8e226a0133da4,901,False,retained per-fit or table-level convergence evidence source or auxiliary family-index input,retained experiment pipeline; indexed by generate_manuscript_convergence_audit.py
convergence_and_environment,runs/hiha_dc_hladrhi_cdc2_seed3_report_leave_one_HIHA_DC/transport/full_reference_control/hiha_harmony30_k100/coreot_match_only/transport_manifest.yaml,nan,015fb016295312bf36c093aae0c87dfd2d32faf5f9114982cf5f26e1ce14c772,931,False,retained per-fit or table-level convergence evidence source or auxiliary family-index input,retained experiment pipeline; indexed by generate_manuscript_convergence_audit.py
convergence_and_environment,runs/hiha_dc_hladrhi_cdc2_seed3_report_leave_one_HIHA_DC/transport/incomplete_reference/hiha_harmony30_k100/coreot_full/transport_manifest.yaml,nan,d5fd0a3fde6880a169500b7f8d45fb7eb21ea7315dd155838b497d23f068b6f5,893,False,retained per-fit or table-level convergence evidence source or auxiliary family-index input,retained experiment pipeline; indexed by generate_manuscript_convergence_audit.py
convergence_and_environment,runs/hiha_dc_hladrhi_cdc2_seed3_report_leave_one_HIHA_DC/transport/incomplete_reference/hiha_harmony30_k100/coreot_match_only/transport_manifest.yaml,nan,0f04c435cd79e29e8d39fa2eb11f404cc10da6cee6d43a59a1e3b643ba4eb655,923,False,retained per-fit or table-level convergence evidence source or auxiliary family-index input,retained experiment pipeline; indexed by generate_manuscript_convergence_audit.py
convergence_and_environment,runs/hiha_dc_hladrhi_cdc2_seed3_tau05_uniform/transport/full_reference_control/hiha_harmony30_k100/uniform_uot/transport_manifest.yaml,nan,159b16ee919031dbd3be42bbeace153ddaf741f4527055ff371dae77b44eb93d,870,False,retained per-fit or table-level convergence evidence source or auxiliary family-index input,retained experiment pipeline; indexed by generate_manuscript_convergence_audit.py
convergence_and_environment,runs/hiha_dc_hladrhi_cdc2_seed3_tau05_uniform/transport/incomplete_reference/hiha_harmony30_k100/uniform_uot/transport_manifest.yaml,nan,03d860631d72113ae441b057670bc7eb67e0a2586449940ef077b28e2442b517,863,False,retained per-fit or table-level convergence evidence source or auxiliary family-index input,retained experiment pipeline; indexed by generate_manuscript_convergence_audit.py
convergence_and_environment,runs/hiha_dc_hladrhi_cdc2_seed3_taumin1_taumax2_alpha2_coreot_full/transport/incomplete_reference/hiha_harmony30_k100/coreot_full/transport_manifest.yaml,nan,d566aac424edcd11ce892131971ef3f032b9469f622a74c2364a44bd3d883230,931,False,retained per-fit or table-level convergence evidence source or auxiliary family-index input,retained experiment pipeline; indexed by generate_manuscript_convergence_audit.py
convergence_and_environment,runs/hiha_dc_hladrhi_cdc2_seed3_taumin1_taumax2p5_alpha2_coreot_full/transport/incomplete_reference/hiha_harmony30_k100/coreot_full/transport_manifest.yaml,nan,59b2af96ccb2abdad6f850d7403b54bc46d8070a4b801108c3e24df1568a5d79,941,False,retained per-fit or table-level convergence evidence source or auxiliary family-index input,retained experiment pipeline; indexed by generate_manuscript_convergence_audit.py
convergence_and_environment,runs/hiha_dc_hladrhi_cdc2_seed3_taumin1_taumax3_alpha2_coreot_full/transport/incomplete_reference/hiha_harmony30_k100/coreot_full/transport_manifest.yaml,nan,fe41e91957c448324b5d118410ac274bbdf695aa3460e4b0c1ff355edfffa6aa,929,False,retained per-fit or table-level convergence evidence source or auxiliary family-index input,retained experiment pipeline; indexed by generate_manuscript_convergence_audit.py
convergence_and_environment,runs/hiha_dc_hladrhi_cdc2_seed3_taumin1p5_taumax2_alpha2_coreot_full/transport/incomplete_reference/hiha_harmony30_k100/coreot_full/transport_manifest.yaml,nan,25c0e582083155b089d3068a889a575c1fe204358acf6a294bad646ffa84fd54,941,False,retained per-fit or table-level convergence evidence source or auxiliary family-index input,retained experiment pipeline; indexed by generate_manuscript_convergence_audit.py
convergence_and_environment,runs/hiha_dc_hladrhi_cdc2_seed3_taumin1p5_taumax2p5_alpha2_coreot_full/transport/incomplete_reference/hiha_harmony30_k100/coreot_full/transport_manifest.yaml,nan,a4adba2cf79e66503f232e4f658789c619f42d6c258224c1b022e99608d23752,947,False,retained per-fit or table-level convergence evidence source or auxiliary family-index input,retained experiment pipeline; indexed by generate_manuscript_convergence_audit.py
convergence_and_environment,runs/hiha_dc_hladrhi_cdc2_seed3_taumin1p5_taumax3_alpha2_coreot_full/transport/incomplete_reference/hiha_harmony30_k100/coreot_full/transport_manifest.yaml,nan,e14d160d0fce40a998f026b82244fd192f178d3eacac69711d8a7576c10ed9a1,941,False,retained per-fit or table-level convergence evidence source or auxiliary family-index input,retained experiment pipeline; indexed by generate_manuscript_convergence_audit.py
convergence_and_environment,runs/hiha_dc_hladrhi_cdc2_seed3_taumin2_taumax2_alpha2_coreot_full/transport/incomplete_reference/hiha_harmony30_k100/coreot_full/transport_manifest.yaml,nan,714e7e2daa73f801b6fc43ce1e4c9880741eeccb33d0ff1c1e431e643c7e7cb0,947,False,retained per-fit or table-level convergence evidence source or auxiliary family-index input,retained experiment pipeline; indexed by generate_manuscript_convergence_audit.py
convergence_and_environment,runs/hiha_dc_hladrhi_cdc2_seed3_taumin2_taumax2p5_alpha2_coreot_full/transport/incomplete_reference/hiha_harmony30_k100/coreot_full/transport_manifest.yaml,nan,175b3359a7b744b8063523b21d7cc6efc09320d300466aa52b57e38b9f7a4672,941,False,retained per-fit or table-level convergence evidence source or auxiliary family-index input,retained experiment pipeline; indexed by generate_manuscript_convergence_audit.py
convergence_and_environment,runs/hiha_dc_hladrhi_cdc2_seed3_taumin2_taumax3_alpha2_coreot_full/transport/incomplete_reference/hiha_harmony30_k100/coreot_full/transport_manifest.yaml,nan,463dd29078f40329e5f7a6f08796e1057cb40da0cfb340a1b7b58e970a27a1e5,931,False,retained per-fit or table-level convergence evidence source or auxiliary family-index input,retained experiment pipeline; indexed by generate_manuscript_convergence_audit.py
convergence_and_environment,runs/hiha_dc_hladrhi_cdc2_seed4_report_leave_one_HIHA_DC/transport/full_reference_control/hiha_harmony30_k100/coreot_full/transport_manifest.yaml,nan,0280428f8718f01c6c8eb6772608ba138504dc678efc64fb8db0958ab26fb4ac,913,False,retained per-fit or table-level convergence evidence source or auxiliary family-index input,retained experiment pipeline; indexed by generate_manuscript_convergence_audit.py
convergence_and_environment,runs/hiha_dc_hladrhi_cdc2_seed4_report_leave_one_HIHA_DC/transport/full_reference_control/hiha_harmony30_k100/coreot_match_only/transport_manifest.yaml,nan,5a42b8525a7b751c622f7501117cc6193c89f68a52243c52e904c11fdbe6eb89,943,False,retained per-fit or table-level convergence evidence source or auxiliary family-index input,retained experiment pipeline; indexed by generate_manuscript_convergence_audit.py
convergence_and_environment,runs/hiha_dc_hladrhi_cdc2_seed4_report_leave_one_HIHA_DC/transport/incomplete_reference/hiha_harmony30_k100/coreot_full/transport_manifest.yaml,nan,578d1eb2a85e7cb7286b84a2b9919c21729c4d187cd5d56902dec3ec8d7e8cc8,905,False,retained per-fit or table-level convergence evidence source or auxiliary family-index input,retained experiment pipeline; indexed by generate_manuscript_convergence_audit.py
convergence_and_environment,runs/hiha_dc_hladrhi_cdc2_seed4_report_leave_one_HIHA_DC/transport/incomplete_reference/hiha_harmony30_k100/coreot_match_only/transport_manifest.yaml,nan,7eaefa68b778be42960ce759108f5b0e7772b71ba1350652a7abaeb6b101c078,935,False,retained per-fit or table-level convergence evidence source or auxiliary family-index input,retained experiment pipeline; indexed by generate_manuscript_convergence_audit.py
convergence_and_environment,runs/hiha_dc_hladrhi_cdc2_seed4_tau05_uniform/transport/full_reference_control/hiha_harmony30_k100/uniform_uot/transport_manifest.yaml,nan,161cbdab6b52138b4535db3930a01360e9831b2dcb31b0af788dd89d25609f6d,871,False,retained per-fit or table-level convergence evidence source or auxiliary family-index input,retained experiment pipeline; indexed by generate_manuscript_convergence_audit.py
convergence_and_environment,runs/hiha_dc_hladrhi_cdc2_seed4_tau05_uniform/transport/incomplete_reference/hiha_harmony30_k100/uniform_uot/transport_manifest.yaml,nan,792c0fa9e83fd74b43e1174a9c01d269e6da45222fff3954389b990ab405c783,863,False,retained per-fit or table-level convergence evidence source or auxiliary family-index input,retained experiment pipeline; indexed by generate_manuscript_convergence_audit.py
convergence_and_environment,runs/hiha_dc_hladrhi_cdc2_seed4_taumin1_taumax2_alpha2_coreot_full/transport/incomplete_reference/hiha_harmony30_k100/coreot_full/transport_manifest.yaml,nan,51183613c0bba7090d319bb4fd756465b04b4ab19601ffb7e1c34e1c69aa36d9,944,False,retained per-fit or table-level convergence evidence source or auxiliary family-index input,retained experiment pipeline; indexed by generate_manuscript_convergence_audit.py
convergence_and_environment,runs/hiha_dc_hladrhi_cdc2_seed4_taumin1_taumax2p5_alpha2_coreot_full/transport/incomplete_reference/hiha_harmony30_k100/coreot_full/transport_manifest.yaml,nan,33707e88a7c949e9890efb01b0cf5277366d14cb44b4f8f5a50c22fb963dfd1e,953,False,retained per-fit or table-level convergence evidence source or auxiliary family-index input,retained experiment pipeline; indexed by generate_manuscript_convergence_audit.py
convergence_and_environment,runs/hiha_dc_hladrhi_cdc2_seed4_taumin1_taumax3_alpha2_coreot_full/transport/incomplete_reference/hiha_harmony30_k100/coreot_full/transport_manifest.yaml,nan,5468f8b2c0b30202a2029b4303a0afad46acd3e349fd59c18c0bc73dc833de82,944,False,retained per-fit or table-level convergence evidence source or auxiliary family-index input,retained experiment pipeline; indexed by generate_manuscript_convergence_audit.py
convergence_and_environment,runs/hiha_dc_hladrhi_cdc2_seed4_taumin1p5_taumax2_alpha2_coreot_full/transport/incomplete_reference/hiha_harmony30_k100/coreot_full/transport_manifest.yaml,nan,4861d9319faa5f6213ce37305779b08302947a605f971e74eb4635ea76b5af99,953,False,retained per-fit or table-level convergence evidence source or auxiliary family-index input,retained experiment pipeline; indexed by generate_manuscript_convergence_audit.py
convergence_and_environment,runs/hiha_dc_hladrhi_cdc2_seed4_taumin1p5_taumax2p5_alpha2_coreot_full/transport/incomplete_reference/hiha_harmony30_k100/coreot_full/transport_manifest.yaml,nan,421cea7660ee4834e67c748cb6c2009fe9225e75c493465d071d03c065d2731a,959,False,retained per-fit or table-level convergence evidence source or auxiliary family-index input,retained experiment pipeline; indexed by generate_manuscript_convergence_audit.py
convergence_and_environment,runs/hiha_dc_hladrhi_cdc2_seed4_taumin1p5_taumax3_alpha2_coreot_full/transport/incomplete_reference/hiha_harmony30_k100/coreot_full/transport_manifest.yaml,nan,6bd46682f9809b0523f7439241c4767e828341bfb8ace262cc2465e03ff26272,953,False,retained per-fit or table-level convergence evidence source or auxiliary family-index input,retained experiment pipeline; indexed by generate_manuscript_convergence_audit.py
convergence_and_environment,runs/hiha_dc_hladrhi_cdc2_seed4_taumin2_taumax2_alpha2_coreot_full/transport/incomplete_reference/hiha_harmony30_k100/coreot_full/transport_manifest.yaml,nan,cc3fb228eb1a224b4eb102aae6e632f521482c8e69db5e366023f5702a077adf,947,False,retained per-fit or table-level convergence evidence source or auxiliary family-index input,retained experiment pipeline; indexed by generate_manuscript_convergence_audit.py
convergence_and_environment,runs/hiha_dc_hladrhi_cdc2_seed4_taumin2_taumax2p5_alpha2_coreot_full/transport/incomplete_reference/hiha_harmony30_k100/coreot_full/transport_manifest.yaml,nan,42bb4cfcfc7f4fa1e2a00e739c13151b3d9e45d911434bb3bd245c8df65b46cd,953,False,retained per-fit or table-level convergence evidence source or auxiliary family-index input,retained experiment pipeline; indexed by generate_manuscript_convergence_audit.py
convergence_and_environment,runs/hiha_dc_hladrhi_cdc2_seed4_taumin2_taumax3_alpha2_coreot_full/transport/incomplete_reference/hiha_harmony30_k100/coreot_full/transport_manifest.yaml,nan,83cf9c4b7a681325f901ff4d2047ece66ec0ef575e23e27d3c60b4bdc9d90125,944,False,retained per-fit or table-level convergence evidence source or auxiliary family-index input,retained experiment pipeline; indexed by generate_manuscript_convergence_audit.py
convergence_and_environment,runs/hiha_dc_hladrhi_cdc2_seed5_report_leave_one_HIHA_DC/transport/full_reference_control/hiha_harmony30_k100/coreot_full/transport_manifest.yaml,nan,7b29c876b688b7db288a09afcd221ab2d01d6e1a9fb1f028d8ee72c1bf73abe8,913,False,retained per-fit or table-level convergence evidence source or auxiliary family-index input,retained experiment pipeline; indexed by generate_manuscript_convergence_audit.py
convergence_and_environment,runs/hiha_dc_hladrhi_cdc2_seed5_report_leave_one_HIHA_DC/transport/full_reference_control/hiha_harmony30_k100/coreot_match_only/transport_manifest.yaml,nan,ec6afcfac024298d2e940fe38262c1101757c951dddbbf607ebfa8902feee0a2,943,False,retained per-fit or table-level convergence evidence source or auxiliary family-index input,retained experiment pipeline; indexed by generate_manuscript_convergence_audit.py
convergence_and_environment,runs/hiha_dc_hladrhi_cdc2_seed5_report_leave_one_HIHA_DC/transport/incomplete_reference/hiha_harmony30_k100/coreot_full/transport_manifest.yaml,nan,dfc38319e58a0081ae1681cc8859808dc730f492ff10faf462284ffcbeb88b05,905,False,retained per-fit or table-level convergence evidence source or auxiliary family-index input,retained experiment pipeline; indexed by generate_manuscript_convergence_audit.py
convergence_and_environment,runs/hiha_dc_hladrhi_cdc2_seed5_report_leave_one_HIHA_DC/transport/incomplete_reference/hiha_harmony30_k100/coreot_match_only/transport_manifest.yaml,nan,685c6528d560c6c618745bae4ae5f83183f56a335a1cea057ba187aa54cf67d2,935,False,retained per-fit or table-level convergence evidence source or auxiliary family-index input,retained experiment pipeline; indexed by generate_manuscript_convergence_audit.py
convergence_and_environment,runs/hiha_dc_hladrhi_cdc2_seed5_tau05_uniform/transport/full_reference_control/hiha_harmony30_k100/uniform_uot/transport_manifest.yaml,nan,58c746b3e25be04d9c8f48f6e53b8dfbf48b68cce17c713034f035e6f5c60e7e,871,False,retained per-fit or table-level convergence evidence source or auxiliary family-index input,retained experiment pipeline; indexed by generate_manuscript_convergence_audit.py
convergence_and_environment,runs/hiha_dc_hladrhi_cdc2_seed5_tau05_uniform/transport/incomplete_reference/hiha_harmony30_k100/uniform_uot/transport_manifest.yaml,nan,685dd1f1c33837c5c9b24f51fa492feb336b54a0855767ca80b94eb3113a33c7,863,False,retained per-fit or table-level convergence evidence source or auxiliary family-index input,retained experiment pipeline; indexed by generate_manuscript_convergence_audit.py
convergence_and_environment,runs/hiha_dc_hladrhi_cdc2_seed5_taumin1_taumax2_alpha2_coreot_full/transport/incomplete_reference/hiha_harmony30_k100/coreot_full/transport_manifest.yaml,nan,6192fcaad5663bb4ba89583627f9b2925a9a5b3f422690fc9c111bb25d24c337,945,False,retained per-fit or table-level convergence evidence source or auxiliary family-index input,retained experiment pipeline; indexed by generate_manuscript_convergence_audit.py
convergence_and_environment,runs/hiha_dc_hladrhi_cdc2_seed5_taumin1_taumax2p5_alpha2_coreot_full/transport/incomplete_reference/hiha_harmony30_k100/coreot_full/transport_manifest.yaml,nan,9a3dae37c030f7bb875f1971d9bc43a40d2f207d6e727567d7a050aed99fa212,954,False,retained per-fit or table-level convergence evidence source or auxiliary family-index input,retained experiment pipeline; indexed by generate_manuscript_convergence_audit.py
convergence_and_environment,runs/hiha_dc_hladrhi_cdc2_seed5_taumin1_taumax3_alpha2_coreot_full/transport/incomplete_reference/hiha_harmony30_k100/coreot_full/transport_manifest.yaml,nan,93a04c67c5e1b01dad7b643d841b152fb19c3e8ba380807affc916dae8d2cef0,944,False,retained per-fit or table-level convergence evidence source or auxiliary family-index input,retained experiment pipeline; indexed by generate_manuscript_convergence_audit.py
convergence_and_environment,runs/hiha_dc_hladrhi_cdc2_seed5_taumin1p5_taumax2_alpha2_coreot_full/transport/incomplete_reference/hiha_harmony30_k100/coreot_full/transport_manifest.yaml,nan,bf3e108942f09877ca68f1fb17385b88ff9942f346e2ffb7153d5172833c37d1,954,False,retained per-fit or table-level convergence evidence source or auxiliary family-index input,retained experiment pipeline; indexed by generate_manuscript_convergence_audit.py
convergence_and_environment,runs/hiha_dc_hladrhi_cdc2_seed5_taumin1p5_taumax2p5_alpha2_coreot_full/transport/incomplete_reference/hiha_harmony30_k100/coreot_full/transport_manifest.yaml,nan,9a8c123fb06fa434c889d95256c9de72171ed0c9f7db6285b5ae10c1bfea7f51,961,False,retained per-fit or table-level convergence evidence source or auxiliary family-index input,retained experiment pipeline; indexed by generate_manuscript_convergence_audit.py
convergence_and_environment,runs/hiha_dc_hladrhi_cdc2_seed5_taumin1p5_taumax3_alpha2_coreot_full/transport/incomplete_reference/hiha_harmony30_k100/coreot_full/transport_manifest.yaml,nan,1b33a170af4585e34ae92c135bbb119539bd6350eb6edecc0951e78fb5d24e07,954,False,retained per-fit or table-level convergence evidence source or auxiliary family-index input,retained experiment pipeline; indexed by generate_manuscript_convergence_audit.py
convergence_and_environment,runs/hiha_dc_hladrhi_cdc2_seed5_taumin2_taumax2_alpha2_coreot_full/transport/incomplete_reference/hiha_harmony30_k100/coreot_full/transport_manifest.yaml,nan,8edb630ec5d16ca1e2d04b2e4bcd1c63d21487e8bc0a24180b4e7ae14c9aeb0c,947,False,retained per-fit or table-level convergence evidence source or auxiliary family-index input,retained experiment pipeline; indexed by generate_manuscript_convergence_audit.py
convergence_and_environment,runs/hiha_dc_hladrhi_cdc2_seed5_taumin2_taumax2p5_alpha2_coreot_full/transport/incomplete_reference/hiha_harmony30_k100/coreot_full/transport_manifest.yaml,nan,5f4006bf3eb24fbdfb21bd861a87f58be05b05aeb256000e18d658aa797fe7b0,953,False,retained per-fit or table-level convergence evidence source or auxiliary family-index input,retained experiment pipeline; indexed by generate_manuscript_convergence_audit.py
convergence_and_environment,runs/hiha_dc_hladrhi_cdc2_seed5_taumin2_taumax3_alpha2_coreot_full/transport/incomplete_reference/hiha_harmony30_k100/coreot_full/transport_manifest.yaml,nan,62b9efbeaddf4a093971f156a36d958f8260f1143ca493f1df0db719f4b71588,945,False,retained per-fit or table-level convergence evidence source or auxiliary family-index input,retained experiment pipeline; indexed by generate_manuscript_convergence_audit.py
convergence_and_environment,runs/hiha_dc_isg_cdc2_seed1_report_leave_one_HIHA_DC/transport/full_reference_control/hiha_harmony30_k100/coreot_full/transport_manifest.yaml,nan,2c420aa7aadf9491ae0001e428c32985d272917f38ed64b45ca3954058fe778c,901,False,retained per-fit or table-level convergence evidence source or auxiliary family-index input,retained experiment pipeline; indexed by generate_manuscript_convergence_audit.py
convergence_and_environment,runs/hiha_dc_isg_cdc2_seed1_report_leave_one_HIHA_DC/transport/full_reference_control/hiha_harmony30_k100/coreot_match_only/transport_manifest.yaml,nan,a13330acc48b9887722b8ecc64b5ba48202d692131364ed528cbaedbfd78c441,930,False,retained per-fit or table-level convergence evidence source or auxiliary family-index input,retained experiment pipeline; indexed by generate_manuscript_convergence_audit.py
convergence_and_environment,runs/hiha_dc_isg_cdc2_seed1_report_leave_one_HIHA_DC/transport/incomplete_reference/hiha_harmony30_k100/coreot_full/transport_manifest.yaml,nan,63e79005d818073cc002a8283a0771a0e720a72dad14f58672587ecdf3eeac5d,893,False,retained per-fit or table-level convergence evidence source or auxiliary family-index input,retained experiment pipeline; indexed by generate_manuscript_convergence_audit.py
convergence_and_environment,runs/hiha_dc_isg_cdc2_seed1_report_leave_one_HIHA_DC/transport/incomplete_reference/hiha_harmony30_k100/coreot_match_only/transport_manifest.yaml,nan,34ba8e806101487d03536f23410c9006cda345afd0c02671e8c995e6a6de03e3,922,False,retained per-fit or table-level convergence evidence source or auxiliary family-index input,retained experiment pipeline; indexed by generate_manuscript_convergence_audit.py
convergence_and_environment,runs/hiha_dc_isg_cdc2_seed1_tau05_uniform/transport/full_reference_control/hiha_harmony30_k100/uniform_uot/transport_manifest.yaml,nan,55c0968c922e9f1c152fe62565eb8197399c5b68253197d2fbd24ec7e652948c,855,False,retained per-fit or table-level convergence evidence source or auxiliary family-index input,retained experiment pipeline; indexed by generate_manuscript_convergence_audit.py
convergence_and_environment,runs/hiha_dc_isg_cdc2_seed1_tau05_uniform/transport/incomplete_reference/hiha_harmony30_k100/uniform_uot/transport_manifest.yaml,nan,636751360c0c160c7f115456d2101891ece13668ca17e5bd33b07a814364af21,847,False,retained per-fit or table-level convergence evidence source or auxiliary family-index input,retained experiment pipeline; indexed by generate_manuscript_convergence_audit.py
convergence_and_environment,runs/hiha_dc_isg_cdc2_seed2_report_leave_one_HIHA_DC/transport/full_reference_control/hiha_harmony30_k100/coreot_full/transport_manifest.yaml,nan,a56b0e0e5505c40ca7e7a0f6cab560c592b56ac56da12ab5b1f9f9441f028236,900,False,retained per-fit or table-level convergence evidence source or auxiliary family-index input,retained experiment pipeline; indexed by generate_manuscript_convergence_audit.py
convergence_and_environment,runs/hiha_dc_isg_cdc2_seed2_report_leave_one_HIHA_DC/transport/full_reference_control/hiha_harmony30_k100/coreot_match_only/transport_manifest.yaml,nan,97a8fe44cd7dba72c5931140fa3c89109367a631f9cab5695a2a002c9c9c77d7,929,False,retained per-fit or table-level convergence evidence source or auxiliary family-index input,retained experiment pipeline; indexed by generate_manuscript_convergence_audit.py
convergence_and_environment,runs/hiha_dc_isg_cdc2_seed2_report_leave_one_HIHA_DC/transport/incomplete_reference/hiha_harmony30_k100/coreot_full/transport_manifest.yaml,nan,75b80cc721b4605303ae2c2ffc18e70d91e4dd62b14cb56408adb5d06422b29d,892,False,retained per-fit or table-level convergence evidence source or auxiliary family-index input,retained experiment pipeline; indexed by generate_manuscript_convergence_audit.py
convergence_and_environment,runs/hiha_dc_isg_cdc2_seed2_report_leave_one_HIHA_DC/transport/incomplete_reference/hiha_harmony30_k100/coreot_match_only/transport_manifest.yaml,nan,916497caa6e79efdb96310ca5ae00e8955275937986c8d796e04b7d508a2e840,921,False,retained per-fit or table-level convergence evidence source or auxiliary family-index input,retained experiment pipeline; indexed by generate_manuscript_convergence_audit.py
convergence_and_environment,runs/hiha_dc_isg_cdc2_seed2_tau05_uniform/transport/full_reference_control/hiha_harmony30_k100/uniform_uot/transport_manifest.yaml,nan,053bd84c1e8e133e36bd04c34529e1c966e3b88575a035d60a0a8319a0470c60,855,False,retained per-fit or table-level convergence evidence source or auxiliary family-index input,retained experiment pipeline; indexed by generate_manuscript_convergence_audit.py
convergence_and_environment,runs/hiha_dc_isg_cdc2_seed2_tau05_uniform/transport/incomplete_reference/hiha_harmony30_k100/uniform_uot/transport_manifest.yaml,nan,5451040b34e357af9ef3e437ef82a3a272ac953bbd9d7ed9a949aaed93ee50ec,847,False,retained per-fit or table-level convergence evidence source or auxiliary family-index input,retained experiment pipeline; indexed by generate_manuscript_convergence_audit.py
convergence_and_environment,runs/hiha_dc_isg_cdc2_seed3_report_leave_one_HIHA_DC/transport/full_reference_control/hiha_harmony30_k100/coreot_full/transport_manifest.yaml,nan,899b0ef4489ea6c70f0f5cac0921511e913928853c46b3862d3d260576ab56d4,890,False,retained per-fit or table-level convergence evidence source or auxiliary family-index input,retained experiment pipeline; indexed by generate_manuscript_convergence_audit.py
convergence_and_environment,runs/hiha_dc_isg_cdc2_seed3_report_leave_one_HIHA_DC/transport/full_reference_control/hiha_harmony30_k100/coreot_match_only/transport_manifest.yaml,nan,03b9f02c9d3ace72bb14e9d9af939088c450d8fa4afd579395b8e5febc33717a,919,False,retained per-fit or table-level convergence evidence source or auxiliary family-index input,retained experiment pipeline; indexed by generate_manuscript_convergence_audit.py
convergence_and_environment,runs/hiha_dc_isg_cdc2_seed3_report_leave_one_HIHA_DC/transport/incomplete_reference/hiha_harmony30_k100/coreot_full/transport_manifest.yaml,nan,88a8be07e993d4b36e59b14cc55dae9a058f1172d2bc3670e5ad5a0fa37ef562,882,False,retained per-fit or table-level convergence evidence source or auxiliary family-index input,retained experiment pipeline; indexed by generate_manuscript_convergence_audit.py
convergence_and_environment,runs/hiha_dc_isg_cdc2_seed3_report_leave_one_HIHA_DC/transport/incomplete_reference/hiha_harmony30_k100/coreot_match_only/transport_manifest.yaml,nan,ff0fa499d23c87e90691c2ee552ff23e7a9fca6f0471778df4804a44820fb52e,911,False,retained per-fit or table-level convergence evidence source or auxiliary family-index input,retained experiment pipeline; indexed by generate_manuscript_convergence_audit.py
convergence_and_environment,runs/hiha_dc_isg_cdc2_seed3_tau05_uniform/transport/full_reference_control/hiha_harmony30_k100/uniform_uot/transport_manifest.yaml,nan,810108a651e0aa8919106fc47ad1ba6f08fa8a98d1046c8c56437fdcb2f7b707,854,False,retained per-fit or table-level convergence evidence source or auxiliary family-index input,retained experiment pipeline; indexed by generate_manuscript_convergence_audit.py
convergence_and_environment,runs/hiha_dc_isg_cdc2_seed3_tau05_uniform/transport/incomplete_reference/hiha_harmony30_k100/uniform_uot/transport_manifest.yaml,nan,3a753b6d57402b885568bef8b297cbca01620f433288908e17a5edb1ac42f2ee,846,False,retained per-fit or table-level convergence evidence source or auxiliary family-index input,retained experiment pipeline; indexed by generate_manuscript_convergence_audit.py
convergence_and_environment,runs/hiha_dc_isg_cdc2_seed4_report_leave_one_HIHA_DC/transport/full_reference_control/hiha_harmony30_k100/coreot_full/transport_manifest.yaml,nan,cf405df02942bc5fe0c8fa8c0c98b60c295198a074d9643188ba46dee8c2c53c,900,False,retained per-fit or table-level convergence evidence source or auxiliary family-index input,retained experiment pipeline; indexed by generate_manuscript_convergence_audit.py
convergence_and_environment,runs/hiha_dc_isg_cdc2_seed4_report_leave_one_HIHA_DC/transport/full_reference_control/hiha_harmony30_k100/coreot_match_only/transport_manifest.yaml,nan,5a61fdd95bb829e01da612069d5c880883a69ed0ac5419c5dc6d56cd7a92db54,929,False,retained per-fit or table-level convergence evidence source or auxiliary family-index input,retained experiment pipeline; indexed by generate_manuscript_convergence_audit.py
convergence_and_environment,runs/hiha_dc_isg_cdc2_seed4_report_leave_one_HIHA_DC/transport/incomplete_reference/hiha_harmony30_k100/coreot_full/transport_manifest.yaml,nan,e680eb72ea3d13d71b175647244d2dc4597e69436abb8aa462dd0b703d634c0f,892,False,retained per-fit or table-level convergence evidence source or auxiliary family-index input,retained experiment pipeline; indexed by generate_manuscript_convergence_audit.py
convergence_and_environment,runs/hiha_dc_isg_cdc2_seed4_report_leave_one_HIHA_DC/transport/incomplete_reference/hiha_harmony30_k100/coreot_match_only/transport_manifest.yaml,nan,8e25daa1df0c2a8f891b14d0664e50c268a647f2fd766103c4898eb3085e0288,921,False,retained per-fit or table-level convergence evidence source or auxiliary family-index input,retained experiment pipeline; indexed by generate_manuscript_convergence_audit.py
convergence_and_environment,runs/hiha_dc_isg_cdc2_seed4_tau05_uniform/transport/full_reference_control/hiha_harmony30_k100/uniform_uot/transport_manifest.yaml,nan,a3a4b6a684f4d82a52b11bba544e2b5dbed280ffe4e460601ca0851f47f2feb7,855,False,retained per-fit or table-level convergence evidence source or auxiliary family-index input,retained experiment pipeline; indexed by generate_manuscript_convergence_audit.py
convergence_and_environment,runs/hiha_dc_isg_cdc2_seed4_tau05_uniform/transport/incomplete_reference/hiha_harmony30_k100/uniform_uot/transport_manifest.yaml,nan,536a31abccbea52d7f795308042264b1c77c9fcda5517eec288762cd9b058ba1,847,False,retained per-fit or table-level convergence evidence source or auxiliary family-index input,retained experiment pipeline; indexed by generate_manuscript_convergence_audit.py
convergence_and_environment,runs/hiha_dc_isg_cdc2_seed5_report_leave_one_HIHA_DC/transport/full_reference_control/hiha_harmony30_k100/coreot_full/transport_manifest.yaml,nan,8997a6c2738b542c6a34ce05fecdc5d22c17ffd88d11a58401731a8127c97aa7,900,False,retained per-fit or table-level convergence evidence source or auxiliary family-index input,retained experiment pipeline; indexed by generate_manuscript_convergence_audit.py
convergence_and_environment,runs/hiha_dc_isg_cdc2_seed5_report_leave_one_HIHA_DC/transport/full_reference_control/hiha_harmony30_k100/coreot_match_only/transport_manifest.yaml,nan,17b06b0ee07e6d6462dfb68d30d96eaf00384eec6e2720952d8f5ae89e2fad3a,929,False,retained per-fit or table-level convergence evidence source or auxiliary family-index input,retained experiment pipeline; indexed by generate_manuscript_convergence_audit.py
convergence_and_environment,runs/hiha_dc_isg_cdc2_seed5_report_leave_one_HIHA_DC/transport/incomplete_reference/hiha_harmony30_k100/coreot_full/transport_manifest.yaml,nan,9d7d14b1d4536346f50bb981e202295cb7b6908caf78b5b50a2b2ffc0920f960,892,False,retained per-fit or table-level convergence evidence source or auxiliary family-index input,retained experiment pipeline; indexed by generate_manuscript_convergence_audit.py
convergence_and_environment,runs/hiha_dc_isg_cdc2_seed5_report_leave_one_HIHA_DC/transport/incomplete_reference/hiha_harmony30_k100/coreot_match_only/transport_manifest.yaml,nan,c152cfdd56e8a6e2bcc81c0d4b60b399eb9b0d9babfba1786146718739e4da29,921,False,retained per-fit or table-level convergence evidence source or auxiliary family-index input,retained experiment pipeline; indexed by generate_manuscript_convergence_audit.py
convergence_and_environment,runs/hiha_dc_isg_cdc2_seed5_tau05_uniform/transport/full_reference_control/hiha_harmony30_k100/uniform_uot/transport_manifest.yaml,nan,77ec2228315a8db72e6d2c0eec74467306c1c28a5c3d5a4a0702ca134007838b,855,False,retained per-fit or table-level convergence evidence source or auxiliary family-index input,retained experiment pipeline; indexed by generate_manuscript_convergence_audit.py
convergence_and_environment,runs/hiha_dc_isg_cdc2_seed5_tau05_uniform/transport/incomplete_reference/hiha_harmony30_k100/uniform_uot/transport_manifest.yaml,nan,39851dc234945173397809f7b79ea836a11e3e2f741e43cea6e8d14ba25f16a9,847,False,retained per-fit or table-level convergence evidence source or auxiliary family-index input,retained experiment pipeline; indexed by generate_manuscript_convergence_audit.py
convergence_and_environment,runs/pbmc_ifnb_b_cells_stim_seed1_taumin0p5_taumax1_alpha4_coreot_full/transport/full_reference_control/pca30_k100/coreot_full/transport_manifest.yaml,nan,6fb2b9448568438611276e9493748fd564b66f316249c8209459de1ecdbcf099,1023,False,retained per-fit or table-level convergence evidence source or auxiliary family-index input,retained experiment pipeline; indexed by generate_manuscript_convergence_audit.py
convergence_and_environment,runs/pbmc_ifnb_b_cells_stim_seed1_taumin0p5_taumax1_alpha4_coreot_full/transport/full_reference_control/pca30_k100/coreot_match_only/transport_manifest.yaml,nan,d6e9c6d33cfb05865897d244823dc9b77aa4a843de6dececac8e2e0a3a6e15c9,1053,False,retained per-fit or table-level convergence evidence source or auxiliary family-index input,retained experiment pipeline; indexed by generate_manuscript_convergence_audit.py
convergence_and_environment,runs/pbmc_ifnb_b_cells_stim_seed1_taumin0p5_taumax1_alpha4_coreot_full/transport/full_reference_control/pca30_k100/uniform_uot/transport_manifest.yaml,nan,71c54531dd444180399ba04a295960071110e153d15e71a222e1ab43f97b821f,1019,False,retained per-fit or table-level convergence evidence source or auxiliary family-index input,retained experiment pipeline; indexed by generate_manuscript_convergence_audit.py
convergence_and_environment,runs/pbmc_ifnb_b_cells_stim_seed1_taumin0p5_taumax1_alpha4_coreot_full/transport/incomplete_reference/pca30_k100/coreot_full/transport_manifest.yaml,nan,84b152d5d4a53c7e1db56f8dfb005622f86072a63c722b3db53ee1be6bb1533d,1015,False,retained per-fit or table-level convergence evidence source or auxiliary family-index input,retained experiment pipeline; indexed by generate_manuscript_convergence_audit.py
convergence_and_environment,runs/pbmc_ifnb_b_cells_stim_seed1_taumin0p5_taumax1_alpha4_coreot_full/transport/incomplete_reference/pca30_k100/coreot_match_only/transport_manifest.yaml,nan,19d99db58a2ca36b4344f433203a67786b90a8b5b92fc6add4e4cbc9f66a5a20,1045,False,retained per-fit or table-level convergence evidence source or auxiliary family-index input,retained experiment pipeline; indexed by generate_manuscript_convergence_audit.py
convergence_and_environment,runs/pbmc_ifnb_b_cells_stim_seed1_taumin0p5_taumax1_alpha4_coreot_full/transport/incomplete_reference/pca30_k100/uniform_uot/transport_manifest.yaml,nan,2d948c693ccca5cf5530ae9882fd745e11299f6be02adb87a839080a8e5b4a67,1012,False,retained per-fit or table-level convergence evidence source or auxiliary family-index input,retained experiment pipeline; indexed by generate_manuscript_convergence_audit.py
convergence_and_environment,runs/pbmc_ifnb_b_cells_stim_seed2_taumin0p5_taumax1_alpha4_coreot_full/transport/full_reference_control/pca30_k100/coreot_full/transport_manifest.yaml,nan,1d452de19cf635d6e96197d378b3a508a1090782db57fb3d03df5c6cfb87fed2,1032,False,retained per-fit or table-level convergence evidence source or auxiliary family-index input,retained experiment pipeline; indexed by generate_manuscript_convergence_audit.py
convergence_and_environment,runs/pbmc_ifnb_b_cells_stim_seed2_taumin0p5_taumax1_alpha4_coreot_full/transport/full_reference_control/pca30_k100/coreot_match_only/transport_manifest.yaml,nan,634487da6d1d5a06c50d527267fbaeb0e35057137f7c28cf0304ce86e767a961,1062,False,retained per-fit or table-level convergence evidence source or auxiliary family-index input,retained experiment pipeline; indexed by generate_manuscript_convergence_audit.py
convergence_and_environment,runs/pbmc_ifnb_b_cells_stim_seed2_taumin0p5_taumax1_alpha4_coreot_full/transport/full_reference_control/pca30_k100/uniform_uot/transport_manifest.yaml,nan,76c7ed366980a78e02b8ae4d91783288cfef73e3273f781885d998a7b6dbf41c,1020,False,retained per-fit or table-level convergence evidence source or auxiliary family-index input,retained experiment pipeline; indexed by generate_manuscript_convergence_audit.py
convergence_and_environment,runs/pbmc_ifnb_b_cells_stim_seed2_taumin0p5_taumax1_alpha4_coreot_full/transport/incomplete_reference/pca30_k100/coreot_full/transport_manifest.yaml,nan,57299c6e9e014a479a5d02c694e06aae35a7dabc84e25c1de7b592c233d2df09,1024,False,retained per-fit or table-level convergence evidence source or auxiliary family-index input,retained experiment pipeline; indexed by generate_manuscript_convergence_audit.py
convergence_and_environment,runs/pbmc_ifnb_b_cells_stim_seed2_taumin0p5_taumax1_alpha4_coreot_full/transport/incomplete_reference/pca30_k100/coreot_match_only/transport_manifest.yaml,nan,41e2a534405260db9f7538165f14987d367e0ac31a823211d18e02eca42d8345,1054,False,retained per-fit or table-level convergence evidence source or auxiliary family-index input,retained experiment pipeline; indexed by generate_manuscript_convergence_audit.py
convergence_and_environment,runs/pbmc_ifnb_b_cells_stim_seed2_taumin0p5_taumax1_alpha4_coreot_full/transport/incomplete_reference/pca30_k100/uniform_uot/transport_manifest.yaml,nan,0b1b3633827cb1e9a7a3a3ba7514ad30d671b172ea917a9dead4eb4a9b5fd664,1012,False,retained per-fit or table-level convergence evidence source or auxiliary family-index input,retained experiment pipeline; indexed by generate_manuscript_convergence_audit.py
convergence_and_environment,runs/pbmc_ifnb_b_cells_stim_seed3_taumin0p5_taumax1_alpha4_coreot_full/transport/full_reference_control/pca30_k100/coreot_full/transport_manifest.yaml,nan,7245f25c9121f25fc6f09992a5d69e358afd33128cd0d9baace3b666432d630f,1023,False,retained per-fit or table-level convergence evidence source or auxiliary family-index input,retained experiment pipeline; indexed by generate_manuscript_convergence_audit.py
convergence_and_environment,runs/pbmc_ifnb_b_cells_stim_seed3_taumin0p5_taumax1_alpha4_coreot_full/transport/full_reference_control/pca30_k100/coreot_match_only/transport_manifest.yaml,nan,eba32c6898a3a75979c14081c32d0d5a29fa92a2b508f738f4d7bdf93c90c6f0,1053,False,retained per-fit or table-level convergence evidence source or auxiliary family-index input,retained experiment pipeline; indexed by generate_manuscript_convergence_audit.py
convergence_and_environment,runs/pbmc_ifnb_b_cells_stim_seed3_taumin0p5_taumax1_alpha4_coreot_full/transport/full_reference_control/pca30_k100/uniform_uot/transport_manifest.yaml,nan,d8dea5da92862a35c9f520f1c297bdd9c73904962eda50449985a8619a9f3561,1020,False,retained per-fit or table-level convergence evidence source or auxiliary family-index input,retained experiment pipeline; indexed by generate_manuscript_convergence_audit.py
convergence_and_environment,runs/pbmc_ifnb_b_cells_stim_seed3_taumin0p5_taumax1_alpha4_coreot_full/transport/incomplete_reference/pca30_k100/coreot_full/transport_manifest.yaml,nan,100243a4a777022da18910ca0006a38e5570a2c224191d7025f0da74b14e085d,1015,False,retained per-fit or table-level convergence evidence source or auxiliary family-index input,retained experiment pipeline; indexed by generate_manuscript_convergence_audit.py
convergence_and_environment,runs/pbmc_ifnb_b_cells_stim_seed3_taumin0p5_taumax1_alpha4_coreot_full/transport/incomplete_reference/pca30_k100/coreot_match_only/transport_manifest.yaml,nan,a82676e391c4754a48b61f9cf40cd8c910b5588c4c1c6e89ddeab6b497260595,1045,False,retained per-fit or table-level convergence evidence source or auxiliary family-index input,retained experiment pipeline; indexed by generate_manuscript_convergence_audit.py
convergence_and_environment,runs/pbmc_ifnb_b_cells_stim_seed3_taumin0p5_taumax1_alpha4_coreot_full/transport/incomplete_reference/pca30_k100/uniform_uot/transport_manifest.yaml,nan,0b51ca10afeaea75c84136a34ebe4b97573113fd6191579aa876d81ae781c1df,1012,False,retained per-fit or table-level convergence evidence source or auxiliary family-index input,retained experiment pipeline; indexed by generate_manuscript_convergence_audit.py
convergence_and_environment,runs/pbmc_ifnb_b_cells_stim_seed4_taumin0p5_taumax1_alpha4_coreot_full/transport/full_reference_control/pca30_k100/coreot_full/transport_manifest.yaml,nan,eedc40190be25ebd736a4fcd8d5ce0d020efed4ad900a7c4b67d0efc6ee2b23c,1032,False,retained per-fit or table-level convergence evidence source or auxiliary family-index input,retained experiment pipeline; indexed by generate_manuscript_convergence_audit.py
convergence_and_environment,runs/pbmc_ifnb_b_cells_stim_seed4_taumin0p5_taumax1_alpha4_coreot_full/transport/full_reference_control/pca30_k100/coreot_match_only/transport_manifest.yaml,nan,a4c1e6077c184f84b9d6517da5fb2683b255746501f2058b408064bca3ad74ea,1062,False,retained per-fit or table-level convergence evidence source or auxiliary family-index input,retained experiment pipeline; indexed by generate_manuscript_convergence_audit.py
convergence_and_environment,runs/pbmc_ifnb_b_cells_stim_seed4_taumin0p5_taumax1_alpha4_coreot_full/transport/full_reference_control/pca30_k100/uniform_uot/transport_manifest.yaml,nan,0ea16a92009f607afc3747949b24fb78f66ccaed3aa07a962de9b1fc41f0b5e1,1019,False,retained per-fit or table-level convergence evidence source or auxiliary family-index input,retained experiment pipeline; indexed by generate_manuscript_convergence_audit.py
convergence_and_environment,runs/pbmc_ifnb_b_cells_stim_seed4_taumin0p5_taumax1_alpha4_coreot_full/transport/incomplete_reference/pca30_k100/coreot_full/transport_manifest.yaml,nan,944529a9a2d3ff30b821176a4ca5bbfbb761f3098488560aa051b5ababed8ec5,1024,False,retained per-fit or table-level convergence evidence source or auxiliary family-index input,retained experiment pipeline; indexed by generate_manuscript_convergence_audit.py
convergence_and_environment,runs/pbmc_ifnb_b_cells_stim_seed4_taumin0p5_taumax1_alpha4_coreot_full/transport/incomplete_reference/pca30_k100/coreot_match_only/transport_manifest.yaml,nan,57edddf6bd1191b699494e8dab9bf94942fd4f17b38ad720e3e747ab4cd995fa,1054,False,retained per-fit or table-level convergence evidence source or auxiliary family-index input,retained experiment pipeline; indexed by generate_manuscript_convergence_audit.py
convergence_and_environment,runs/pbmc_ifnb_b_cells_stim_seed4_taumin0p5_taumax1_alpha4_coreot_full/transport/incomplete_reference/pca30_k100/uniform_uot/transport_manifest.yaml,nan,1efd6830457e8d260990ac930bbc87e2312b612b8e85a5792c8f97b709962848,1012,False,retained per-fit or table-level convergence evidence source or auxiliary family-index input,retained experiment pipeline; indexed by generate_manuscript_convergence_audit.py
convergence_and_environment,runs/pbmc_ifnb_b_cells_stim_seed5_taumin0p5_taumax1_alpha4_coreot_full/transport/full_reference_control/pca30_k100/coreot_full/transport_manifest.yaml,nan,31ad4b2e2bba7861f620112ee86dae65218e231e07b53886a804d562097be9b0,1023,False,retained per-fit or table-level convergence evidence source or auxiliary family-index input,retained experiment pipeline; indexed by generate_manuscript_convergence_audit.py
convergence_and_environment,runs/pbmc_ifnb_b_cells_stim_seed5_taumin0p5_taumax1_alpha4_coreot_full/transport/full_reference_control/pca30_k100/coreot_match_only/transport_manifest.yaml,nan,bbc4ae2ead638532ed1bf34a5bf272bcff7bab2bcdf6ea06e29b14a95af50ba3,1053,False,retained per-fit or table-level convergence evidence source or auxiliary family-index input,retained experiment pipeline; indexed by generate_manuscript_convergence_audit.py
convergence_and_environment,runs/pbmc_ifnb_b_cells_stim_seed5_taumin0p5_taumax1_alpha4_coreot_full/transport/full_reference_control/pca30_k100/uniform_uot/transport_manifest.yaml,nan,ae0357ea27c82fcb64e83d25baed1221df4360f85a035b594fe6a0cd91012e89,1020,False,retained per-fit or table-level convergence evidence source or auxiliary family-index input,retained experiment pipeline; indexed by generate_manuscript_convergence_audit.py
convergence_and_environment,runs/pbmc_ifnb_b_cells_stim_seed5_taumin0p5_taumax1_alpha4_coreot_full/transport/incomplete_reference/pca30_k100/coreot_full/transport_manifest.yaml,nan,313bd6d99dcb4e18c11f4eab710185f6d4881fe1de36523d39f2c233beb200e7,1014,False,retained per-fit or table-level convergence evidence source or auxiliary family-index input,retained experiment pipeline; indexed by generate_manuscript_convergence_audit.py
convergence_and_environment,runs/pbmc_ifnb_b_cells_stim_seed5_taumin0p5_taumax1_alpha4_coreot_full/transport/incomplete_reference/pca30_k100/coreot_match_only/transport_manifest.yaml,nan,d77d46fcfebf4fd8f9f18ccae2c3fe7c2a1be00268b780871bd16614fadef842,1045,False,retained per-fit or table-level convergence evidence source or auxiliary family-index input,retained experiment pipeline; indexed by generate_manuscript_convergence_audit.py
convergence_and_environment,runs/pbmc_ifnb_b_cells_stim_seed5_taumin0p5_taumax1_alpha4_coreot_full/transport/incomplete_reference/pca30_k100/uniform_uot/transport_manifest.yaml,nan,eb4e1a819072131547c05c42e097db1e9469b171fae778a4714b9612f215be08,1012,False,retained per-fit or table-level convergence evidence source or auxiliary family-index input,retained experiment pipeline; indexed by generate_manuscript_convergence_audit.py
convergence_and_environment,runs/pbmc_ifnb_dendritic_cells_stim_seed1_taumin0p75_taumax1_alpha3_coreot_full/transport/full_reference_control/pca30_k100/coreot_full/transport_manifest.yaml,nan,1a52886c42d63f0bf29787e88d605fe3c80abc766d007756e64af7d1a3d8397b,1060,False,retained per-fit or table-level convergence evidence source or auxiliary family-index input,retained experiment pipeline; indexed by generate_manuscript_convergence_audit.py
convergence_and_environment,runs/pbmc_ifnb_dendritic_cells_stim_seed1_taumin0p75_taumax1_alpha3_coreot_full/transport/full_reference_control/pca30_k100/coreot_match_only/transport_manifest.yaml,nan,84632085b9ebe99da3f3b9ccbf51bd72351470e3d0448a1db90d6179b4431cef,1090,False,retained per-fit or table-level convergence evidence source or auxiliary family-index input,retained experiment pipeline; indexed by generate_manuscript_convergence_audit.py
convergence_and_environment,runs/pbmc_ifnb_dendritic_cells_stim_seed1_taumin0p75_taumax1_alpha3_coreot_full/transport/full_reference_control/pca30_k100/uniform_uot/transport_manifest.yaml,nan,3ef2b41d5a4e7d0892908c745dc2b75a0934904a8eb027799abf56bfa47c5ffe,1055,False,retained per-fit or table-level convergence evidence source or auxiliary family-index input,retained experiment pipeline; indexed by generate_manuscript_convergence_audit.py
convergence_and_environment,runs/pbmc_ifnb_dendritic_cells_stim_seed1_taumin0p75_taumax1_alpha3_coreot_full/transport/incomplete_reference/pca30_k100/coreot_full/transport_manifest.yaml,nan,ebec0bd3e0e16c9a02dfacb7ee2ba9d3b662bd686fa0b049f894962969f66cf1,1051,False,retained per-fit or table-level convergence evidence source or auxiliary family-index input,retained experiment pipeline; indexed by generate_manuscript_convergence_audit.py
convergence_and_environment,runs/pbmc_ifnb_dendritic_cells_stim_seed1_taumin0p75_taumax1_alpha3_coreot_full/transport/incomplete_reference/pca30_k100/coreot_match_only/transport_manifest.yaml,nan,ae729e0c7565338521899fd1747431c059728da5f614b9031faf49fc25ddf293,1082,False,retained per-fit or table-level convergence evidence source or auxiliary family-index input,retained experiment pipeline; indexed by generate_manuscript_convergence_audit.py
convergence_and_environment,runs/pbmc_ifnb_dendritic_cells_stim_seed1_taumin0p75_taumax1_alpha3_coreot_full/transport/incomplete_reference/pca30_k100/uniform_uot/transport_manifest.yaml,nan,8dbf22cc8d504b75a2aec85badf15bf446a53aad9b67720079e089a789297237,1048,False,retained per-fit or table-level convergence evidence source or auxiliary family-index input,retained experiment pipeline; indexed by generate_manuscript_convergence_audit.py
convergence_and_environment,runs/pbmc_ifnb_dendritic_cells_stim_seed2_taumin0p75_taumax1_alpha3_coreot_full/transport/full_reference_control/pca30_k100/coreot_full/transport_manifest.yaml,nan,d07c7460f82b354e91ee08f6538edc2ec4e2665691ed5e8140ce1bd30df3cc8b,1059,False,retained per-fit or table-level convergence evidence source or auxiliary family-index input,retained experiment pipeline; indexed by generate_manuscript_convergence_audit.py
convergence_and_environment,runs/pbmc_ifnb_dendritic_cells_stim_seed2_taumin0p75_taumax1_alpha3_coreot_full/transport/full_reference_control/pca30_k100/coreot_match_only/transport_manifest.yaml,nan,a3664bb13826a0975455e2cd74e7f717841fc6d291b10e746dfd34582dd5defd,1089,False,retained per-fit or table-level convergence evidence source or auxiliary family-index input,retained experiment pipeline; indexed by generate_manuscript_convergence_audit.py
convergence_and_environment,runs/pbmc_ifnb_dendritic_cells_stim_seed2_taumin0p75_taumax1_alpha3_coreot_full/transport/full_reference_control/pca30_k100/uniform_uot/transport_manifest.yaml,nan,3b913291198c60c84a55b9a9a90af148ef7c15b84262c81dc7d9da6135fa70e2,1056,False,retained per-fit or table-level convergence evidence source or auxiliary family-index input,retained experiment pipeline; indexed by generate_manuscript_convergence_audit.py
convergence_and_environment,runs/pbmc_ifnb_dendritic_cells_stim_seed2_taumin0p75_taumax1_alpha3_coreot_full/transport/incomplete_reference/pca30_k100/coreot_full/transport_manifest.yaml,nan,195edd3e1600f65e691cab82b6f00f10ad54f3d65196fa6a2e92b401cd8520d3,1051,False,retained per-fit or table-level convergence evidence source or auxiliary family-index input,retained experiment pipeline; indexed by generate_manuscript_convergence_audit.py
convergence_and_environment,runs/pbmc_ifnb_dendritic_cells_stim_seed2_taumin0p75_taumax1_alpha3_coreot_full/transport/incomplete_reference/pca30_k100/coreot_match_only/transport_manifest.yaml,nan,72ce87a09acdc6850745056d58a21a6d713c6763f396d46626cfe7109fb51689,1081,False,retained per-fit or table-level convergence evidence source or auxiliary family-index input,retained experiment pipeline; indexed by generate_manuscript_convergence_audit.py
convergence_and_environment,runs/pbmc_ifnb_dendritic_cells_stim_seed2_taumin0p75_taumax1_alpha3_coreot_full/transport/incomplete_reference/pca30_k100/uniform_uot/transport_manifest.yaml,nan,8b9099a918268e7b8b8862e487ad94115d7b85135d154d8774eaa3438f822980,1048,False,retained per-fit or table-level convergence evidence source or auxiliary family-index input,retained experiment pipeline; indexed by generate_manuscript_convergence_audit.py
convergence_and_environment,runs/pbmc_ifnb_dendritic_cells_stim_seed3_taumin0p75_taumax1_alpha3_coreot_full/transport/full_reference_control/pca30_k100/coreot_full/transport_manifest.yaml,nan,1d4d330223541f355ae3a9a44b2326baf63e4d510871585d23485e923df5791a,1058,False,retained per-fit or table-level convergence evidence source or auxiliary family-index input,retained experiment pipeline; indexed by generate_manuscript_convergence_audit.py
convergence_and_environment,runs/pbmc_ifnb_dendritic_cells_stim_seed3_taumin0p75_taumax1_alpha3_coreot_full/transport/full_reference_control/pca30_k100/coreot_match_only/transport_manifest.yaml,nan,69c2c59cd38353835f5464fe50cf53c8153543607e9c3ec4d48c60ae5499252c,1090,False,retained per-fit or table-level convergence evidence source or auxiliary family-index input,retained experiment pipeline; indexed by generate_manuscript_convergence_audit.py
convergence_and_environment,runs/pbmc_ifnb_dendritic_cells_stim_seed3_taumin0p75_taumax1_alpha3_coreot_full/transport/full_reference_control/pca30_k100/uniform_uot/transport_manifest.yaml,nan,092d118317120fb191fd860c4256ae7334a14347ec41ce13c56af854338ce338,1056,False,retained per-fit or table-level convergence evidence source or auxiliary family-index input,retained experiment pipeline; indexed by generate_manuscript_convergence_audit.py
convergence_and_environment,runs/pbmc_ifnb_dendritic_cells_stim_seed3_taumin0p75_taumax1_alpha3_coreot_full/transport/incomplete_reference/pca30_k100/coreot_full/transport_manifest.yaml,nan,02d6bea0f4549c7a67837949838e8f356730e1a7a75dd8ecbb523cb41580c64b,1052,False,retained per-fit or table-level convergence evidence source or auxiliary family-index input,retained experiment pipeline; indexed by generate_manuscript_convergence_audit.py
convergence_and_environment,runs/pbmc_ifnb_dendritic_cells_stim_seed3_taumin0p75_taumax1_alpha3_coreot_full/transport/incomplete_reference/pca30_k100/coreot_match_only/transport_manifest.yaml,nan,634392ab2ae01936e75e74575ce2c1a0b819a458ea975e8458d8bc50f574749a,1082,False,retained per-fit or table-level convergence evidence source or auxiliary family-index input,retained experiment pipeline; indexed by generate_manuscript_convergence_audit.py
convergence_and_environment,runs/pbmc_ifnb_dendritic_cells_stim_seed3_taumin0p75_taumax1_alpha3_coreot_full/transport/incomplete_reference/pca30_k100/uniform_uot/transport_manifest.yaml,nan,b187143918c00b042479fef2d58e7c49b4d04909c567fb0cdeb33e29f523daf4,1048,False,retained per-fit or table-level convergence evidence source or auxiliary family-index input,retained experiment pipeline; indexed by generate_manuscript_convergence_audit.py
convergence_and_environment,runs/pbmc_ifnb_dendritic_cells_stim_seed4_taumin0p75_taumax1_alpha3_coreot_full/transport/full_reference_control/pca30_k100/coreot_full/transport_manifest.yaml,nan,e9bd7723631db348d1a3ef72d6b3feb3f0bd6d3cbf05f97733c2e004a3a68807,1060,False,retained per-fit or table-level convergence evidence source or auxiliary family-index input,retained experiment pipeline; indexed by generate_manuscript_convergence_audit.py
convergence_and_environment,runs/pbmc_ifnb_dendritic_cells_stim_seed4_taumin0p75_taumax1_alpha3_coreot_full/transport/full_reference_control/pca30_k100/coreot_match_only/transport_manifest.yaml,nan,18092812e3bb416906b98b1087b6a4312187bc713f47e9d4bc29f9134b9c2c41,1090,False,retained per-fit or table-level convergence evidence source or auxiliary family-index input,retained experiment pipeline; indexed by generate_manuscript_convergence_audit.py
convergence_and_environment,runs/pbmc_ifnb_dendritic_cells_stim_seed4_taumin0p75_taumax1_alpha3_coreot_full/transport/full_reference_control/pca30_k100/uniform_uot/transport_manifest.yaml,nan,afe06f0a3400f9246abe1a707860a3056a4cf84d0893999dd14bd8019b4f3a11,1055,False,retained per-fit or table-level convergence evidence source or auxiliary family-index input,retained experiment pipeline; indexed by generate_manuscript_convergence_audit.py
convergence_and_environment,runs/pbmc_ifnb_dendritic_cells_stim_seed4_taumin0p75_taumax1_alpha3_coreot_full/transport/incomplete_reference/pca30_k100/coreot_full/transport_manifest.yaml,nan,e80bece5b847c41c18cd2c129f729a4325c72a0cd601bda0e1fc29173d43ba5c,1052,False,retained per-fit or table-level convergence evidence source or auxiliary family-index input,retained experiment pipeline; indexed by generate_manuscript_convergence_audit.py
convergence_and_environment,runs/pbmc_ifnb_dendritic_cells_stim_seed4_taumin0p75_taumax1_alpha3_coreot_full/transport/incomplete_reference/pca30_k100/coreot_match_only/transport_manifest.yaml,nan,736227ecca074586609d465adc28cbcdd41c68847b488d8c84762bea0f383f6c,1082,False,retained per-fit or table-level convergence evidence source or auxiliary family-index input,retained experiment pipeline; indexed by generate_manuscript_convergence_audit.py
convergence_and_environment,runs/pbmc_ifnb_dendritic_cells_stim_seed4_taumin0p75_taumax1_alpha3_coreot_full/transport/incomplete_reference/pca30_k100/uniform_uot/transport_manifest.yaml,nan,d783b8f26e3515d2e8f745375c47c2b7de54a3e6e6b36538fef2a35afb435757,1048,False,retained per-fit or table-level convergence evidence source or auxiliary family-index input,retained experiment pipeline; indexed by generate_manuscript_convergence_audit.py
convergence_and_environment,runs/pbmc_ifnb_dendritic_cells_stim_seed5_taumin0p75_taumax1_alpha3_coreot_full/transport/full_reference_control/pca30_k100/coreot_full/transport_manifest.yaml,nan,891e2ddaa523840b5d7378998d52d452fa5d69e3809c8024f353064be4d3748c,1059,False,retained per-fit or table-level convergence evidence source or auxiliary family-index input,retained experiment pipeline; indexed by generate_manuscript_convergence_audit.py
convergence_and_environment,runs/pbmc_ifnb_dendritic_cells_stim_seed5_taumin0p75_taumax1_alpha3_coreot_full/transport/full_reference_control/pca30_k100/coreot_match_only/transport_manifest.yaml,nan,cd0c2fa38884bffec3ddcf3defb4f0720939e1c3d11dc423e76b72f98f98db10,1089,False,retained per-fit or table-level convergence evidence source or auxiliary family-index input,retained experiment pipeline; indexed by generate_manuscript_convergence_audit.py
convergence_and_environment,runs/pbmc_ifnb_dendritic_cells_stim_seed5_taumin0p75_taumax1_alpha3_coreot_full/transport/full_reference_control/pca30_k100/uniform_uot/transport_manifest.yaml,nan,ce2a8f9c99b298a9dc8851262fa59485aca7599fdb46f2696e41650cb871c87b,1056,False,retained per-fit or table-level convergence evidence source or auxiliary family-index input,retained experiment pipeline; indexed by generate_manuscript_convergence_audit.py
convergence_and_environment,runs/pbmc_ifnb_dendritic_cells_stim_seed5_taumin0p75_taumax1_alpha3_coreot_full/transport/incomplete_reference/pca30_k100/coreot_full/transport_manifest.yaml,nan,608f6bcae0178929f80e80cfc86394ab084659cb7952acb7fbf3ba8351766b09,1051,False,retained per-fit or table-level convergence evidence source or auxiliary family-index input,retained experiment pipeline; indexed by generate_manuscript_convergence_audit.py
convergence_and_environment,runs/pbmc_ifnb_dendritic_cells_stim_seed5_taumin0p75_taumax1_alpha3_coreot_full/transport/incomplete_reference/pca30_k100/coreot_match_only/transport_manifest.yaml,nan,e268b73ab60f8950f8a22478ef6b739f1131ab40202e69ef04fafd020d6f5b85,1081,False,retained per-fit or table-level convergence evidence source or auxiliary family-index input,retained experiment pipeline; indexed by generate_manuscript_convergence_audit.py
convergence_and_environment,runs/pbmc_ifnb_dendritic_cells_stim_seed5_taumin0p75_taumax1_alpha3_coreot_full/transport/incomplete_reference/pca30_k100/uniform_uot/transport_manifest.yaml,nan,b02d62ef93f553f0785d60044e1e28423e9b533209223d7dc26f4dd1f8aedb9c,1048,False,retained per-fit or table-level convergence evidence source or auxiliary family-index input,retained experiment pipeline; indexed by generate_manuscript_convergence_audit.py
convergence_and_environment,runs/pbmc_ifnb_nk_cells_stim_seed1_taumin0p5_taumax1_alpha2_coreot_full/transport/full_reference_control/pca30_k100/coreot_full/transport_manifest.yaml,nan,54918d5bdd5e3fb35c1d63402bf5bf3cfec35fa8136d18546d4cf99a8c8e5aaa,1027,False,retained per-fit or table-level convergence evidence source or auxiliary family-index input,retained experiment pipeline; indexed by generate_manuscript_convergence_audit.py
convergence_and_environment,runs/pbmc_ifnb_nk_cells_stim_seed1_taumin0p5_taumax1_alpha2_coreot_full/transport/full_reference_control/pca30_k100/coreot_match_only/transport_manifest.yaml,nan,24417831912129baf7fb5e382cb5cd080114b3c015c768bd3d3892276b13dfa8,1055,False,retained per-fit or table-level convergence evidence source or auxiliary family-index input,retained experiment pipeline; indexed by generate_manuscript_convergence_audit.py
convergence_and_environment,runs/pbmc_ifnb_nk_cells_stim_seed1_taumin0p5_taumax1_alpha2_coreot_full/transport/full_reference_control/pca30_k100/uniform_uot/transport_manifest.yaml,nan,6b84ce684a0a26c86ce720ff08392c2c3d335b530853fbce6bc96ca959c75b11,1023,False,retained per-fit or table-level convergence evidence source or auxiliary family-index input,retained experiment pipeline; indexed by generate_manuscript_convergence_audit.py
convergence_and_environment,runs/pbmc_ifnb_nk_cells_stim_seed1_taumin0p5_taumax1_alpha2_coreot_full/transport/incomplete_reference/pca30_k100/coreot_full/transport_manifest.yaml,nan,b00643b39397d6983a664ac1415f0b0ee17c3e32c71648b3354d313a91d2e1f4,1019,False,retained per-fit or table-level convergence evidence source or auxiliary family-index input,retained experiment pipeline; indexed by generate_manuscript_convergence_audit.py
convergence_and_environment,runs/pbmc_ifnb_nk_cells_stim_seed1_taumin0p5_taumax1_alpha2_coreot_full/transport/incomplete_reference/pca30_k100/coreot_match_only/transport_manifest.yaml,nan,d1b51e6b3c463851d07fd6a645cb8f34744c0beab227172f97d76671fd40ee5f,1049,False,retained per-fit or table-level convergence evidence source or auxiliary family-index input,retained experiment pipeline; indexed by generate_manuscript_convergence_audit.py
convergence_and_environment,runs/pbmc_ifnb_nk_cells_stim_seed1_taumin0p5_taumax1_alpha2_coreot_full/transport/incomplete_reference/pca30_k100/uniform_uot/transport_manifest.yaml,nan,f747d1d3aab05c93f72bdcfdf0fd12d5b591e7d6bf9564aa947cf167ea786b4a,1016,False,retained per-fit or table-level convergence evidence source or auxiliary family-index input,retained experiment pipeline; indexed by generate_manuscript_convergence_audit.py
convergence_and_environment,runs/pbmc_ifnb_nk_cells_stim_seed2_taumin0p5_taumax1_alpha2_coreot_full/transport/full_reference_control/pca30_k100/coreot_full/transport_manifest.yaml,nan,7133c37bcd005aca11cb223b3fc8b763e7a672303708ed316ad0b158437670d4,1027,False,retained per-fit or table-level convergence evidence source or auxiliary family-index input,retained experiment pipeline; indexed by generate_manuscript_convergence_audit.py
convergence_and_environment,runs/pbmc_ifnb_nk_cells_stim_seed2_taumin0p5_taumax1_alpha2_coreot_full/transport/full_reference_control/pca30_k100/coreot_match_only/transport_manifest.yaml,nan,de8b8fe52994da9a23053446884bbf29084a134a18c175f43cc921178d9dc710,1057,False,retained per-fit or table-level convergence evidence source or auxiliary family-index input,retained experiment pipeline; indexed by generate_manuscript_convergence_audit.py
convergence_and_environment,runs/pbmc_ifnb_nk_cells_stim_seed2_taumin0p5_taumax1_alpha2_coreot_full/transport/full_reference_control/pca30_k100/uniform_uot/transport_manifest.yaml,nan,41be87330c673cc824cb1913d8422641c8e8eb2c810ce05d66d76e1812063c9b,1024,False,retained per-fit or table-level convergence evidence source or auxiliary family-index input,retained experiment pipeline; indexed by generate_manuscript_convergence_audit.py
convergence_and_environment,runs/pbmc_ifnb_nk_cells_stim_seed2_taumin0p5_taumax1_alpha2_coreot_full/transport/incomplete_reference/pca30_k100/coreot_full/transport_manifest.yaml,nan,eb9e4b0cbed00437998d47c7cdf95402da700ffaaefd3c5fec1468f4019e8cf7,1019,False,retained per-fit or table-level convergence evidence source or auxiliary family-index input,retained experiment pipeline; indexed by generate_manuscript_convergence_audit.py
convergence_and_environment,runs/pbmc_ifnb_nk_cells_stim_seed2_taumin0p5_taumax1_alpha2_coreot_full/transport/incomplete_reference/pca30_k100/coreot_match_only/transport_manifest.yaml,nan,2ff0884f28f86239d07f58d8bf130694049f126d3b0d68be364adf1d64d34213,1049,False,retained per-fit or table-level convergence evidence source or auxiliary family-index input,retained experiment pipeline; indexed by generate_manuscript_convergence_audit.py
convergence_and_environment,runs/pbmc_ifnb_nk_cells_stim_seed2_taumin0p5_taumax1_alpha2_coreot_full/transport/incomplete_reference/pca30_k100/uniform_uot/transport_manifest.yaml,nan,828beffddade0d78749fb65749460a8e5baf1a0588bfa4032b3a0f2152e63c3a,1016,False,retained per-fit or table-level convergence evidence source or auxiliary family-index input,retained experiment pipeline; indexed by generate_manuscript_convergence_audit.py
convergence_and_environment,runs/pbmc_ifnb_nk_cells_stim_seed3_taumin0p5_taumax1_alpha2_coreot_full/transport/full_reference_control/pca30_k100/coreot_full/transport_manifest.yaml,nan,a0d92dfec4a700d3eca8cfa8a6f9aded8737809c77468e42baa84ffe264e75c0,1027,False,retained per-fit or table-level convergence evidence source or auxiliary family-index input,retained experiment pipeline; indexed by generate_manuscript_convergence_audit.py
convergence_and_environment,runs/pbmc_ifnb_nk_cells_stim_seed3_taumin0p5_taumax1_alpha2_coreot_full/transport/full_reference_control/pca30_k100/coreot_match_only/transport_manifest.yaml,nan,bdb149804b1d90448137d8c6535e5443a784de25c1fc5022bce1e5b8f63abd08,1057,False,retained per-fit or table-level convergence evidence source or auxiliary family-index input,retained experiment pipeline; indexed by generate_manuscript_convergence_audit.py
convergence_and_environment,runs/pbmc_ifnb_nk_cells_stim_seed3_taumin0p5_taumax1_alpha2_coreot_full/transport/full_reference_control/pca30_k100/uniform_uot/transport_manifest.yaml,nan,8b235fb9dfdbc83092bfbd61ee88d1be25033e5e7d7efd86ba68d914b4443634,1024,False,retained per-fit or table-level convergence evidence source or auxiliary family-index input,retained experiment pipeline; indexed by generate_manuscript_convergence_audit.py
convergence_and_environment,runs/pbmc_ifnb_nk_cells_stim_seed3_taumin0p5_taumax1_alpha2_coreot_full/transport/incomplete_reference/pca30_k100/coreot_full/transport_manifest.yaml,nan,f28befa96be7e18e3cc276152dd390ba8d1c7f2a81c3a6e0ca5fedbc54f34c03,1019,False,retained per-fit or table-level convergence evidence source or auxiliary family-index input,retained experiment pipeline; indexed by generate_manuscript_convergence_audit.py
convergence_and_environment,runs/pbmc_ifnb_nk_cells_stim_seed3_taumin0p5_taumax1_alpha2_coreot_full/transport/incomplete_reference/pca30_k100/coreot_match_only/transport_manifest.yaml,nan,8eab105d9c213e1c2beb2be964672eb5381a3eafeb84e4dba8dafcf3b6ee660a,1049,False,retained per-fit or table-level convergence evidence source or auxiliary family-index input,retained experiment pipeline; indexed by generate_manuscript_convergence_audit.py
convergence_and_environment,runs/pbmc_ifnb_nk_cells_stim_seed3_taumin0p5_taumax1_alpha2_coreot_full/transport/incomplete_reference/pca30_k100/uniform_uot/transport_manifest.yaml,nan,0cfaac37f107a4cacd2d70051659b82ca32a8d9866d096dd3c2730281e5c51cc,1015,False,retained per-fit or table-level convergence evidence source or auxiliary family-index input,retained experiment pipeline; indexed by generate_manuscript_convergence_audit.py
convergence_and_environment,runs/pbmc_ifnb_nk_cells_stim_seed4_taumin0p5_taumax1_alpha2_coreot_full/transport/full_reference_control/pca30_k100/coreot_full/transport_manifest.yaml,nan,52f9432a0081d2b12c19715290a6b9a09a4e9407352784e6a7910ff3d339bcf6,1035,False,retained per-fit or table-level convergence evidence source or auxiliary family-index input,retained experiment pipeline; indexed by generate_manuscript_convergence_audit.py
convergence_and_environment,runs/pbmc_ifnb_nk_cells_stim_seed4_taumin0p5_taumax1_alpha2_coreot_full/transport/full_reference_control/pca30_k100/coreot_match_only/transport_manifest.yaml,nan,1c15bf7efbf1c01efd430ac215672c2059cbffe9bac57fe530cb097ebb544dfd,1066,False,retained per-fit or table-level convergence evidence source or auxiliary family-index input,retained experiment pipeline; indexed by generate_manuscript_convergence_audit.py
convergence_and_environment,runs/pbmc_ifnb_nk_cells_stim_seed4_taumin0p5_taumax1_alpha2_coreot_full/transport/full_reference_control/pca30_k100/uniform_uot/transport_manifest.yaml,nan,d4992809be223fb6b3efeca39a88ac330af42dbb7cfae477790e5cb807a96f31,1023,False,retained per-fit or table-level convergence evidence source or auxiliary family-index input,retained experiment pipeline; indexed by generate_manuscript_convergence_audit.py
convergence_and_environment,runs/pbmc_ifnb_nk_cells_stim_seed4_taumin0p5_taumax1_alpha2_coreot_full/transport/incomplete_reference/pca30_k100/coreot_full/transport_manifest.yaml,nan,e52cb6682bf367d0ab57915aa8c200a8caf804cc48cbfa2dd37f05ff9478e585,1028,False,retained per-fit or table-level convergence evidence source or auxiliary family-index input,retained experiment pipeline; indexed by generate_manuscript_convergence_audit.py
convergence_and_environment,runs/pbmc_ifnb_nk_cells_stim_seed4_taumin0p5_taumax1_alpha2_coreot_full/transport/incomplete_reference/pca30_k100/coreot_match_only/transport_manifest.yaml,nan,c2b0874b81cc8a094e205c6e2bfdc8b3df1f8f94c2cb229c9a7f63b944c7e37b,1058,False,retained per-fit or table-level convergence evidence source or auxiliary family-index input,retained experiment pipeline; indexed by generate_manuscript_convergence_audit.py
convergence_and_environment,runs/pbmc_ifnb_nk_cells_stim_seed4_taumin0p5_taumax1_alpha2_coreot_full/transport/incomplete_reference/pca30_k100/uniform_uot/transport_manifest.yaml,nan,8834acf8a3d77894cf88e8dafaecbe72d4f62725bbad789c336a5b7f78de476b,1016,False,retained per-fit or table-level convergence evidence source or auxiliary family-index input,retained experiment pipeline; indexed by generate_manuscript_convergence_audit.py
convergence_and_environment,runs/pbmc_ifnb_nk_cells_stim_seed5_taumin0p5_taumax1_alpha2_coreot_full/transport/full_reference_control/pca30_k100/coreot_full/transport_manifest.yaml,nan,da4448e6ad80a71dd58d1c13f6bbc57325b07fec6c20d4a0c786d405fb79a4c8,1036,False,retained per-fit or table-level convergence evidence source or auxiliary family-index input,retained experiment pipeline; indexed by generate_manuscript_convergence_audit.py
convergence_and_environment,runs/pbmc_ifnb_nk_cells_stim_seed5_taumin0p5_taumax1_alpha2_coreot_full/transport/full_reference_control/pca30_k100/coreot_match_only/transport_manifest.yaml,nan,d6efa7ed6f4f1c0e8f161d990ee11d2d13c774b0e98fdbd960bcaa73681a4791,1066,False,retained per-fit or table-level convergence evidence source or auxiliary family-index input,retained experiment pipeline; indexed by generate_manuscript_convergence_audit.py
convergence_and_environment,runs/pbmc_ifnb_nk_cells_stim_seed5_taumin0p5_taumax1_alpha2_coreot_full/transport/full_reference_control/pca30_k100/uniform_uot/transport_manifest.yaml,nan,b690362ff2a0367eda657c78190b0e0ae9ea1e1de131f5a091c7ec8c63966492,1024,False,retained per-fit or table-level convergence evidence source or auxiliary family-index input,retained experiment pipeline; indexed by generate_manuscript_convergence_audit.py
convergence_and_environment,runs/pbmc_ifnb_nk_cells_stim_seed5_taumin0p5_taumax1_alpha2_coreot_full/transport/incomplete_reference/pca30_k100/coreot_full/transport_manifest.yaml,nan,9a19863ea3f19be05deea3b376b4b7fe7af8ed0c23bbc9e48bb4ce9d42fc1eb9,1028,False,retained per-fit or table-level convergence evidence source or auxiliary family-index input,retained experiment pipeline; indexed by generate_manuscript_convergence_audit.py
convergence_and_environment,runs/pbmc_ifnb_nk_cells_stim_seed5_taumin0p5_taumax1_alpha2_coreot_full/transport/incomplete_reference/pca30_k100/coreot_match_only/transport_manifest.yaml,nan,65cad6aca70e9b05ab41a6d923d9cd3c0c3e937211d56018596c736a2dfd839b,1058,False,retained per-fit or table-level convergence evidence source or auxiliary family-index input,retained experiment pipeline; indexed by generate_manuscript_convergence_audit.py
convergence_and_environment,runs/pbmc_ifnb_nk_cells_stim_seed5_taumin0p5_taumax1_alpha2_coreot_full/transport/incomplete_reference/pca30_k100/uniform_uot/transport_manifest.yaml,nan,2af020c534151425a9a0eb7924ee50cab961dbad87c7206066e5e8c5fe02defe,1016,False,retained per-fit or table-level convergence evidence source or auxiliary family-index input,retained experiment pipeline; indexed by generate_manuscript_convergence_audit.py
convergence_and_environment,data/models/celltypist/ref_pbmc_clean_celltypist_model_AIFI_L2_2024-04-19.pkl,Allen Institute Human Immune Health Atlas model download,1f5d49bb85bf1fdff4936a6b250a4a24362ec5b58472a73d891f77f706e0eb10,289069,False,external trained model used to prepare the retained HIHA reliability score,external model; consumed by scripts/recompute_aifi_l2_score.py
